{"level":30,"time":1791015240021,"pid":1,"hostname":"web-8","port":3000,"msg":"server listening"}
{"level":30,"time":1791015243412,"pid":1,"hostname":"web-8","reqId":"p-01","req":{"method":"GET","url":"/api/products"},"res":{"statusCode":200},"responseTime":12,"msg":"request completed"}
{"level":30,"time":1791015259775,"pid":1,"hostname":"web-8","reqId":"p-02","req":{"method":"POST","url":"/api/cart/items"},"res":{"statusCode":201},"responseTime":31,"msg":"request completed"}
{"level":30,"time":1791015302918,"pid":1,"hostname":"web-8","reqId":"p-03","req":{"method":"GET","url":"/api/search?q=shoes"},"res":{"statusCode":200},"responseTime":88,"msg":"request completed"}
{"level":40,"time":1791015326140,"pid":1,"hostname":"web-8","upstream":"payments","elapsedMs":2314,"msg":"slow upstream"}
{"level":30,"time":1791015372201,"pid":1,"hostname":"web-8","reqId":"p-04","req":{"method":"POST","url":"/api/orders"},"res":{"statusCode":201},"responseTime":240,"msg":"request completed"}
{"level":50,"time":1791015409550,"pid":1,"hostname":"web-8","reqId":"p-05","err":{"type":"Error","message":"connect ETIMEDOUT 10.0.3.5:8080","stack":"Error: connect ETIMEDOUT 10.0.3.5:8080\n    at TCPConnectWrap.afterConnect [as oncomplete] (node:net:1555:16)"},"msg":"upstream request failed"}
{"level":50,"time":1791015410003,"pid":1,"hostname":"web-8","reqId":"p-06","req":{"method":"GET","url":"/api/products"},"res":{"statusCode":504},"responseTime":30001,"msg":"request completed"}
{"level":40,"time":1791015415730,"pid":1,"hostname":"web-8","upstream":"shop-api","failures":10,"msg":"circuit breaker open"}
{"level":50,"time":1791015425220,"pid":1,"hostname":"web-8","reqId":"p-07","err":{"type":"Error","message":"connect ECONNREFUSED 10.0.3.5:8080","code":"ECONNREFUSED"},"msg":"upstream request failed"}
{"level":30,"time":1791015441900,"pid":1,"hostname":"web-8","upstream":"shop-api","msg":"circuit breaker half-open"}
{"level":30,"time":1791015446002,"pid":1,"hostname":"web-8","upstream":"shop-api","msg":"circuit breaker closed"}
{"level":30,"time":1791057381170,"pid":1,"hostname":"web-8","reqId":"p-4bfb","req":{"method":"GET","url":"/api/cart"},"res":{"statusCode":200},"responseTime":86,"msg":"request completed"}
{"level":50,"time":1791057382270,"pid":1,"hostname":"web-8","reqId":"p-55cb","err":{"type":"Error","message":"connect ETIMEDOUT 10.0.3.5:8080","stack":"Error: connect ETIMEDOUT 10.0.3.5:8080\n    at TCPConnectWrap.afterConnect [as oncomplete] (node:net:1555:16)"},"msg":"upstream request failed"}
{"level":30,"time":1791057384043,"pid":1,"hostname":"web-8","reqId":"p-0e27","req":{"method":"POST","url":"/api/products"},"res":{"statusCode":200},"responseTime":74,"msg":"request completed"}
{"level":50,"time":1791057384133,"pid":1,"hostname":"web-8","reqId":"p-2079","err":{"type":"Error","message":"connect ETIMEDOUT 10.0.3.5:8080","stack":"Error: connect ETIMEDOUT 10.0.3.5:8080\n    at TCPConnectWrap.afterConnect [as oncomplete] (node:net:1555:16)"},"msg":"upstream request failed"}
{"level":30,"time":1791057384166,"pid":1,"hostname":"web-8","reqId":"p-4a8b","req":{"method":"GET","url":"/api/products"},"res":{"statusCode":200},"responseTime":23,"msg":"request completed"}
{"level":30,"time":1791057384181,"pid":1,"hostname":"web-8","reqId":"p-5ffd","req":{"method":"GET","url":"/api/cart"},"res":{"statusCode":200},"responseTime":31,"msg":"request completed"}
{"level":30,"time":1791057385353,"pid":1,"hostname":"web-8","reqId":"p-19f6","req":{"method":"POST","url":"/api/products"},"res":{"statusCode":200},"responseTime":14,"msg":"request completed"}
{"level":30,"time":1791057386157,"pid":1,"hostname":"web-8","reqId":"p-2f31","req":{"method":"GET","url":"/api/products"},"res":{"statusCode":200},"responseTime":83,"msg":"request completed"}
{"level":40,"time":1791057387149,"pid":1,"hostname":"web-8","upstream":"payments","elapsedMs":3897,"msg":"slow upstream"}
{"level":30,"time":1791057392081,"pid":1,"hostname":"web-8","reqId":"p-6b95","req":{"method":"GET","url":"/api/products"},"res":{"statusCode":200},"responseTime":20,"msg":"request completed"}
{"level":30,"time":1791057397242,"pid":1,"hostname":"web-8","reqId":"p-21e7","req":{"method":"GET","url":"/api/orders"},"res":{"statusCode":200},"responseTime":33,"msg":"request completed"}
{"level":50,"time":1791057400159,"pid":1,"hostname":"web-8","reqId":"p-6e20","err":{"type":"Error","message":"connect ETIMEDOUT 10.0.3.5:8080","stack":"Error: connect ETIMEDOUT 10.0.3.5:8080\n    at TCPConnectWrap.afterConnect [as oncomplete] (node:net:1555:16)"},"msg":"upstream request failed"}
{"level":30,"time":1791057402205,"pid":1,"hostname":"web-8","reqId":"p-782a","req":{"method":"POST","url":"/api/cart"},"res":{"statusCode":200},"responseTime":65,"msg":"request completed"}
{"level":40,"time":1791057404235,"pid":1,"hostname":"web-8","upstream":"payments","elapsedMs":2289,"msg":"slow upstream"}
{"level":30,"time":1791057407173,"pid":1,"hostname":"web-8","reqId":"p-3dfd","req":{"method":"GET","url":"/api/cart"},"res":{"statusCode":200},"responseTime":27,"msg":"request completed"}
{"level":30,"time":1791057440048,"pid":1,"hostname":"web-8","reqId":"p-25c0","req":{"method":"GET","url":"/api/products"},"res":{"statusCode":200},"responseTime":24,"msg":"request completed"}
{"level":30,"time":1791057441094,"pid":1,"hostname":"web-8","reqId":"p-4048","req":{"method":"POST","url":"/api/orders"},"res":{"statusCode":200},"responseTime":80,"msg":"request completed"}
{"level":30,"time":1791057443269,"pid":1,"hostname":"web-8","reqId":"p-0000","req":{"method":"GET","url":"/api/products"},"res":{"statusCode":200},"responseTime":7,"msg":"request completed"}
{"level":30,"time":1791057444277,"pid":1,"hostname":"web-8","reqId":"p-41c3","req":{"method":"POST","url":"/api/products"},"res":{"statusCode":200},"responseTime":36,"msg":"request completed"}
{"level":30,"time":1791057445112,"pid":1,"hostname":"web-8","reqId":"p-7aae","req":{"method":"GET","url":"/api/products"},"res":{"statusCode":200},"responseTime":59,"msg":"request completed"}
{"level":30,"time":1791057445340,"pid":1,"hostname":"web-8","reqId":"p-0649","req":{"method":"GET","url":"/api/cart"},"res":{"statusCode":200},"responseTime":18,"msg":"request completed"}
{"level":30,"time":1791057446354,"pid":1,"hostname":"web-8","reqId":"p-4dfb","req":{"method":"GET","url":"/api/cart"},"res":{"statusCode":200},"responseTime":51,"msg":"request completed"}
{"level":30,"time":1791057448096,"pid":1,"hostname":"web-8","reqId":"p-355d","req":{"method":"GET","url":"/api/products"},"res":{"statusCode":200},"responseTime":39,"msg":"request completed"}
{"level":30,"time":1791057448372,"pid":1,"hostname":"web-8","reqId":"p-691c","req":{"method":"POST","url":"/api/products"},"res":{"statusCode":200},"responseTime":44,"msg":"request completed"}
{"level":30,"time":1791057448423,"pid":1,"hostname":"web-8","reqId":"p-1c46","req":{"method":"POST","url":"/api/orders"},"res":{"statusCode":200},"responseTime":79,"msg":"request completed"}
{"level":30,"time":1791057449335,"pid":1,"hostname":"web-8","reqId":"p-1710","req":{"method":"GET","url":"/api/cart"},"res":{"statusCode":200},"responseTime":66,"msg":"request completed"}
{"level":40,"time":1791057451184,"pid":1,"hostname":"web-8","upstream":"payments","elapsedMs":1768,"msg":"slow upstream"}
{"level":50,"time":1791057452152,"pid":1,"hostname":"web-8","reqId":"p-358b","err":{"type":"Error","message":"connect ETIMEDOUT 10.0.3.5:8080","stack":"Error: connect ETIMEDOUT 10.0.3.5:8080\n    at TCPConnectWrap.afterConnect [as oncomplete] (node:net:1555:16)"},"msg":"upstream request failed"}
{"level":30,"time":1791057455406,"pid":1,"hostname":"web-8","reqId":"p-6835","req":{"method":"GET","url":"/api/orders"},"res":{"statusCode":200},"responseTime":92,"msg":"request completed"}
{"level":30,"time":1791057460241,"pid":1,"hostname":"web-8","reqId":"p-2d2c","req":{"method":"GET","url":"/api/products"},"res":{"statusCode":200},"responseTime":12,"msg":"request completed"}
{"level":30,"time":1791057461158,"pid":1,"hostname":"web-8","reqId":"p-70fc","req":{"method":"POST","url":"/api/orders"},"res":{"statusCode":200},"responseTime":88,"msg":"request completed"}
{"level":30,"time":1791057461168,"pid":1,"hostname":"web-8","reqId":"p-5b6d","req":{"method":"POST","url":"/api/products"},"res":{"statusCode":200},"responseTime":20,"msg":"request completed"}
{"level":30,"time":1791057462224,"pid":1,"hostname":"web-8","reqId":"p-6a3c","req":{"method":"GET","url":"/api/orders"},"res":{"statusCode":200},"responseTime":13,"msg":"request completed"}
{"level":30,"time":1791057463266,"pid":1,"hostname":"web-8","reqId":"p-6e47","req":{"method":"POST","url":"/api/orders"},"res":{"statusCode":200},"responseTime":66,"msg":"request completed"}
{"level":40,"time":1791057464164,"pid":1,"hostname":"web-8","upstream":"payments","elapsedMs":3066,"msg":"slow upstream"}
{"level":40,"time":1791057464259,"pid":1,"hostname":"web-8","upstream":"payments","elapsedMs":3122,"msg":"slow upstream"}
{"level":30,"time":1791057466409,"pid":1,"hostname":"web-8","reqId":"p-0c35","req":{"method":"GET","url":"/api/cart"},"res":{"statusCode":200},"responseTime":56,"msg":"request completed"}
{"level":40,"time":1791057467457,"pid":1,"hostname":"web-8","upstream":"payments","elapsedMs":2738,"msg":"slow upstream"}
{"level":30,"time":1791057469212,"pid":1,"hostname":"web-8","reqId":"p-501d","req":{"method":"POST","url":"/api/orders"},"res":{"statusCode":200},"responseTime":81,"msg":"request completed"}
{"level":30,"time":1791057469344,"pid":1,"hostname":"web-8","reqId":"p-679d","req":{"method":"GET","url":"/api/products"},"res":{"statusCode":200},"responseTime":82,"msg":"request completed"}
{"level":30,"time":1791057472275,"pid":1,"hostname":"web-8","reqId":"p-27ff","req":{"method":"GET","url":"/api/cart"},"res":{"statusCode":200},"responseTime":13,"msg":"request completed"}
{"level":30,"time":1791057473008,"pid":1,"hostname":"web-8","reqId":"p-7444","req":{"method":"GET","url":"/api/orders"},"res":{"statusCode":200},"responseTime":84,"msg":"request completed"}
{"level":30,"time":1791057477242,"pid":1,"hostname":"web-8","reqId":"p-3247","req":{"method":"GET","url":"/api/orders"},"res":{"statusCode":200},"responseTime":62,"msg":"request completed"}
{"level":30,"time":1791057478010,"pid":1,"hostname":"web-8","reqId":"p-6f16","req":{"method":"GET","url":"/api/orders"},"res":{"statusCode":200},"responseTime":17,"msg":"request completed"}
{"level":30,"time":1791057478152,"pid":1,"hostname":"web-8","reqId":"p-0e3c","req":{"method":"GET","url":"/api/cart"},"res":{"statusCode":200},"responseTime":46,"msg":"request completed"}
{"level":30,"time":1791057478256,"pid":1,"hostname":"web-8","reqId":"p-135e","req":{"method":"GET","url":"/api/orders"},"res":{"statusCode":200},"responseTime":73,"msg":"request completed"}
{"level":30,"time":1791057486086,"pid":1,"hostname":"web-8","reqId":"p-2a94","req":{"method":"GET","url":"/api/orders"},"res":{"statusCode":200},"responseTime":34,"msg":"request completed"}
{"level":40,"time":1791057489149,"pid":1,"hostname":"web-8","upstream":"payments","elapsedMs":3038,"msg":"slow upstream"}
{"level":40,"time":1791057489480,"pid":1,"hostname":"web-8","upstream":"payments","elapsedMs":1552,"msg":"slow upstream"}
{"level":40,"time":1791057490232,"pid":1,"hostname":"web-8","upstream":"payments","elapsedMs":3546,"msg":"slow upstream"}
{"level":30,"time":1791057490304,"pid":1,"hostname":"web-8","reqId":"p-0b8b","req":{"method":"POST","url":"/api/cart"},"res":{"statusCode":200},"responseTime":61,"msg":"request completed"}
{"level":30,"time":1791057491239,"pid":1,"hostname":"web-8","reqId":"p-6e86","req":{"method":"POST","url":"/api/products"},"res":{"statusCode":200},"responseTime":59,"msg":"request completed"}
{"level":30,"time":1791057493100,"pid":1,"hostname":"web-8","reqId":"p-45d0","req":{"method":"GET","url":"/api/orders"},"res":{"statusCode":200},"responseTime":80,"msg":"request completed"}
{"level":30,"time":1791057494339,"pid":1,"hostname":"web-8","reqId":"p-581b","req":{"method":"POST","url":"/api/products"},"res":{"statusCode":200},"responseTime":83,"msg":"request completed"}
{"level":30,"time":1791057495057,"pid":1,"hostname":"web-8","reqId":"p-1c05","req":{"method":"GET","url":"/api/products"},"res":{"statusCode":200},"responseTime":60,"msg":"request completed"}
{"level":30,"time":1791057497231,"pid":1,"hostname":"web-8","reqId":"p-1874","req":{"method":"GET","url":"/api/products"},"res":{"statusCode":200},"responseTime":44,"msg":"request completed"}
{"level":40,"time":1791057498481,"pid":1,"hostname":"web-8","upstream":"payments","elapsedMs":2382,"msg":"slow upstream"}
{"level":30,"time":1791057499493,"pid":1,"hostname":"web-8","reqId":"p-650e","req":{"method":"GET","url":"/api/cart"},"res":{"statusCode":200},"responseTime":57,"msg":"request completed"}
{"level":30,"time":1791057521199,"pid":1,"hostname":"web-8","reqId":"p-74b7","req":{"method":"GET","url":"/api/orders"},"res":{"statusCode":200},"responseTime":13,"msg":"request completed"}
{"level":30,"time":1791057521272,"pid":1,"hostname":"web-8","reqId":"p-5028","req":{"method":"GET","url":"/api/products"},"res":{"statusCode":200},"responseTime":62,"msg":"request completed"}
{"level":30,"time":1791057521534,"pid":1,"hostname":"web-8","reqId":"p-3bb5","req":{"method":"GET","url":"/api/orders"},"res":{"statusCode":200},"responseTime":53,"msg":"request completed"}
{"level":30,"time":1791057521714,"pid":1,"hostname":"web-8","reqId":"p-25c0","req":{"method":"GET","url":"/api/cart"},"res":{"statusCode":200},"responseTime":90,"msg":"request completed"}
{"level":40,"time":1791057521973,"pid":1,"hostname":"web-8","upstream":"payments","elapsedMs":2573,"msg":"slow upstream"}
{"level":30,"time":1791057521999,"pid":1,"hostname":"web-8","reqId":"p-20df","req":{"method":"GET","url":"/api/cart"},"res":{"statusCode":200},"responseTime":72,"msg":"request completed"}
{"level":30,"time":1791057521999,"pid":1,"hostname":"web-8","reqId":"p-15d2","req":{"method":"GET","url":"/api/orders"},"res":{"statusCode":200},"responseTime":20,"msg":"request completed"}
{"level":30,"time":1791057522385,"pid":1,"hostname":"web-8","reqId":"p-6845","req":{"method":"POST","url":"/api/orders"},"res":{"statusCode":200},"responseTime":20,"msg":"request completed"}
{"level":30,"time":1791057522442,"pid":1,"hostname":"web-8","reqId":"p-2d2f","req":{"method":"POST","url":"/api/cart"},"res":{"statusCode":200},"responseTime":74,"msg":"request completed"}
{"level":30,"time":1791057523999,"pid":1,"hostname":"web-8","reqId":"p-43d5","req":{"method":"GET","url":"/api/orders"},"res":{"statusCode":200},"responseTime":54,"msg":"request completed"}
{"level":40,"time":1791057524252,"pid":1,"hostname":"web-8","upstream":"payments","elapsedMs":2627,"msg":"slow upstream"}
{"level":40,"time":1791057524999,"pid":1,"hostname":"web-8","upstream":"payments","elapsedMs":2595,"msg":"slow upstream"}
{"level":40,"time":1791057526170,"pid":1,"hostname":"web-8","upstream":"payments","elapsedMs":3645,"msg":"slow upstream"}
{"level":40,"time":1791057527824,"pid":1,"hostname":"web-8","upstream":"payments","elapsedMs":2475,"msg":"slow upstream"}
{"level":30,"time":1791057528741,"pid":1,"hostname":"web-8","reqId":"p-4932","req":{"method":"POST","url":"/api/products"},"res":{"statusCode":200},"responseTime":48,"msg":"request completed"}
{"level":30,"time":1791057529285,"pid":1,"hostname":"web-8","reqId":"p-5253","req":{"method":"POST","url":"/api/products"},"res":{"statusCode":200},"responseTime":37,"msg":"request completed"}
{"level":30,"time":1791057529851,"pid":1,"hostname":"web-8","reqId":"p-7d4b","req":{"method":"POST","url":"/api/cart"},"res":{"statusCode":200},"responseTime":48,"msg":"request completed"}
{"level":30,"time":1791057530388,"pid":1,"hostname":"web-8","reqId":"p-3e57","req":{"method":"GET","url":"/api/cart"},"res":{"statusCode":200},"responseTime":81,"msg":"request completed"}
{"level":30,"time":1791057530999,"pid":1,"hostname":"web-8","reqId":"p-1d75","req":{"method":"GET","url":"/api/orders"},"res":{"statusCode":200},"responseTime":67,"msg":"request completed"}
{"level":30,"time":1791057530999,"pid":1,"hostname":"web-8","reqId":"p-5351","req":{"method":"POST","url":"/api/products"},"res":{"statusCode":200},"responseTime":41,"msg":"request completed"}
{"level":40,"time":1791057531999,"pid":1,"hostname":"web-8","upstream":"payments","elapsedMs":1908,"msg":"slow upstream"}
{"level":40,"time":1791057531999,"pid":1,"hostname":"web-8","upstream":"payments","elapsedMs":3886,"msg":"slow upstream"}
{"level":30,"time":1791057532196,"pid":1,"hostname":"web-8","reqId":"p-5b4e","req":{"method":"GET","url":"/api/orders"},"res":{"statusCode":200},"responseTime":36,"msg":"request completed"}
{"level":30,"time":1791057532705,"pid":1,"hostname":"web-8","reqId":"p-628d","req":{"method":"GET","url":"/api/products"},"res":{"statusCode":200},"responseTime":88,"msg":"request completed"}
{"level":30,"time":1791057533436,"pid":1,"hostname":"web-8","reqId":"p-0466","req":{"method":"GET","url":"/api/products"},"res":{"statusCode":200},"responseTime":69,"msg":"request completed"}
{"level":30,"time":1791057533999,"pid":1,"hostname":"web-8","reqId":"p-4dc6","req":{"method":"GET","url":"/api/products"},"res":{"statusCode":200},"responseTime":5,"msg":"request completed"}
{"level":30,"time":1791057534452,"pid":1,"hostname":"web-8","reqId":"p-2470","req":{"method":"GET","url":"/api/orders"},"res":{"statusCode":200},"responseTime":8,"msg":"request completed"}
{"level":30,"time":1791057535329,"pid":1,"hostname":"web-8","reqId":"p-2ea6","req":{"method":"GET","url":"/api/products"},"res":{"statusCode":200},"responseTime":49,"msg":"request completed"}
{"level":30,"time":1791057535408,"pid":1,"hostname":"web-8","reqId":"p-16e4","req":{"method":"GET","url":"/api/products"},"res":{"statusCode":200},"responseTime":56,"msg":"request completed"}
{"level":50,"time":1791057535464,"pid":1,"hostname":"web-8","reqId":"p-730e","err":{"type":"Error","message":"connect ETIMEDOUT 10.0.3.5:8080","stack":"Error: connect ETIMEDOUT 10.0.3.5:8080\n    at TCPConnectWrap.afterConnect [as oncomplete] (node:net:1555:16)"},"msg":"upstream request failed"}
{"level":40,"time":1791057535552,"pid":1,"hostname":"web-8","upstream":"payments","elapsedMs":2147,"msg":"slow upstream"}
{"level":30,"time":1791057535754,"pid":1,"hostname":"web-8","reqId":"p-40ea","req":{"method":"POST","url":"/api/products"},"res":{"statusCode":200},"responseTime":22,"msg":"request completed"}
{"level":40,"time":1791057535845,"pid":1,"hostname":"web-8","upstream":"payments","elapsedMs":3292,"msg":"slow upstream"}
{"level":30,"time":1791057535999,"pid":1,"hostname":"web-8","reqId":"p-274a","req":{"method":"POST","url":"/api/products"},"res":{"statusCode":200},"responseTime":29,"msg":"request completed"}
{"level":50,"time":1791057536274,"pid":1,"hostname":"web-8","reqId":"p-340f","err":{"type":"Error","message":"connect ETIMEDOUT 10.0.3.5:8080","stack":"Error: connect ETIMEDOUT 10.0.3.5:8080\n    at TCPConnectWrap.afterConnect [as oncomplete] (node:net:1555:16)"},"msg":"upstream request failed"}
{"level":30,"time":1791057536355,"pid":1,"hostname":"web-8","reqId":"p-16ac","req":{"method":"GET","url":"/api/cart"},"res":{"statusCode":200},"responseTime":50,"msg":"request completed"}
{"level":40,"time":1791057536707,"pid":1,"hostname":"web-8","upstream":"payments","elapsedMs":1776,"msg":"slow upstream"}
{"level":30,"time":1791057538467,"pid":1,"hostname":"web-8","reqId":"p-1dbd","req":{"method":"POST","url":"/api/products"},"res":{"statusCode":200},"responseTime":53,"msg":"request completed"}
{"level":40,"time":1791057538745,"pid":1,"hostname":"web-8","upstream":"payments","elapsedMs":3478,"msg":"slow upstream"}
{"level":30,"time":1791057539999,"pid":1,"hostname":"web-8","reqId":"p-6b28","req":{"method":"GET","url":"/api/cart"},"res":{"statusCode":200},"responseTime":88,"msg":"request completed"}
{"level":40,"time":1791057540343,"pid":1,"hostname":"web-8","upstream":"payments","elapsedMs":2586,"msg":"slow upstream"}
{"level":30,"time":1791057540407,"pid":1,"hostname":"web-8","reqId":"p-7385","req":{"method":"POST","url":"/api/products"},"res":{"statusCode":200},"responseTime":89,"msg":"request completed"}
{"level":30,"time":1791057540571,"pid":1,"hostname":"web-8","reqId":"p-5170","req":{"method":"GET","url":"/api/cart"},"res":{"statusCode":200},"responseTime":47,"msg":"request completed"}
{"level":30,"time":1791057540756,"pid":1,"hostname":"web-8","reqId":"p-2e04","req":{"method":"POST","url":"/api/cart"},"res":{"statusCode":200},"responseTime":17,"msg":"request completed"}
{"level":30,"time":1791057540999,"pid":1,"hostname":"web-8","reqId":"p-3be6","req":{"method":"GET","url":"/api/products"},"res":{"statusCode":200},"responseTime":87,"msg":"request completed"}
{"level":30,"time":1791057540999,"pid":1,"hostname":"web-8","reqId":"p-7509","req":{"method":"POST","url":"/api/products"},"res":{"statusCode":200},"responseTime":78,"msg":"request completed"}
{"level":30,"time":1791057540999,"pid":1,"hostname":"web-8","reqId":"p-653f","req":{"method":"GET","url":"/api/cart"},"res":{"statusCode":200},"responseTime":50,"msg":"request completed"}
{"level":30,"time":1791057541019,"pid":1,"hostname":"web-8","reqId":"p-2f70","req":{"method":"POST","url":"/api/cart"},"res":{"statusCode":200},"responseTime":10,"msg":"request completed"}
{"level":30,"time":1791057541692,"pid":1,"hostname":"web-8","reqId":"p-79ac","req":{"method":"GET","url":"/api/orders"},"res":{"statusCode":200},"responseTime":46,"msg":"request completed"}
{"level":50,"time":1791057541999,"pid":1,"hostname":"web-8","reqId":"p-4cf0","err":{"type":"Error","message":"connect ETIMEDOUT 10.0.3.5:8080","stack":"Error: connect ETIMEDOUT 10.0.3.5:8080\n    at TCPConnectWrap.afterConnect [as oncomplete] (node:net:1555:16)"},"msg":"upstream request failed"}
{"level":30,"time":1791057542160,"pid":1,"hostname":"web-8","reqId":"p-1104","req":{"method":"POST","url":"/api/cart"},"res":{"statusCode":200},"responseTime":44,"msg":"request completed"}
{"level":30,"time":1791057542206,"pid":1,"hostname":"web-8","reqId":"p-17c0","req":{"method":"GET","url":"/api/products"},"res":{"statusCode":200},"responseTime":10,"msg":"request completed"}
{"level":30,"time":1791057542551,"pid":1,"hostname":"web-8","reqId":"p-10de","req":{"method":"GET","url":"/api/products"},"res":{"statusCode":200},"responseTime":17,"msg":"request completed"}
{"level":30,"time":1791057542999,"pid":1,"hostname":"web-8","reqId":"p-6f6a","req":{"method":"GET","url":"/api/products"},"res":{"statusCode":200},"responseTime":70,"msg":"request completed"}
{"level":30,"time":1791057542999,"pid":1,"hostname":"web-8","reqId":"p-3005","req":{"method":"GET","url":"/api/orders"},"res":{"statusCode":200},"responseTime":11,"msg":"request completed"}
{"level":30,"time":1791057543238,"pid":1,"hostname":"web-8","reqId":"p-65a4","req":{"method":"GET","url":"/api/orders"},"res":{"statusCode":200},"responseTime":31,"msg":"request completed"}
{"level":30,"time":1791057543594,"pid":1,"hostname":"web-8","reqId":"p-0383","req":{"method":"POST","url":"/api/products"},"res":{"statusCode":200},"responseTime":48,"msg":"request completed"}
{"level":40,"time":1791057544401,"pid":1,"hostname":"web-8","upstream":"payments","elapsedMs":2184,"msg":"slow upstream"}
{"level":30,"time":1791057544791,"pid":1,"hostname":"web-8","reqId":"p-34dc","req":{"method":"GET","url":"/api/orders"},"res":{"statusCode":200},"responseTime":26,"msg":"request completed"}
{"level":50,"time":1791057545334,"pid":1,"hostname":"web-8","reqId":"p-440f","err":{"type":"Error","message":"connect ETIMEDOUT 10.0.3.5:8080","stack":"Error: connect ETIMEDOUT 10.0.3.5:8080\n    at TCPConnectWrap.afterConnect [as oncomplete] (node:net:1555:16)"},"msg":"upstream request failed"}
{"level":30,"time":1791057545721,"pid":1,"hostname":"web-8","reqId":"p-2806","req":{"method":"POST","url":"/api/products"},"res":{"statusCode":200},"responseTime":9,"msg":"request completed"}
{"level":30,"time":1791057545999,"pid":1,"hostname":"web-8","reqId":"p-260f","req":{"method":"POST","url":"/api/products"},"res":{"statusCode":200},"responseTime":43,"msg":"request completed"}
{"level":30,"time":1791057546640,"pid":1,"hostname":"web-8","reqId":"p-03db","req":{"method":"POST","url":"/api/cart"},"res":{"statusCode":200},"responseTime":88,"msg":"request completed"}
{"level":30,"time":1791057546677,"pid":1,"hostname":"web-8","reqId":"p-3bb9","req":{"method":"GET","url":"/api/orders"},"res":{"statusCode":200},"responseTime":18,"msg":"request completed"}
{"level":30,"time":1791057546733,"pid":1,"hostname":"web-8","reqId":"p-0ea4","req":{"method":"GET","url":"/api/orders"},"res":{"statusCode":200},"responseTime":49,"msg":"request completed"}
{"level":30,"time":1791057547999,"pid":1,"hostname":"web-8","reqId":"p-7b1d","req":{"method":"GET","url":"/api/products"},"res":{"statusCode":200},"responseTime":17,"msg":"request completed"}
{"level":30,"time":1791057548096,"pid":1,"hostname":"web-8","reqId":"p-1b4f","req":{"method":"POST","url":"/api/products"},"res":{"statusCode":200},"responseTime":50,"msg":"request completed"}
{"level":50,"time":1791057548351,"pid":1,"hostname":"web-8","reqId":"p-0433","err":{"type":"Error","message":"connect ETIMEDOUT 10.0.3.5:8080","stack":"Error: connect ETIMEDOUT 10.0.3.5:8080\n    at TCPConnectWrap.afterConnect [as oncomplete] (node:net:1555:16)"},"msg":"upstream request failed"}
{"level":30,"time":1791057549945,"pid":1,"hostname":"web-8","reqId":"p-2398","req":{"method":"GET","url":"/api/cart"},"res":{"statusCode":200},"responseTime":44,"msg":"request completed"}
{"level":50,"time":1791057549964,"pid":1,"hostname":"web-8","reqId":"p-2bc1","err":{"type":"Error","message":"connect ETIMEDOUT 10.0.3.5:8080","stack":"Error: connect ETIMEDOUT 10.0.3.5:8080\n    at TCPConnectWrap.afterConnect [as oncomplete] (node:net:1555:16)"},"msg":"upstream request failed"}
{"level":30,"time":1791057550555,"pid":1,"hostname":"web-8","reqId":"p-3b1c","req":{"method":"POST","url":"/api/products"},"res":{"statusCode":200},"responseTime":41,"msg":"request completed"}
{"level":30,"time":1791057550943,"pid":1,"hostname":"web-8","reqId":"p-60cb","req":{"method":"POST","url":"/api/cart"},"res":{"statusCode":200},"responseTime":86,"msg":"request completed"}
{"level":30,"time":1791057551639,"pid":1,"hostname":"web-8","reqId":"p-7253","req":{"method":"GET","url":"/api/cart"},"res":{"statusCode":200},"responseTime":14,"msg":"request completed"}
{"level":50,"time":1791057552194,"pid":1,"hostname":"web-8","reqId":"p-54a9","err":{"type":"Error","message":"connect ETIMEDOUT 10.0.3.5:8080","stack":"Error: connect ETIMEDOUT 10.0.3.5:8080\n    at TCPConnectWrap.afterConnect [as oncomplete] (node:net:1555:16)"},"msg":"upstream request failed"}
{"level":30,"time":1791057552511,"pid":1,"hostname":"web-8","reqId":"p-0f74","req":{"method":"GET","url":"/api/orders"},"res":{"statusCode":200},"responseTime":64,"msg":"request completed"}
{"level":50,"time":1791057552846,"pid":1,"hostname":"web-8","reqId":"p-0286","err":{"type":"Error","message":"connect ETIMEDOUT 10.0.3.5:8080","stack":"Error: connect ETIMEDOUT 10.0.3.5:8080\n    at TCPConnectWrap.afterConnect [as oncomplete] (node:net:1555:16)"},"msg":"upstream request failed"}
{"level":30,"time":1791057553078,"pid":1,"hostname":"web-8","reqId":"p-44bb","req":{"method":"POST","url":"/api/cart"},"res":{"statusCode":200},"responseTime":7,"msg":"request completed"}
{"level":40,"time":1791057553491,"pid":1,"hostname":"web-8","upstream":"payments","elapsedMs":2780,"msg":"slow upstream"}
{"level":30,"time":1791057553596,"pid":1,"hostname":"web-8","reqId":"p-6fb7","req":{"method":"GET","url":"/api/orders"},"res":{"statusCode":200},"responseTime":32,"msg":"request completed"}
{"level":40,"time":1791057553999,"pid":1,"hostname":"web-8","upstream":"payments","elapsedMs":1815,"msg":"slow upstream"}
{"level":50,"time":1791057554082,"pid":1,"hostname":"web-8","reqId":"p-7bae","err":{"type":"Error","message":"connect ETIMEDOUT 10.0.3.5:8080","stack":"Error: connect ETIMEDOUT 10.0.3.5:8080\n    at TCPConnectWrap.afterConnect [as oncomplete] (node:net:1555:16)"},"msg":"upstream request failed"}
{"level":40,"time":1791057554488,"pid":1,"hostname":"web-8","upstream":"payments","elapsedMs":3886,"msg":"slow upstream"}
{"level":30,"time":1791057554620,"pid":1,"hostname":"web-8","reqId":"p-2eb5","req":{"method":"GET","url":"/api/products"},"res":{"statusCode":200},"responseTime":16,"msg":"request completed"}
{"level":30,"time":1791057554730,"pid":1,"hostname":"web-8","reqId":"p-6b37","req":{"method":"GET","url":"/api/orders"},"res":{"statusCode":200},"responseTime":34,"msg":"request completed"}
{"level":30,"time":1791057555246,"pid":1,"hostname":"web-8","reqId":"p-1462","req":{"method":"GET","url":"/api/products"},"res":{"statusCode":200},"responseTime":19,"msg":"request completed"}
{"level":30,"time":1791057555478,"pid":1,"hostname":"web-8","reqId":"p-7132","req":{"method":"GET","url":"/api/products"},"res":{"statusCode":200},"responseTime":81,"msg":"request completed"}
{"level":30,"time":1791057555999,"pid":1,"hostname":"web-8","reqId":"p-108e","req":{"method":"GET","url":"/api/products"},"res":{"statusCode":200},"responseTime":31,"msg":"request completed"}
{"level":30,"time":1791057555999,"pid":1,"hostname":"web-8","reqId":"p-69c8","req":{"method":"GET","url":"/api/cart"},"res":{"statusCode":200},"responseTime":48,"msg":"request completed"}
{"level":30,"time":1791057556109,"pid":1,"hostname":"web-8","reqId":"p-3917","req":{"method":"GET","url":"/api/orders"},"res":{"statusCode":200},"responseTime":82,"msg":"request completed"}
{"level":30,"time":1791057556223,"pid":1,"hostname":"web-8","reqId":"p-3402","req":{"method":"GET","url":"/api/products"},"res":{"statusCode":200},"responseTime":42,"msg":"request completed"}
{"level":40,"time":1791057556592,"pid":1,"hostname":"web-8","upstream":"payments","elapsedMs":2257,"msg":"slow upstream"}
{"level":40,"time":1791057556651,"pid":1,"hostname":"web-8","upstream":"payments","elapsedMs":1629,"msg":"slow upstream"}
{"level":40,"time":1791057557999,"pid":1,"hostname":"web-8","upstream":"payments","elapsedMs":2488,"msg":"slow upstream"}
{"level":30,"time":1791057558685,"pid":1,"hostname":"web-8","reqId":"p-6818","req":{"method":"GET","url":"/api/products"},"res":{"statusCode":200},"responseTime":14,"msg":"request completed"}
{"level":30,"time":1791057558996,"pid":1,"hostname":"web-8","reqId":"p-7640","req":{"method":"GET","url":"/api/cart"},"res":{"statusCode":200},"responseTime":76,"msg":"request completed"}
{"level":30,"time":1791057559351,"pid":1,"hostname":"web-8","reqId":"p-2d41","req":{"method":"GET","url":"/api/orders"},"res":{"statusCode":200},"responseTime":10,"msg":"request completed"}
{"level":40,"time":1791057560131,"pid":1,"hostname":"web-8","upstream":"payments","elapsedMs":3441,"msg":"slow upstream"}
{"level":30,"time":1791057560174,"pid":1,"hostname":"web-8","reqId":"p-5c13","req":{"method":"POST","url":"/api/orders"},"res":{"statusCode":200},"responseTime":27,"msg":"request completed"}
{"level":30,"time":1791057560999,"pid":1,"hostname":"web-8","reqId":"p-73c2","req":{"method":"POST","url":"/api/cart"},"res":{"statusCode":200},"responseTime":28,"msg":"request completed"}
{"level":30,"time":1791057561115,"pid":1,"hostname":"web-8","reqId":"p-6e4f","req":{"method":"GET","url":"/api/products"},"res":{"statusCode":200},"responseTime":59,"msg":"request completed"}
{"level":40,"time":1791057562345,"pid":1,"hostname":"web-8","upstream":"payments","elapsedMs":2875,"msg":"slow upstream"}
{"level":30,"time":1791057562989,"pid":1,"hostname":"web-8","reqId":"p-49a7","req":{"method":"GET","url":"/api/orders"},"res":{"statusCode":200},"responseTime":16,"msg":"request completed"}
{"level":40,"time":1791057562999,"pid":1,"hostname":"web-8","upstream":"payments","elapsedMs":1900,"msg":"slow upstream"}
{"level":40,"time":1791057563623,"pid":1,"hostname":"web-8","upstream":"payments","elapsedMs":2166,"msg":"slow upstream"}
{"level":30,"time":1791057563744,"pid":1,"hostname":"web-8","reqId":"p-3387","req":{"method":"GET","url":"/api/orders"},"res":{"statusCode":200},"responseTime":12,"msg":"request completed"}
{"level":30,"time":1791057564864,"pid":1,"hostname":"web-8","reqId":"p-25e3","req":{"method":"GET","url":"/api/products"},"res":{"statusCode":200},"responseTime":68,"msg":"request completed"}
{"level":30,"time":1791057566553,"pid":1,"hostname":"web-8","reqId":"p-1fbb","req":{"method":"POST","url":"/api/products"},"res":{"statusCode":200},"responseTime":75,"msg":"request completed"}
{"level":30,"time":1791057566999,"pid":1,"hostname":"web-8","reqId":"p-60db","req":{"method":"POST","url":"/api/orders"},"res":{"statusCode":200},"responseTime":20,"msg":"request completed"}
{"level":30,"time":1791057566999,"pid":1,"hostname":"web-8","reqId":"p-57c1","req":{"method":"GET","url":"/api/orders"},"res":{"statusCode":200},"responseTime":51,"msg":"request completed"}
{"level":40,"time":1791057567556,"pid":1,"hostname":"web-8","upstream":"payments","elapsedMs":2384,"msg":"slow upstream"}
{"level":30,"time":1791057567573,"pid":1,"hostname":"web-8","reqId":"p-7409","req":{"method":"GET","url":"/api/cart"},"res":{"statusCode":200},"responseTime":32,"msg":"request completed"}
{"level":30,"time":1791057567821,"pid":1,"hostname":"web-8","reqId":"p-58c6","req":{"method":"POST","url":"/api/products"},"res":{"statusCode":200},"responseTime":84,"msg":"request completed"}
{"level":30,"time":1791057567999,"pid":1,"hostname":"web-8","reqId":"p-6aea","req":{"method":"GET","url":"/api/products"},"res":{"statusCode":200},"responseTime":87,"msg":"request completed"}
{"level":40,"time":1791057568053,"pid":1,"hostname":"web-8","upstream":"payments","elapsedMs":3047,"msg":"slow upstream"}
{"level":30,"time":1791057568878,"pid":1,"hostname":"web-8","reqId":"p-6862","req":{"method":"POST","url":"/api/orders"},"res":{"statusCode":200},"responseTime":50,"msg":"request completed"}
{"level":30,"time":1791057569125,"pid":1,"hostname":"web-8","reqId":"p-4b1c","req":{"method":"POST","url":"/api/orders"},"res":{"statusCode":200},"responseTime":39,"msg":"request completed"}
{"level":30,"time":1791057569303,"pid":1,"hostname":"web-8","reqId":"p-6097","req":{"method":"POST","url":"/api/products"},"res":{"statusCode":200},"responseTime":19,"msg":"request completed"}
{"level":30,"time":1791057569885,"pid":1,"hostname":"web-8","reqId":"p-46e0","req":{"method":"GET","url":"/api/cart"},"res":{"statusCode":200},"responseTime":18,"msg":"request completed"}
{"level":30,"time":1791057570429,"pid":1,"hostname":"web-8","reqId":"p-5c11","req":{"method":"GET","url":"/api/products"},"res":{"statusCode":200},"responseTime":88,"msg":"request completed"}
{"level":30,"time":1791057571290,"pid":1,"hostname":"web-8","reqId":"p-22eb","req":{"method":"POST","url":"/api/cart"},"res":{"statusCode":200},"responseTime":18,"msg":"request completed"}
{"level":40,"time":1791057571699,"pid":1,"hostname":"web-8","upstream":"payments","elapsedMs":2050,"msg":"slow upstream"}
{"level":30,"time":1791057572459,"pid":1,"hostname":"web-8","reqId":"p-4700","req":{"method":"GET","url":"/api/orders"},"res":{"statusCode":200},"responseTime":70,"msg":"request completed"}
{"level":30,"time":1791057572603,"pid":1,"hostname":"web-8","reqId":"p-1746","req":{"method":"GET","url":"/api/products"},"res":{"statusCode":200},"responseTime":23,"msg":"request completed"}
{"level":30,"time":1791057572971,"pid":1,"hostname":"web-8","reqId":"p-18a9","req":{"method":"POST","url":"/api/products"},"res":{"statusCode":200},"responseTime":34,"msg":"request completed"}
{"level":30,"time":1791057572999,"pid":1,"hostname":"web-8","reqId":"p-673f","req":{"method":"GET","url":"/api/orders"},"res":{"statusCode":200},"responseTime":13,"msg":"request completed"}
{"level":30,"time":1791057572999,"pid":1,"hostname":"web-8","reqId":"p-5420","req":{"method":"GET","url":"/api/products"},"res":{"statusCode":200},"responseTime":51,"msg":"request completed"}
{"level":50,"time":1791057573256,"pid":1,"hostname":"web-8","reqId":"p-0a0f","err":{"type":"Error","message":"connect ETIMEDOUT 10.0.3.5:8080","stack":"Error: connect ETIMEDOUT 10.0.3.5:8080\n    at TCPConnectWrap.afterConnect [as oncomplete] (node:net:1555:16)"},"msg":"upstream request failed"}
{"level":30,"time":1791057573400,"pid":1,"hostname":"web-8","reqId":"p-5f6e","req":{"method":"POST","url":"/api/orders"},"res":{"statusCode":200},"responseTime":27,"msg":"request completed"}
{"level":50,"time":1791057573965,"pid":1,"hostname":"web-8","reqId":"p-4129","err":{"type":"Error","message":"connect ETIMEDOUT 10.0.3.5:8080","stack":"Error: connect ETIMEDOUT 10.0.3.5:8080\n    at TCPConnectWrap.afterConnect [as oncomplete] (node:net:1555:16)"},"msg":"upstream request failed"}
{"level":30,"time":1791057574975,"pid":1,"hostname":"web-8","reqId":"p-7aa4","req":{"method":"POST","url":"/api/orders"},"res":{"statusCode":200},"responseTime":65,"msg":"request completed"}
{"level":30,"time":1791057574999,"pid":1,"hostname":"web-8","reqId":"p-7e4d","req":{"method":"GET","url":"/api/products"},"res":{"statusCode":200},"responseTime":54,"msg":"request completed"}
{"level":50,"time":1791057574999,"pid":1,"hostname":"web-8","reqId":"p-23ef","err":{"type":"Error","message":"connect ETIMEDOUT 10.0.3.5:8080","stack":"Error: connect ETIMEDOUT 10.0.3.5:8080\n    at TCPConnectWrap.afterConnect [as oncomplete] (node:net:1555:16)"},"msg":"upstream request failed"}
{"level":30,"time":1791057574999,"pid":1,"hostname":"web-8","reqId":"p-5888","req":{"method":"GET","url":"/api/cart"},"res":{"statusCode":200},"responseTime":32,"msg":"request completed"}
{"level":30,"time":1791057574999,"pid":1,"hostname":"web-8","reqId":"p-701c","req":{"method":"POST","url":"/api/cart"},"res":{"statusCode":200},"responseTime":71,"msg":"request completed"}
{"level":30,"time":1791057575152,"pid":1,"hostname":"web-8","reqId":"p-0fbc","req":{"method":"GET","url":"/api/orders"},"res":{"statusCode":200},"responseTime":26,"msg":"request completed"}
{"level":50,"time":1791057575547,"pid":1,"hostname":"web-8","reqId":"p-1a0b","err":{"type":"Error","message":"connect ETIMEDOUT 10.0.3.5:8080","stack":"Error: connect ETIMEDOUT 10.0.3.5:8080\n    at TCPConnectWrap.afterConnect [as oncomplete] (node:net:1555:16)"},"msg":"upstream request failed"}
{"level":30,"time":1791057575703,"pid":1,"hostname":"web-8","reqId":"p-1269","req":{"method":"GET","url":"/api/cart"},"res":{"statusCode":200},"responseTime":13,"msg":"request completed"}
{"level":30,"time":1791057576016,"pid":1,"hostname":"web-8","reqId":"p-5c02","req":{"method":"GET","url":"/api/products"},"res":{"statusCode":200},"responseTime":24,"msg":"request completed"}
{"level":30,"time":1791057576542,"pid":1,"hostname":"web-8","reqId":"p-4cd7","req":{"method":"GET","url":"/api/orders"},"res":{"statusCode":200},"responseTime":53,"msg":"request completed"}
{"level":40,"time":1791057576670,"pid":1,"hostname":"web-8","upstream":"payments","elapsedMs":2672,"msg":"slow upstream"}
{"level":30,"time":1791057577163,"pid":1,"hostname":"web-8","reqId":"p-53c5","req":{"method":"GET","url":"/api/orders"},"res":{"statusCode":200},"responseTime":25,"msg":"request completed"}
{"level":30,"time":1791057577770,"pid":1,"hostname":"web-8","reqId":"p-5ca4","req":{"method":"GET","url":"/api/cart"},"res":{"statusCode":200},"responseTime":27,"msg":"request completed"}
{"level":30,"time":1791057577999,"pid":1,"hostname":"web-8","reqId":"p-486a","req":{"method":"GET","url":"/api/orders"},"res":{"statusCode":200},"responseTime":33,"msg":"request completed"}
{"level":30,"time":1791057577999,"pid":1,"hostname":"web-8","reqId":"p-13c6","req":{"method":"GET","url":"/api/cart"},"res":{"statusCode":200},"responseTime":9,"msg":"request completed"}
{"level":30,"time":1791057578411,"pid":1,"hostname":"web-8","reqId":"p-3d11","req":{"method":"POST","url":"/api/cart"},"res":{"statusCode":200},"responseTime":20,"msg":"request completed"}
{"level":50,"time":1791057578932,"pid":1,"hostname":"web-8","reqId":"p-376f","err":{"type":"Error","message":"connect ETIMEDOUT 10.0.3.5:8080","stack":"Error: connect ETIMEDOUT 10.0.3.5:8080\n    at TCPConnectWrap.afterConnect [as oncomplete] (node:net:1555:16)"},"msg":"upstream request failed"}
{"level":30,"time":1791057578999,"pid":1,"hostname":"web-8","reqId":"p-280b","req":{"method":"GET","url":"/api/products"},"res":{"statusCode":200},"responseTime":19,"msg":"request completed"}
{"level":30,"time":1791057578999,"pid":1,"hostname":"web-8","reqId":"p-0bd4","req":{"method":"GET","url":"/api/cart"},"res":{"statusCode":200},"responseTime":5,"msg":"request completed"}
{"level":30,"time":1791057587291,"pid":1,"hostname":"web-8","reqId":"p-4c29","req":{"method":"GET","url":"/api/cart"},"res":{"statusCode":200},"responseTime":52,"msg":"request completed"}
{"level":30,"time":1791057587475,"pid":1,"hostname":"web-8","reqId":"p-4585","req":{"method":"POST","url":"/api/products"},"res":{"statusCode":200},"responseTime":46,"msg":"request completed"}
{"level":30,"time":1791057587909,"pid":1,"hostname":"web-8","reqId":"p-1d3d","req":{"method":"POST","url":"/api/products"},"res":{"statusCode":200},"responseTime":76,"msg":"request completed"}
{"level":50,"time":1791057587999,"pid":1,"hostname":"web-8","reqId":"p-0c52","err":{"type":"Error","message":"connect ETIMEDOUT 10.0.3.5:8080","stack":"Error: connect ETIMEDOUT 10.0.3.5:8080\n    at TCPConnectWrap.afterConnect [as oncomplete] (node:net:1555:16)"},"msg":"upstream request failed"}
{"level":30,"time":1791057588121,"pid":1,"hostname":"web-8","reqId":"p-53a7","req":{"method":"GET","url":"/api/products"},"res":{"statusCode":200},"responseTime":46,"msg":"request completed"}
{"level":30,"time":1791057588809,"pid":1,"hostname":"web-8","reqId":"p-6be8","req":{"method":"GET","url":"/api/cart"},"res":{"statusCode":200},"responseTime":76,"msg":"request completed"}
{"level":40,"time":1791057589583,"pid":1,"hostname":"web-8","upstream":"payments","elapsedMs":3873,"msg":"slow upstream"}
{"level":40,"time":1791057589665,"pid":1,"hostname":"web-8","upstream":"payments","elapsedMs":2484,"msg":"slow upstream"}
{"level":30,"time":1791057590041,"pid":1,"hostname":"web-8","reqId":"p-2e10","req":{"method":"GET","url":"/api/cart"},"res":{"statusCode":200},"responseTime":52,"msg":"request completed"}
{"level":30,"time":1791057590489,"pid":1,"hostname":"web-8","reqId":"p-1bb6","req":{"method":"GET","url":"/api/products"},"res":{"statusCode":200},"responseTime":8,"msg":"request completed"}
{"level":30,"time":1791057591675,"pid":1,"hostname":"web-8","reqId":"p-1227","req":{"method":"GET","url":"/api/products"},"res":{"statusCode":200},"responseTime":75,"msg":"request completed"}
{"level":30,"time":1791057591982,"pid":1,"hostname":"web-8","reqId":"p-6d06","req":{"method":"GET","url":"/api/products"},"res":{"statusCode":200},"responseTime":31,"msg":"request completed"}
{"level":40,"time":1791057592656,"pid":1,"hostname":"web-8","upstream":"payments","elapsedMs":2968,"msg":"slow upstream"}
{"level":30,"time":1791057592999,"pid":1,"hostname":"web-8","reqId":"p-13b4","req":{"method":"GET","url":"/api/orders"},"res":{"statusCode":200},"responseTime":42,"msg":"request completed"}
{"level":30,"time":1791057592999,"pid":1,"hostname":"web-8","reqId":"p-0a1e","req":{"method":"GET","url":"/api/cart"},"res":{"statusCode":200},"responseTime":14,"msg":"request completed"}
{"level":30,"time":1791057593551,"pid":1,"hostname":"web-8","reqId":"p-038f","req":{"method":"GET","url":"/api/orders"},"res":{"statusCode":200},"responseTime":62,"msg":"request completed"}
{"level":30,"time":1791057593803,"pid":1,"hostname":"web-8","reqId":"p-26dc","req":{"method":"GET","url":"/api/cart"},"res":{"statusCode":200},"responseTime":28,"msg":"request completed"}
{"level":40,"time":1791057594911,"pid":1,"hostname":"web-8","upstream":"payments","elapsedMs":2655,"msg":"slow upstream"}
{"level":50,"time":1791057594999,"pid":1,"hostname":"web-8","reqId":"p-68f9","err":{"type":"Error","message":"connect ETIMEDOUT 10.0.3.5:8080","stack":"Error: connect ETIMEDOUT 10.0.3.5:8080\n    at TCPConnectWrap.afterConnect [as oncomplete] (node:net:1555:16)"},"msg":"upstream request failed"}
{"level":40,"time":1791057594999,"pid":1,"hostname":"web-8","upstream":"payments","elapsedMs":1615,"msg":"slow upstream"}
{"level":30,"time":1791057595623,"pid":1,"hostname":"web-8","reqId":"p-3761","req":{"method":"GET","url":"/api/products"},"res":{"statusCode":200},"responseTime":44,"msg":"request completed"}
{"level":30,"time":1791057595714,"pid":1,"hostname":"web-8","reqId":"p-0f07","req":{"method":"GET","url":"/api/cart"},"res":{"statusCode":200},"responseTime":61,"msg":"request completed"}
{"level":30,"time":1791057595999,"pid":1,"hostname":"web-8","reqId":"p-329c","req":{"method":"POST","url":"/api/cart"},"res":{"statusCode":200},"responseTime":94,"msg":"request completed"}
{"level":30,"time":1791057596096,"pid":1,"hostname":"web-8","reqId":"p-0a33","req":{"method":"POST","url":"/api/cart"},"res":{"statusCode":200},"responseTime":94,"msg":"request completed"}
{"level":30,"time":1791057596169,"pid":1,"hostname":"web-8","reqId":"p-75e9","req":{"method":"POST","url":"/api/products"},"res":{"statusCode":200},"responseTime":66,"msg":"request completed"}
{"level":50,"time":1791057596657,"pid":1,"hostname":"web-8","reqId":"p-514e","err":{"type":"Error","message":"connect ETIMEDOUT 10.0.3.5:8080","stack":"Error: connect ETIMEDOUT 10.0.3.5:8080\n    at TCPConnectWrap.afterConnect [as oncomplete] (node:net:1555:16)"},"msg":"upstream request failed"}
{"level":40,"time":1791057596906,"pid":1,"hostname":"web-8","upstream":"payments","elapsedMs":2025,"msg":"slow upstream"}
{"level":30,"time":1791057596999,"pid":1,"hostname":"web-8","reqId":"p-5b0f","req":{"method":"POST","url":"/api/cart"},"res":{"statusCode":200},"responseTime":86,"msg":"request completed"}
{"level":30,"time":1791057597247,"pid":1,"hostname":"web-8","reqId":"p-2057","req":{"method":"GET","url":"/api/orders"},"res":{"statusCode":200},"responseTime":29,"msg":"request completed"}
{"level":30,"time":1791057597346,"pid":1,"hostname":"web-8","reqId":"p-3652","req":{"method":"GET","url":"/api/cart"},"res":{"statusCode":200},"responseTime":76,"msg":"request completed"}
{"level":40,"time":1791057597386,"pid":1,"hostname":"web-8","upstream":"payments","elapsedMs":3721,"msg":"slow upstream"}
{"level":30,"time":1791057597475,"pid":1,"hostname":"web-8","reqId":"p-210a","req":{"method":"GET","url":"/api/products"},"res":{"statusCode":200},"responseTime":60,"msg":"request completed"}
{"level":30,"time":1791057597679,"pid":1,"hostname":"web-8","reqId":"p-1e8d","req":{"method":"POST","url":"/api/orders"},"res":{"statusCode":200},"responseTime":11,"msg":"request completed"}
{"level":30,"time":1791057598056,"pid":1,"hostname":"web-8","reqId":"p-5f74","req":{"method":"POST","url":"/api/cart"},"res":{"statusCode":200},"responseTime":64,"msg":"request completed"}
{"level":30,"time":1791057598167,"pid":1,"hostname":"web-8","reqId":"p-3ed1","req":{"method":"GET","url":"/api/products"},"res":{"statusCode":200},"responseTime":79,"msg":"request completed"}
{"level":30,"time":1791057598570,"pid":1,"hostname":"web-8","reqId":"p-0604","req":{"method":"GET","url":"/api/products"},"res":{"statusCode":200},"responseTime":36,"msg":"request completed"}
{"level":30,"time":1791057599147,"pid":1,"hostname":"web-8","reqId":"p-348e","req":{"method":"GET","url":"/api/orders"},"res":{"statusCode":200},"responseTime":48,"msg":"request completed"}
{"level":40,"time":1791057600240,"pid":1,"hostname":"web-8","upstream":"payments","elapsedMs":1688,"msg":"slow upstream"}
{"level":30,"time":1791057600999,"pid":1,"hostname":"web-8","reqId":"p-310b","req":{"method":"POST","url":"/api/cart"},"res":{"statusCode":200},"responseTime":19,"msg":"request completed"}
{"level":30,"time":1791057600999,"pid":1,"hostname":"web-8","reqId":"p-7333","req":{"method":"GET","url":"/api/cart"},"res":{"statusCode":200},"responseTime":66,"msg":"request completed"}
{"level":30,"time":1791057601839,"pid":1,"hostname":"web-8","reqId":"p-6c28","req":{"method":"GET","url":"/api/cart"},"res":{"statusCode":200},"responseTime":60,"msg":"request completed"}
{"level":30,"time":1791057603038,"pid":1,"hostname":"web-8","reqId":"p-7d46","req":{"method":"POST","url":"/api/cart"},"res":{"statusCode":200},"responseTime":87,"msg":"request completed"}
{"level":30,"time":1791057603999,"pid":1,"hostname":"web-8","reqId":"p-6a7e","req":{"method":"GET","url":"/api/products"},"res":{"statusCode":200},"responseTime":63,"msg":"request completed"}
{"level":30,"time":1791057604243,"pid":1,"hostname":"web-8","reqId":"p-27cc","req":{"method":"GET","url":"/api/products"},"res":{"statusCode":200},"responseTime":24,"msg":"request completed"}
{"level":30,"time":1791057604261,"pid":1,"hostname":"web-8","reqId":"p-190a","req":{"method":"GET","url":"/api/orders"},"res":{"statusCode":200},"responseTime":39,"msg":"request completed"}
{"level":30,"time":1791057605405,"pid":1,"hostname":"web-8","reqId":"p-3d66","req":{"method":"GET","url":"/api/cart"},"res":{"statusCode":200},"responseTime":72,"msg":"request completed"}
{"level":30,"time":1791057605684,"pid":1,"hostname":"web-8","reqId":"p-7e90","req":{"method":"GET","url":"/api/products"},"res":{"statusCode":200},"responseTime":90,"msg":"request completed"}
{"level":30,"time":1791057605721,"pid":1,"hostname":"web-8","reqId":"p-3992","req":{"method":"POST","url":"/api/cart"},"res":{"statusCode":200},"responseTime":22,"msg":"request completed"}
{"level":30,"time":1791057605999,"pid":1,"hostname":"web-8","reqId":"p-53b3","req":{"method":"POST","url":"/api/products"},"res":{"statusCode":200},"responseTime":45,"msg":"request completed"}
{"level":40,"time":1791057605999,"pid":1,"hostname":"web-8","upstream":"payments","elapsedMs":2448,"msg":"slow upstream"}
{"level":30,"time":1791057607169,"pid":1,"hostname":"web-8","reqId":"p-6ad6","req":{"method":"GET","url":"/api/orders"},"res":{"statusCode":200},"responseTime":29,"msg":"request completed"}
{"level":40,"time":1791057607259,"pid":1,"hostname":"web-8","upstream":"payments","elapsedMs":2224,"msg":"slow upstream"}
{"level":30,"time":1791057608957,"pid":1,"hostname":"web-8","reqId":"p-4283","req":{"method":"GET","url":"/api/products"},"res":{"statusCode":200},"responseTime":79,"msg":"request completed"}
{"level":30,"time":1791057608999,"pid":1,"hostname":"web-8","reqId":"p-422d","req":{"method":"POST","url":"/api/cart"},"res":{"statusCode":200},"responseTime":59,"msg":"request completed"}
{"level":50,"time":1791057609528,"pid":1,"hostname":"web-8","reqId":"p-3a7c","err":{"type":"Error","message":"connect ETIMEDOUT 10.0.3.5:8080","stack":"Error: connect ETIMEDOUT 10.0.3.5:8080\n    at TCPConnectWrap.afterConnect [as oncomplete] (node:net:1555:16)"},"msg":"upstream request failed"}
{"level":40,"time":1791057609999,"pid":1,"hostname":"web-8","upstream":"payments","elapsedMs":1991,"msg":"slow upstream"}
{"level":30,"time":1791057610239,"pid":1,"hostname":"web-8","reqId":"p-72a7","req":{"method":"GET","url":"/api/orders"},"res":{"statusCode":200},"responseTime":7,"msg":"request completed"}
{"level":30,"time":1791057610604,"pid":1,"hostname":"web-8","reqId":"p-1aef","req":{"method":"GET","url":"/api/products"},"res":{"statusCode":200},"responseTime":6,"msg":"request completed"}
{"level":30,"time":1791057610999,"pid":1,"hostname":"web-8","reqId":"p-1c9c","req":{"method":"GET","url":"/api/products"},"res":{"statusCode":200},"responseTime":73,"msg":"request completed"}
{"level":40,"time":1791057611289,"pid":1,"hostname":"web-8","upstream":"payments","elapsedMs":2928,"msg":"slow upstream"}
{"level":30,"time":1791057611999,"pid":1,"hostname":"web-8","reqId":"p-75be","req":{"method":"GET","url":"/api/products"},"res":{"statusCode":200},"responseTime":42,"msg":"request completed"}
{"level":30,"time":1791057612999,"pid":1,"hostname":"web-8","reqId":"p-4b90","req":{"method":"POST","url":"/api/orders"},"res":{"statusCode":200},"responseTime":73,"msg":"request completed"}
{"level":40,"time":1791057612999,"pid":1,"hostname":"web-8","upstream":"payments","elapsedMs":1837,"msg":"slow upstream"}
{"level":30,"time":1791057613297,"pid":1,"hostname":"web-8","reqId":"p-385f","req":{"method":"GET","url":"/api/cart"},"res":{"statusCode":200},"responseTime":36,"msg":"request completed"}
{"level":50,"time":1791057613999,"pid":1,"hostname":"web-8","reqId":"p-71c1","err":{"type":"Error","message":"connect ETIMEDOUT 10.0.3.5:8080","stack":"Error: connect ETIMEDOUT 10.0.3.5:8080\n    at TCPConnectWrap.afterConnect [as oncomplete] (node:net:1555:16)"},"msg":"upstream request failed"}
{"level":30,"time":1791057614999,"pid":1,"hostname":"web-8","reqId":"p-295c","req":{"method":"GET","url":"/api/orders"},"res":{"statusCode":200},"responseTime":8,"msg":"request completed"}
{"level":30,"time":1791057614999,"pid":1,"hostname":"web-8","reqId":"p-402f","req":{"method":"POST","url":"/api/products"},"res":{"statusCode":200},"responseTime":92,"msg":"request completed"}
{"level":30,"time":1791057614999,"pid":1,"hostname":"web-8","reqId":"p-1bd6","req":{"method":"GET","url":"/api/orders"},"res":{"statusCode":200},"responseTime":30,"msg":"request completed"}
{"level":30,"time":1791057615172,"pid":1,"hostname":"web-8","reqId":"p-2d4a","req":{"method":"POST","url":"/api/cart"},"res":{"statusCode":200},"responseTime":77,"msg":"request completed"}
{"level":40,"time":1791057615999,"pid":1,"hostname":"web-8","upstream":"payments","elapsedMs":2778,"msg":"slow upstream"}
{"level":30,"time":1791057616999,"pid":1,"hostname":"web-8","reqId":"p-7d4b","req":{"method":"POST","url":"/api/products"},"res":{"statusCode":200},"responseTime":77,"msg":"request completed"}
{"level":30,"time":1791057617921,"pid":1,"hostname":"web-8","reqId":"p-42c1","req":{"method":"GET","url":"/api/products"},"res":{"statusCode":200},"responseTime":11,"msg":"request completed"}
{"level":30,"time":1791057618224,"pid":1,"hostname":"web-8","reqId":"p-0273","req":{"method":"GET","url":"/api/orders"},"res":{"statusCode":200},"responseTime":73,"msg":"request completed"}
{"level":30,"time":1791057619044,"pid":1,"hostname":"web-8","reqId":"p-77ea","req":{"method":"GET","url":"/api/orders"},"res":{"statusCode":200},"responseTime":56,"msg":"request completed"}
{"level":30,"time":1791057619163,"pid":1,"hostname":"web-8","reqId":"p-3b47","req":{"method":"POST","url":"/api/products"},"res":{"statusCode":200},"responseTime":8,"msg":"request completed"}
{"level":30,"time":1791057619616,"pid":1,"hostname":"web-8","reqId":"p-1d12","req":{"method":"GET","url":"/api/products"},"res":{"statusCode":200},"responseTime":55,"msg":"request completed"}
{"level":30,"time":1791057619739,"pid":1,"hostname":"web-8","reqId":"p-0f9c","req":{"method":"GET","url":"/api/orders"},"res":{"statusCode":200},"responseTime":25,"msg":"request completed"}
{"level":30,"time":1791057620361,"pid":1,"hostname":"web-8","reqId":"p-66a7","req":{"method":"POST","url":"/api/products"},"res":{"statusCode":200},"responseTime":26,"msg":"request completed"}
{"level":30,"time":1791057620999,"pid":1,"hostname":"web-8","reqId":"p-6f18","req":{"method":"GET","url":"/api/orders"},"res":{"statusCode":200},"responseTime":23,"msg":"request completed"}
{"level":30,"time":1791057621105,"pid":1,"hostname":"web-8","reqId":"p-3b5d","req":{"method":"GET","url":"/api/orders"},"res":{"statusCode":200},"responseTime":54,"msg":"request completed"}
{"level":30,"time":1791057621663,"pid":1,"hostname":"web-8","reqId":"p-1944","req":{"method":"GET","url":"/api/products"},"res":{"statusCode":200},"responseTime":47,"msg":"request completed"}
{"level":30,"time":1791057621999,"pid":1,"hostname":"web-8","reqId":"p-7fe8","req":{"method":"GET","url":"/api/products"},"res":{"statusCode":200},"responseTime":51,"msg":"request completed"}
{"level":30,"time":1791057623151,"pid":1,"hostname":"web-8","reqId":"p-7e1d","req":{"method":"GET","url":"/api/orders"},"res":{"statusCode":200},"responseTime":78,"msg":"request completed"}
{"level":30,"time":1791057623539,"pid":1,"hostname":"web-8","reqId":"p-4ef3","req":{"method":"POST","url":"/api/products"},"res":{"statusCode":200},"responseTime":27,"msg":"request completed"}
{"level":30,"time":1791057623999,"pid":1,"hostname":"web-8","reqId":"p-31cb","req":{"method":"POST","url":"/api/cart"},"res":{"statusCode":200},"responseTime":36,"msg":"request completed"}
{"level":30,"time":1791057624160,"pid":1,"hostname":"web-8","reqId":"p-493d","req":{"method":"GET","url":"/api/cart"},"res":{"statusCode":200},"responseTime":59,"msg":"request completed"}
{"level":30,"time":1791057624470,"pid":1,"hostname":"web-8","reqId":"p-72b9","req":{"method":"GET","url":"/api/orders"},"res":{"statusCode":200},"responseTime":31,"msg":"request completed"}
{"level":40,"time":1791057624999,"pid":1,"hostname":"web-8","upstream":"payments","elapsedMs":3659,"msg":"slow upstream"}
{"level":30,"time":1791057624999,"pid":1,"hostname":"web-8","reqId":"p-37bc","req":{"method":"POST","url":"/api/orders"},"res":{"statusCode":200},"responseTime":42,"msg":"request completed"}
{"level":30,"time":1791057625155,"pid":1,"hostname":"web-8","reqId":"p-7880","req":{"method":"POST","url":"/api/cart"},"res":{"statusCode":200},"responseTime":29,"msg":"request completed"}
{"level":30,"time":1791057625278,"pid":1,"hostname":"web-8","reqId":"p-4a18","req":{"method":"POST","url":"/api/products"},"res":{"statusCode":200},"responseTime":29,"msg":"request completed"}
{"level":30,"time":1791057625540,"pid":1,"hostname":"web-8","reqId":"p-6314","req":{"method":"POST","url":"/api/products"},"res":{"statusCode":200},"responseTime":21,"msg":"request completed"}
{"level":30,"time":1791057625999,"pid":1,"hostname":"web-8","reqId":"p-25a9","req":{"method":"GET","url":"/api/orders"},"res":{"statusCode":200},"responseTime":50,"msg":"request completed"}
{"level":30,"time":1791057626208,"pid":1,"hostname":"web-8","reqId":"p-0eb4","req":{"method":"GET","url":"/api/products"},"res":{"statusCode":200},"responseTime":60,"msg":"request completed"}
{"level":50,"time":1791057626305,"pid":1,"hostname":"web-8","reqId":"p-3aa6","err":{"type":"Error","message":"connect ETIMEDOUT 10.0.3.5:8080","stack":"Error: connect ETIMEDOUT 10.0.3.5:8080\n    at TCPConnectWrap.afterConnect [as oncomplete] (node:net:1555:16)"},"msg":"upstream request failed"}
{"level":30,"time":1791057627408,"pid":1,"hostname":"web-8","reqId":"p-42b4","req":{"method":"POST","url":"/api/products"},"res":{"statusCode":200},"responseTime":65,"msg":"request completed"}
{"level":30,"time":1791057627488,"pid":1,"hostname":"web-8","reqId":"p-037b","req":{"method":"POST","url":"/api/products"},"res":{"statusCode":200},"responseTime":56,"msg":"request completed"}
{"level":40,"time":1791057627998,"pid":1,"hostname":"web-8","upstream":"payments","elapsedMs":1955,"msg":"slow upstream"}
{"level":30,"time":1791057629169,"pid":1,"hostname":"web-8","reqId":"p-1f6a","req":{"method":"GET","url":"/api/products"},"res":{"statusCode":200},"responseTime":11,"msg":"request completed"}
{"level":30,"time":1791057629250,"pid":1,"hostname":"web-8","reqId":"p-4ca1","req":{"method":"GET","url":"/api/cart"},"res":{"statusCode":200},"responseTime":8,"msg":"request completed"}
{"level":30,"time":1791057629999,"pid":1,"hostname":"web-8","reqId":"p-0c89","req":{"method":"GET","url":"/api/orders"},"res":{"statusCode":200},"responseTime":93,"msg":"request completed"}
{"level":30,"time":1791057630576,"pid":1,"hostname":"web-8","reqId":"p-47c6","req":{"method":"GET","url":"/api/orders"},"res":{"statusCode":200},"responseTime":58,"msg":"request completed"}
{"level":40,"time":1791057630757,"pid":1,"hostname":"web-8","upstream":"payments","elapsedMs":1969,"msg":"slow upstream"}
{"level":30,"time":1791057631912,"pid":1,"hostname":"web-8","reqId":"p-2af6","req":{"method":"POST","url":"/api/products"},"res":{"statusCode":200},"responseTime":86,"msg":"request completed"}
{"level":30,"time":1791057631999,"pid":1,"hostname":"web-8","reqId":"p-3056","req":{"method":"GET","url":"/api/products"},"res":{"statusCode":200},"responseTime":39,"msg":"request completed"}
{"level":30,"time":1791057631999,"pid":1,"hostname":"web-8","reqId":"p-71db","req":{"method":"GET","url":"/api/products"},"res":{"statusCode":200},"responseTime":42,"msg":"request completed"}
{"level":50,"time":1791057631999,"pid":1,"hostname":"web-8","reqId":"p-55d4","err":{"type":"Error","message":"connect ETIMEDOUT 10.0.3.5:8080","stack":"Error: connect ETIMEDOUT 10.0.3.5:8080\n    at TCPConnectWrap.afterConnect [as oncomplete] (node:net:1555:16)"},"msg":"upstream request failed"}
{"level":50,"time":1791057632556,"pid":1,"hostname":"web-8","reqId":"p-34e5","err":{"type":"Error","message":"connect ETIMEDOUT 10.0.3.5:8080","stack":"Error: connect ETIMEDOUT 10.0.3.5:8080\n    at TCPConnectWrap.afterConnect [as oncomplete] (node:net:1555:16)"},"msg":"upstream request failed"}
{"level":50,"time":1791057632857,"pid":1,"hostname":"web-8","reqId":"p-507c","err":{"type":"Error","message":"connect ETIMEDOUT 10.0.3.5:8080","stack":"Error: connect ETIMEDOUT 10.0.3.5:8080\n    at TCPConnectWrap.afterConnect [as oncomplete] (node:net:1555:16)"},"msg":"upstream request failed"}
{"level":30,"time":1791057633072,"pid":1,"hostname":"web-8","reqId":"p-2a25","req":{"method":"GET","url":"/api/products"},"res":{"statusCode":200},"responseTime":80,"msg":"request completed"}
{"level":30,"time":1791057633199,"pid":1,"hostname":"web-8","reqId":"p-5748","req":{"method":"GET","url":"/api/orders"},"res":{"statusCode":200},"responseTime":34,"msg":"request completed"}
{"level":30,"time":1791057633448,"pid":1,"hostname":"web-8","reqId":"p-4042","req":{"method":"GET","url":"/api/cart"},"res":{"statusCode":200},"responseTime":32,"msg":"request completed"}
{"level":30,"time":1791057633517,"pid":1,"hostname":"web-8","reqId":"p-4da2","req":{"method":"POST","url":"/api/products"},"res":{"statusCode":200},"responseTime":53,"msg":"request completed"}
{"level":30,"time":1791057633989,"pid":1,"hostname":"web-8","reqId":"p-68bc","req":{"method":"GET","url":"/api/orders"},"res":{"statusCode":200},"responseTime":37,"msg":"request completed"}
{"level":30,"time":1791057633999,"pid":1,"hostname":"web-8","reqId":"p-4364","req":{"method":"POST","url":"/api/products"},"res":{"statusCode":200},"responseTime":16,"msg":"request completed"}
{"level":30,"time":1791057633999,"pid":1,"hostname":"web-8","reqId":"p-1561","req":{"method":"GET","url":"/api/products"},"res":{"statusCode":200},"responseTime":8,"msg":"request completed"}
{"level":30,"time":1791057634999,"pid":1,"hostname":"web-8","reqId":"p-0b28","req":{"method":"POST","url":"/api/products"},"res":{"statusCode":200},"responseTime":81,"msg":"request completed"}
{"level":30,"time":1791057635060,"pid":1,"hostname":"web-8","reqId":"p-4043","req":{"method":"GET","url":"/api/products"},"res":{"statusCode":200},"responseTime":84,"msg":"request completed"}
{"level":30,"time":1791057635298,"pid":1,"hostname":"web-8","reqId":"p-7b6c","req":{"method":"GET","url":"/api/products"},"res":{"statusCode":200},"responseTime":94,"msg":"request completed"}
{"level":30,"time":1791057635762,"pid":1,"hostname":"web-8","reqId":"p-4931","req":{"method":"POST","url":"/api/orders"},"res":{"statusCode":200},"responseTime":60,"msg":"request completed"}
{"level":30,"time":1791057635999,"pid":1,"hostname":"web-8","reqId":"p-2bb6","req":{"method":"GET","url":"/api/cart"},"res":{"statusCode":200},"responseTime":39,"msg":"request completed"}
{"level":30,"time":1791057636281,"pid":1,"hostname":"web-8","reqId":"p-5d82","req":{"method":"GET","url":"/api/products"},"res":{"statusCode":200},"responseTime":26,"msg":"request completed"}
{"level":30,"time":1791057636415,"pid":1,"hostname":"web-8","reqId":"p-3793","req":{"method":"GET","url":"/api/products"},"res":{"statusCode":200},"responseTime":17,"msg":"request completed"}
{"level":30,"time":1791057636763,"pid":1,"hostname":"web-8","reqId":"p-7503","req":{"method":"POST","url":"/api/products"},"res":{"statusCode":200},"responseTime":43,"msg":"request completed"}
{"level":30,"time":1791057636999,"pid":1,"hostname":"web-8","reqId":"p-4345","req":{"method":"POST","url":"/api/cart"},"res":{"statusCode":200},"responseTime":69,"msg":"request completed"}
{"level":30,"time":1791057637149,"pid":1,"hostname":"web-8","reqId":"p-668a","req":{"method":"POST","url":"/api/orders"},"res":{"statusCode":200},"responseTime":72,"msg":"request completed"}
{"level":50,"time":1791057637549,"pid":1,"hostname":"web-8","reqId":"p-213c","err":{"type":"Error","message":"connect ETIMEDOUT 10.0.3.5:8080","stack":"Error: connect ETIMEDOUT 10.0.3.5:8080\n    at TCPConnectWrap.afterConnect [as oncomplete] (node:net:1555:16)"},"msg":"upstream request failed"}
{"level":30,"time":1791057637832,"pid":1,"hostname":"web-8","reqId":"p-0466","req":{"method":"POST","url":"/api/orders"},"res":{"statusCode":200},"responseTime":26,"msg":"request completed"}
{"level":30,"time":1791057637999,"pid":1,"hostname":"web-8","reqId":"p-0c81","req":{"method":"POST","url":"/api/orders"},"res":{"statusCode":200},"responseTime":83,"msg":"request completed"}
{"level":40,"time":1791057640020,"pid":1,"hostname":"web-8","upstream":"payments","elapsedMs":2818,"msg":"slow upstream"}
{"level":30,"time":1791057640696,"pid":1,"hostname":"web-8","reqId":"p-166e","req":{"method":"GET","url":"/api/cart"},"res":{"statusCode":200},"responseTime":91,"msg":"request completed"}
{"level":30,"time":1791057640999,"pid":1,"hostname":"web-8","reqId":"p-6c6a","req":{"method":"GET","url":"/api/products"},"res":{"statusCode":200},"responseTime":80,"msg":"request completed"}
{"level":30,"time":1791057640999,"pid":1,"hostname":"web-8","reqId":"p-4230","req":{"method":"POST","url":"/api/products"},"res":{"statusCode":200},"responseTime":51,"msg":"request completed"}
{"level":30,"time":1791057641175,"pid":1,"hostname":"web-8","reqId":"p-07c6","req":{"method":"GET","url":"/api/products"},"res":{"statusCode":200},"responseTime":71,"msg":"request completed"}
{"level":50,"time":1791057641322,"pid":1,"hostname":"web-8","reqId":"p-7b34","err":{"type":"Error","message":"connect ETIMEDOUT 10.0.3.5:8080","stack":"Error: connect ETIMEDOUT 10.0.3.5:8080\n    at TCPConnectWrap.afterConnect [as oncomplete] (node:net:1555:16)"},"msg":"upstream request failed"}
{"level":30,"time":1791057641626,"pid":1,"hostname":"web-8","reqId":"p-57a3","req":{"method":"GET","url":"/api/cart"},"res":{"statusCode":200},"responseTime":46,"msg":"request completed"}
{"level":30,"time":1791057641713,"pid":1,"hostname":"web-8","reqId":"p-0f6f","req":{"method":"GET","url":"/api/cart"},"res":{"statusCode":200},"responseTime":8,"msg":"request completed"}
{"level":50,"time":1791057641767,"pid":1,"hostname":"web-8","reqId":"p-04a2","err":{"type":"Error","message":"connect ETIMEDOUT 10.0.3.5:8080","stack":"Error: connect ETIMEDOUT 10.0.3.5:8080\n    at TCPConnectWrap.afterConnect [as oncomplete] (node:net:1555:16)"},"msg":"upstream request failed"}
{"level":30,"time":1791057641999,"pid":1,"hostname":"web-8","reqId":"p-5a6a","req":{"method":"GET","url":"/api/cart"},"res":{"statusCode":200},"responseTime":17,"msg":"request completed"}
{"level":30,"time":1791057641999,"pid":1,"hostname":"web-8","reqId":"p-559b","req":{"method":"POST","url":"/api/orders"},"res":{"statusCode":200},"responseTime":39,"msg":"request completed"}
{"level":30,"time":1791057642136,"pid":1,"hostname":"web-8","reqId":"p-7ae7","req":{"method":"POST","url":"/api/orders"},"res":{"statusCode":200},"responseTime":56,"msg":"request completed"}
{"level":40,"time":1791057642600,"pid":1,"hostname":"web-8","upstream":"payments","elapsedMs":1784,"msg":"slow upstream"}
{"level":50,"time":1791057642827,"pid":1,"hostname":"web-8","reqId":"p-2293","err":{"type":"Error","message":"connect ETIMEDOUT 10.0.3.5:8080","stack":"Error: connect ETIMEDOUT 10.0.3.5:8080\n    at TCPConnectWrap.afterConnect [as oncomplete] (node:net:1555:16)"},"msg":"upstream request failed"}
{"level":30,"time":1791057642967,"pid":1,"hostname":"web-8","reqId":"p-531b","req":{"method":"GET","url":"/api/cart"},"res":{"statusCode":200},"responseTime":90,"msg":"request completed"}
{"level":50,"time":1791057643376,"pid":1,"hostname":"web-8","reqId":"p-21f4","err":{"type":"Error","message":"connect ETIMEDOUT 10.0.3.5:8080","stack":"Error: connect ETIMEDOUT 10.0.3.5:8080\n    at TCPConnectWrap.afterConnect [as oncomplete] (node:net:1555:16)"},"msg":"upstream request failed"}
{"level":30,"time":1791057643554,"pid":1,"hostname":"web-8","reqId":"p-367c","req":{"method":"GET","url":"/api/products"},"res":{"statusCode":200},"responseTime":18,"msg":"request completed"}
{"level":40,"time":1791057643999,"pid":1,"hostname":"web-8","upstream":"payments","elapsedMs":1828,"msg":"slow upstream"}
{"level":30,"time":1791057644286,"pid":1,"hostname":"web-8","reqId":"p-3aac","req":{"method":"POST","url":"/api/products"},"res":{"statusCode":200},"responseTime":57,"msg":"request completed"}
{"level":30,"time":1791057644432,"pid":1,"hostname":"web-8","reqId":"p-2cd9","req":{"method":"POST","url":"/api/products"},"res":{"statusCode":200},"responseTime":45,"msg":"request completed"}
{"level":30,"time":1791057644828,"pid":1,"hostname":"web-8","reqId":"p-38b4","req":{"method":"GET","url":"/api/products"},"res":{"statusCode":200},"responseTime":30,"msg":"request completed"}
{"level":30,"time":1791057645085,"pid":1,"hostname":"web-8","reqId":"p-592c","req":{"method":"GET","url":"/api/products"},"res":{"statusCode":200},"responseTime":61,"msg":"request completed"}
{"level":30,"time":1791057645647,"pid":1,"hostname":"web-8","reqId":"p-0bc5","req":{"method":"GET","url":"/api/products"},"res":{"statusCode":200},"responseTime":54,"msg":"request completed"}
{"level":30,"time":1791057645955,"pid":1,"hostname":"web-8","reqId":"p-1c8f","req":{"method":"GET","url":"/api/products"},"res":{"statusCode":200},"responseTime":41,"msg":"request completed"}
{"level":30,"time":1791057645999,"pid":1,"hostname":"web-8","reqId":"p-5b15","req":{"method":"GET","url":"/api/orders"},"res":{"statusCode":200},"responseTime":19,"msg":"request completed"}
{"level":40,"time":1791057645999,"pid":1,"hostname":"web-8","upstream":"payments","elapsedMs":3811,"msg":"slow upstream"}
{"level":30,"time":1791057645999,"pid":1,"hostname":"web-8","reqId":"p-6b74","req":{"method":"GET","url":"/api/products"},"res":{"statusCode":200},"responseTime":79,"msg":"request completed"}
{"level":30,"time":1791057645999,"pid":1,"hostname":"web-8","reqId":"p-4fa6","req":{"method":"GET","url":"/api/orders"},"res":{"statusCode":200},"responseTime":41,"msg":"request completed"}
{"level":30,"time":1791057646099,"pid":1,"hostname":"web-8","reqId":"p-49e6","req":{"method":"GET","url":"/api/orders"},"res":{"statusCode":200},"responseTime":92,"msg":"request completed"}
{"level":30,"time":1791057646225,"pid":1,"hostname":"web-8","reqId":"p-44e1","req":{"method":"GET","url":"/api/products"},"res":{"statusCode":200},"responseTime":10,"msg":"request completed"}
{"level":30,"time":1791057646560,"pid":1,"hostname":"web-8","reqId":"p-2afa","req":{"method":"POST","url":"/api/cart"},"res":{"statusCode":200},"responseTime":26,"msg":"request completed"}
{"level":30,"time":1791057646793,"pid":1,"hostname":"web-8","reqId":"p-66d7","req":{"method":"POST","url":"/api/cart"},"res":{"statusCode":200},"responseTime":83,"msg":"request completed"}
{"level":30,"time":1791057725229,"pid":1,"hostname":"web-8","reqId":"p-6b72","req":{"method":"GET","url":"/api/cart"},"res":{"statusCode":200},"responseTime":47,"msg":"request completed"}
{"level":50,"time":1791057725309,"pid":1,"hostname":"web-8","reqId":"p-1fe0","err":{"type":"Error","message":"connect ETIMEDOUT 10.0.3.5:8080","stack":"Error: connect ETIMEDOUT 10.0.3.5:8080\n    at TCPConnectWrap.afterConnect [as oncomplete] (node:net:1555:16)"},"msg":"upstream request failed"}
{"level":30,"time":1791057725420,"pid":1,"hostname":"web-8","reqId":"p-27fa","req":{"method":"POST","url":"/api/orders"},"res":{"statusCode":200},"responseTime":26,"msg":"request completed"}
{"level":30,"time":1791057725620,"pid":1,"hostname":"web-8","reqId":"p-6757","req":{"method":"POST","url":"/api/products"},"res":{"statusCode":200},"responseTime":92,"msg":"request completed"}
{"level":30,"time":1791057726150,"pid":1,"hostname":"web-8","reqId":"p-3ff0","req":{"method":"POST","url":"/api/products"},"res":{"statusCode":200},"responseTime":25,"msg":"request completed"}
{"level":30,"time":1791057726999,"pid":1,"hostname":"web-8","reqId":"p-6ce2","req":{"method":"POST","url":"/api/products"},"res":{"statusCode":200},"responseTime":44,"msg":"request completed"}
{"level":40,"time":1791057726999,"pid":1,"hostname":"web-8","upstream":"payments","elapsedMs":3709,"msg":"slow upstream"}
{"level":40,"time":1791057727031,"pid":1,"hostname":"web-8","upstream":"payments","elapsedMs":3609,"msg":"slow upstream"}
{"level":30,"time":1791057727651,"pid":1,"hostname":"web-8","reqId":"p-514e","req":{"method":"GET","url":"/api/cart"},"res":{"statusCode":200},"responseTime":88,"msg":"request completed"}
{"level":30,"time":1791057728428,"pid":1,"hostname":"web-8","reqId":"p-4728","req":{"method":"GET","url":"/api/products"},"res":{"statusCode":200},"responseTime":13,"msg":"request completed"}
{"level":30,"time":1791057728755,"pid":1,"hostname":"web-8","reqId":"p-4afe","req":{"method":"GET","url":"/api/orders"},"res":{"statusCode":200},"responseTime":23,"msg":"request completed"}
{"level":30,"time":1791057728999,"pid":1,"hostname":"web-8","reqId":"p-55a3","req":{"method":"POST","url":"/api/cart"},"res":{"statusCode":200},"responseTime":12,"msg":"request completed"}
{"level":30,"time":1791057729115,"pid":1,"hostname":"web-8","reqId":"p-3b81","req":{"method":"GET","url":"/api/orders"},"res":{"statusCode":200},"responseTime":94,"msg":"request completed"}
{"level":40,"time":1791057729999,"pid":1,"hostname":"web-8","upstream":"payments","elapsedMs":3990,"msg":"slow upstream"}
{"level":30,"time":1791057730160,"pid":1,"hostname":"web-8","reqId":"p-1cea","req":{"method":"GET","url":"/api/orders"},"res":{"statusCode":200},"responseTime":42,"msg":"request completed"}
{"level":30,"time":1791057730412,"pid":1,"hostname":"web-8","reqId":"p-6c3e","req":{"method":"POST","url":"/api/orders"},"res":{"statusCode":200},"responseTime":47,"msg":"request completed"}
{"level":40,"time":1791057730727,"pid":1,"hostname":"web-8","upstream":"payments","elapsedMs":3913,"msg":"slow upstream"}
{"level":30,"time":1791057730796,"pid":1,"hostname":"web-8","reqId":"p-1132","req":{"method":"GET","url":"/api/cart"},"res":{"statusCode":200},"responseTime":90,"msg":"request completed"}
{"level":30,"time":1791057730878,"pid":1,"hostname":"web-8","reqId":"p-555e","req":{"method":"GET","url":"/api/products"},"res":{"statusCode":200},"responseTime":45,"msg":"request completed"}
{"level":30,"time":1791057730999,"pid":1,"hostname":"web-8","reqId":"p-148b","req":{"method":"GET","url":"/api/products"},"res":{"statusCode":200},"responseTime":77,"msg":"request completed"}
{"level":30,"time":1791057731025,"pid":1,"hostname":"web-8","reqId":"p-7e35","req":{"method":"GET","url":"/api/cart"},"res":{"statusCode":200},"responseTime":46,"msg":"request completed"}
{"level":30,"time":1791057731335,"pid":1,"hostname":"web-8","reqId":"p-11c2","req":{"method":"POST","url":"/api/orders"},"res":{"statusCode":200},"responseTime":19,"msg":"request completed"}
{"level":30,"time":1791057732770,"pid":1,"hostname":"web-8","reqId":"p-0c87","req":{"method":"GET","url":"/api/cart"},"res":{"statusCode":200},"responseTime":23,"msg":"request completed"}
{"level":30,"time":1791057732999,"pid":1,"hostname":"web-8","reqId":"p-5355","req":{"method":"GET","url":"/api/products"},"res":{"statusCode":200},"responseTime":11,"msg":"request completed"}
{"level":50,"time":1791057733807,"pid":1,"hostname":"web-8","reqId":"p-6c7e","err":{"type":"Error","message":"connect ETIMEDOUT 10.0.3.5:8080","stack":"Error: connect ETIMEDOUT 10.0.3.5:8080\n    at TCPConnectWrap.afterConnect [as oncomplete] (node:net:1555:16)"},"msg":"upstream request failed"}
{"level":30,"time":1791057733999,"pid":1,"hostname":"web-8","reqId":"p-5d1d","req":{"method":"GET","url":"/api/orders"},"res":{"statusCode":200},"responseTime":39,"msg":"request completed"}
{"level":30,"time":1791057733999,"pid":1,"hostname":"web-8","reqId":"p-5fa5","req":{"method":"GET","url":"/api/products"},"res":{"statusCode":200},"responseTime":34,"msg":"request completed"}
{"level":30,"time":1791057734090,"pid":1,"hostname":"web-8","reqId":"p-3b6b","req":{"method":"POST","url":"/api/products"},"res":{"statusCode":200},"responseTime":87,"msg":"request completed"}
{"level":30,"time":1791057734888,"pid":1,"hostname":"web-8","reqId":"p-1bf6","req":{"method":"GET","url":"/api/cart"},"res":{"statusCode":200},"responseTime":22,"msg":"request completed"}
{"level":30,"time":1791057734999,"pid":1,"hostname":"web-8","reqId":"p-065f","req":{"method":"GET","url":"/api/products"},"res":{"statusCode":200},"responseTime":26,"msg":"request completed"}
{"level":50,"time":1791057735200,"pid":1,"hostname":"web-8","reqId":"p-45db","err":{"type":"Error","message":"connect ETIMEDOUT 10.0.3.5:8080","stack":"Error: connect ETIMEDOUT 10.0.3.5:8080\n    at TCPConnectWrap.afterConnect [as oncomplete] (node:net:1555:16)"},"msg":"upstream request failed"}
{"level":40,"time":1791057735999,"pid":1,"hostname":"web-8","upstream":"payments","elapsedMs":3567,"msg":"slow upstream"}
{"level":30,"time":1791057736225,"pid":1,"hostname":"web-8","reqId":"p-4ee3","req":{"method":"POST","url":"/api/orders"},"res":{"statusCode":200},"responseTime":94,"msg":"request completed"}
{"level":30,"time":1791057736999,"pid":1,"hostname":"web-8","reqId":"p-5ffb","req":{"method":"POST","url":"/api/cart"},"res":{"statusCode":200},"responseTime":33,"msg":"request completed"}
{"level":40,"time":1791057737654,"pid":1,"hostname":"web-8","upstream":"payments","elapsedMs":2518,"msg":"slow upstream"}
{"level":30,"time":1791057737763,"pid":1,"hostname":"web-8","reqId":"p-4400","req":{"method":"POST","url":"/api/cart"},"res":{"statusCode":200},"responseTime":11,"msg":"request completed"}
{"level":30,"time":1791057738082,"pid":1,"hostname":"web-8","reqId":"p-5c02","req":{"method":"GET","url":"/api/products"},"res":{"statusCode":200},"responseTime":93,"msg":"request completed"}
{"level":30,"time":1791057738441,"pid":1,"hostname":"web-8","reqId":"p-50b3","req":{"method":"GET","url":"/api/orders"},"res":{"statusCode":200},"responseTime":26,"msg":"request completed"}
{"level":30,"time":1791057738983,"pid":1,"hostname":"web-8","reqId":"p-4dbe","req":{"method":"GET","url":"/api/cart"},"res":{"statusCode":200},"responseTime":44,"msg":"request completed"}
{"level":50,"time":1791057738999,"pid":1,"hostname":"web-8","reqId":"p-7adf","err":{"type":"Error","message":"connect ETIMEDOUT 10.0.3.5:8080","stack":"Error: connect ETIMEDOUT 10.0.3.5:8080\n    at TCPConnectWrap.afterConnect [as oncomplete] (node:net:1555:16)"},"msg":"upstream request failed"}
{"level":30,"time":1791057739185,"pid":1,"hostname":"web-8","reqId":"p-3a2d","req":{"method":"POST","url":"/api/orders"},"res":{"statusCode":200},"responseTime":9,"msg":"request completed"}
{"level":50,"time":1791057739616,"pid":1,"hostname":"web-8","reqId":"p-1e08","err":{"type":"Error","message":"connect ETIMEDOUT 10.0.3.5:8080","stack":"Error: connect ETIMEDOUT 10.0.3.5:8080\n    at TCPConnectWrap.afterConnect [as oncomplete] (node:net:1555:16)"},"msg":"upstream request failed"}
{"level":30,"time":1791057739760,"pid":1,"hostname":"web-8","reqId":"p-25ec","req":{"method":"GET","url":"/api/cart"},"res":{"statusCode":200},"responseTime":9,"msg":"request completed"}
{"level":30,"time":1791057739874,"pid":1,"hostname":"web-8","reqId":"p-3563","req":{"method":"GET","url":"/api/products"},"res":{"statusCode":200},"responseTime":6,"msg":"request completed"}
{"level":30,"time":1791057739999,"pid":1,"hostname":"web-8","reqId":"p-2dd9","req":{"method":"GET","url":"/api/cart"},"res":{"statusCode":200},"responseTime":42,"msg":"request completed"}
{"level":30,"time":1791057740206,"pid":1,"hostname":"web-8","reqId":"p-09d6","req":{"method":"GET","url":"/api/cart"},"res":{"statusCode":200},"responseTime":90,"msg":"request completed"}
{"level":50,"time":1791057740649,"pid":1,"hostname":"web-8","reqId":"p-243d","err":{"type":"Error","message":"connect ETIMEDOUT 10.0.3.5:8080","stack":"Error: connect ETIMEDOUT 10.0.3.5:8080\n    at TCPConnectWrap.afterConnect [as oncomplete] (node:net:1555:16)"},"msg":"upstream request failed"}
{"level":30,"time":1791057740874,"pid":1,"hostname":"web-8","reqId":"p-4d22","req":{"method":"GET","url":"/api/products"},"res":{"statusCode":200},"responseTime":8,"msg":"request completed"}
{"level":30,"time":1791057741999,"pid":1,"hostname":"web-8","reqId":"p-13e7","req":{"method":"POST","url":"/api/cart"},"res":{"statusCode":200},"responseTime":61,"msg":"request completed"}
{"level":50,"time":1791057742389,"pid":1,"hostname":"web-8","reqId":"p-270a","err":{"type":"Error","message":"connect ETIMEDOUT 10.0.3.5:8080","stack":"Error: connect ETIMEDOUT 10.0.3.5:8080\n    at TCPConnectWrap.afterConnect [as oncomplete] (node:net:1555:16)"},"msg":"upstream request failed"}
{"level":30,"time":1791057742999,"pid":1,"hostname":"web-8","reqId":"p-1b8f","req":{"method":"GET","url":"/api/cart"},"res":{"statusCode":200},"responseTime":53,"msg":"request completed"}
{"level":40,"time":1791057742999,"pid":1,"hostname":"web-8","upstream":"payments","elapsedMs":1742,"msg":"slow upstream"}
{"level":30,"time":1791057743894,"pid":1,"hostname":"web-8","reqId":"p-2de9","req":{"method":"GET","url":"/api/orders"},"res":{"statusCode":200},"responseTime":45,"msg":"request completed"}
{"level":30,"time":1791057744863,"pid":1,"hostname":"web-8","reqId":"p-088a","req":{"method":"POST","url":"/api/cart"},"res":{"statusCode":200},"responseTime":75,"msg":"request completed"}
{"level":30,"time":1791057744999,"pid":1,"hostname":"web-8","reqId":"p-76d5","req":{"method":"POST","url":"/api/cart"},"res":{"statusCode":200},"responseTime":51,"msg":"request completed"}
{"level":30,"time":1791057745348,"pid":1,"hostname":"web-8","reqId":"p-733b","req":{"method":"GET","url":"/api/orders"},"res":{"statusCode":200},"responseTime":25,"msg":"request completed"}
{"level":30,"time":1791057745999,"pid":1,"hostname":"web-8","reqId":"p-3b50","req":{"method":"GET","url":"/api/products"},"res":{"statusCode":200},"responseTime":28,"msg":"request completed"}
{"level":30,"time":1791057746999,"pid":1,"hostname":"web-8","reqId":"p-3ab1","req":{"method":"POST","url":"/api/products"},"res":{"statusCode":200},"responseTime":79,"msg":"request completed"}
{"level":40,"time":1791057747499,"pid":1,"hostname":"web-8","upstream":"payments","elapsedMs":3139,"msg":"slow upstream"}
{"level":30,"time":1791057747999,"pid":1,"hostname":"web-8","reqId":"p-2d58","req":{"method":"GET","url":"/api/products"},"res":{"statusCode":200},"responseTime":46,"msg":"request completed"}
{"level":30,"time":1791057748613,"pid":1,"hostname":"web-8","reqId":"p-2d45","req":{"method":"GET","url":"/api/products"},"res":{"statusCode":200},"responseTime":58,"msg":"request completed"}
{"level":50,"time":1791057748810,"pid":1,"hostname":"web-8","reqId":"p-5613","err":{"type":"Error","message":"connect ETIMEDOUT 10.0.3.5:8080","stack":"Error: connect ETIMEDOUT 10.0.3.5:8080\n    at TCPConnectWrap.afterConnect [as oncomplete] (node:net:1555:16)"},"msg":"upstream request failed"}
{"level":40,"time":1791057748999,"pid":1,"hostname":"web-8","upstream":"payments","elapsedMs":3794,"msg":"slow upstream"}
{"level":30,"time":1791057749271,"pid":1,"hostname":"web-8","reqId":"p-58f3","req":{"method":"GET","url":"/api/orders"},"res":{"statusCode":200},"responseTime":89,"msg":"request completed"}
{"level":40,"time":1791057749696,"pid":1,"hostname":"web-8","upstream":"payments","elapsedMs":2864,"msg":"slow upstream"}
{"level":30,"time":1791057749999,"pid":1,"hostname":"web-8","reqId":"p-2e5e","req":{"method":"POST","url":"/api/cart"},"res":{"statusCode":200},"responseTime":34,"msg":"request completed"}
{"level":30,"time":1791057751546,"pid":1,"hostname":"web-8","reqId":"p-0458","req":{"method":"POST","url":"/api/products"},"res":{"statusCode":200},"responseTime":56,"msg":"request completed"}
{"level":30,"time":1791057752448,"pid":1,"hostname":"web-8","reqId":"p-5908","req":{"method":"GET","url":"/api/orders"},"res":{"statusCode":200},"responseTime":87,"msg":"request completed"}
{"level":30,"time":1791057753683,"pid":1,"hostname":"web-8","reqId":"p-2613","req":{"method":"GET","url":"/api/products"},"res":{"statusCode":200},"responseTime":47,"msg":"request completed"}
{"level":30,"time":1791057753999,"pid":1,"hostname":"web-8","reqId":"p-7417","req":{"method":"GET","url":"/api/products"},"res":{"statusCode":200},"responseTime":43,"msg":"request completed"}
{"level":30,"time":1791057754050,"pid":1,"hostname":"web-8","reqId":"p-4d72","req":{"method":"GET","url":"/api/products"},"res":{"statusCode":200},"responseTime":16,"msg":"request completed"}
{"level":30,"time":1791057754199,"pid":1,"hostname":"web-8","reqId":"p-6729","req":{"method":"GET","url":"/api/cart"},"res":{"statusCode":200},"responseTime":70,"msg":"request completed"}
{"level":40,"time":1791057755187,"pid":1,"hostname":"web-8","upstream":"payments","elapsedMs":3094,"msg":"slow upstream"}
{"level":40,"time":1791057755842,"pid":1,"hostname":"web-8","upstream":"payments","elapsedMs":1875,"msg":"slow upstream"}
{"level":40,"time":1791057756808,"pid":1,"hostname":"web-8","upstream":"payments","elapsedMs":2943,"msg":"slow upstream"}
{"level":30,"time":1791057756995,"pid":1,"hostname":"web-8","reqId":"p-059e","req":{"method":"POST","url":"/api/orders"},"res":{"statusCode":200},"responseTime":92,"msg":"request completed"}
{"level":30,"time":1791057757501,"pid":1,"hostname":"web-8","reqId":"p-121d","req":{"method":"GET","url":"/api/orders"},"res":{"statusCode":200},"responseTime":77,"msg":"request completed"}
{"level":30,"time":1791057757533,"pid":1,"hostname":"web-8","reqId":"p-6c54","req":{"method":"POST","url":"/api/orders"},"res":{"statusCode":200},"responseTime":64,"msg":"request completed"}
{"level":30,"time":1791057758546,"pid":1,"hostname":"web-8","reqId":"p-16dd","req":{"method":"POST","url":"/api/cart"},"res":{"statusCode":200},"responseTime":45,"msg":"request completed"}
{"level":50,"time":1791057758999,"pid":1,"hostname":"web-8","reqId":"p-04db","err":{"type":"Error","message":"connect ETIMEDOUT 10.0.3.5:8080","stack":"Error: connect ETIMEDOUT 10.0.3.5:8080\n    at TCPConnectWrap.afterConnect [as oncomplete] (node:net:1555:16)"},"msg":"upstream request failed"}
{"level":30,"time":1791057758999,"pid":1,"hostname":"web-8","reqId":"p-622c","req":{"method":"GET","url":"/api/orders"},"res":{"statusCode":200},"responseTime":55,"msg":"request completed"}
{"level":30,"time":1791057759450,"pid":1,"hostname":"web-8","reqId":"p-5f93","req":{"method":"POST","url":"/api/products"},"res":{"statusCode":200},"responseTime":70,"msg":"request completed"}
{"level":50,"time":1791057759816,"pid":1,"hostname":"web-8","reqId":"p-5bf4","err":{"type":"Error","message":"connect ETIMEDOUT 10.0.3.5:8080","stack":"Error: connect ETIMEDOUT 10.0.3.5:8080\n    at TCPConnectWrap.afterConnect [as oncomplete] (node:net:1555:16)"},"msg":"upstream request failed"}
{"level":30,"time":1791057760561,"pid":1,"hostname":"web-8","reqId":"p-3061","req":{"method":"POST","url":"/api/products"},"res":{"statusCode":200},"responseTime":28,"msg":"request completed"}
{"level":30,"time":1791057760664,"pid":1,"hostname":"web-8","reqId":"p-6bd9","req":{"method":"GET","url":"/api/products"},"res":{"statusCode":200},"responseTime":60,"msg":"request completed"}
{"level":30,"time":1791057760999,"pid":1,"hostname":"web-8","reqId":"p-3450","req":{"method":"GET","url":"/api/cart"},"res":{"statusCode":200},"responseTime":85,"msg":"request completed"}
{"level":30,"time":1791057760999,"pid":1,"hostname":"web-8","reqId":"p-6020","req":{"method":"GET","url":"/api/cart"},"res":{"statusCode":200},"responseTime":25,"msg":"request completed"}
{"level":30,"time":1791057761026,"pid":1,"hostname":"web-8","reqId":"p-005d","req":{"method":"GET","url":"/api/cart"},"res":{"statusCode":200},"responseTime":70,"msg":"request completed"}
{"level":30,"time":1791057761126,"pid":1,"hostname":"web-8","reqId":"p-1619","req":{"method":"GET","url":"/api/cart"},"res":{"statusCode":200},"responseTime":6,"msg":"request completed"}
{"level":30,"time":1791057761595,"pid":1,"hostname":"web-8","reqId":"p-16e1","req":{"method":"GET","url":"/api/products"},"res":{"statusCode":200},"responseTime":81,"msg":"request completed"}
{"level":30,"time":1791057761807,"pid":1,"hostname":"web-8","reqId":"p-50f4","req":{"method":"GET","url":"/api/products"},"res":{"statusCode":200},"responseTime":11,"msg":"request completed"}
{"level":50,"time":1791057762111,"pid":1,"hostname":"web-8","reqId":"p-570c","err":{"type":"Error","message":"connect ETIMEDOUT 10.0.3.5:8080","stack":"Error: connect ETIMEDOUT 10.0.3.5:8080\n    at TCPConnectWrap.afterConnect [as oncomplete] (node:net:1555:16)"},"msg":"upstream request failed"}
{"level":30,"time":1791057762119,"pid":1,"hostname":"web-8","reqId":"p-430f","req":{"method":"POST","url":"/api/orders"},"res":{"statusCode":200},"responseTime":65,"msg":"request completed"}
{"level":30,"time":1791057762319,"pid":1,"hostname":"web-8","reqId":"p-20ef","req":{"method":"GET","url":"/api/orders"},"res":{"statusCode":200},"responseTime":34,"msg":"request completed"}
{"level":50,"time":1791057762590,"pid":1,"hostname":"web-8","reqId":"p-41e4","err":{"type":"Error","message":"connect ETIMEDOUT 10.0.3.5:8080","stack":"Error: connect ETIMEDOUT 10.0.3.5:8080\n    at TCPConnectWrap.afterConnect [as oncomplete] (node:net:1555:16)"},"msg":"upstream request failed"}
{"level":30,"time":1791057763140,"pid":1,"hostname":"web-8","reqId":"p-1665","req":{"method":"GET","url":"/api/orders"},"res":{"statusCode":200},"responseTime":91,"msg":"request completed"}
{"level":30,"time":1791057763214,"pid":1,"hostname":"web-8","reqId":"p-072b","req":{"method":"POST","url":"/api/cart"},"res":{"statusCode":200},"responseTime":88,"msg":"request completed"}
{"level":30,"time":1791057763356,"pid":1,"hostname":"web-8","reqId":"p-2784","req":{"method":"GET","url":"/api/orders"},"res":{"statusCode":200},"responseTime":71,"msg":"request completed"}
{"level":30,"time":1791057763774,"pid":1,"hostname":"web-8","reqId":"p-1440","req":{"method":"POST","url":"/api/products"},"res":{"statusCode":200},"responseTime":75,"msg":"request completed"}
{"level":30,"time":1791057763808,"pid":1,"hostname":"web-8","reqId":"p-4435","req":{"method":"GET","url":"/api/products"},"res":{"statusCode":200},"responseTime":44,"msg":"request completed"}
{"level":30,"time":1791057763970,"pid":1,"hostname":"web-8","reqId":"p-517c","req":{"method":"POST","url":"/api/cart"},"res":{"statusCode":200},"responseTime":9,"msg":"request completed"}
{"level":30,"time":1791057763973,"pid":1,"hostname":"web-8","reqId":"p-559a","req":{"method":"GET","url":"/api/orders"},"res":{"statusCode":200},"responseTime":34,"msg":"request completed"}
{"level":30,"time":1791057764461,"pid":1,"hostname":"web-8","reqId":"p-25cc","req":{"method":"GET","url":"/api/cart"},"res":{"statusCode":200},"responseTime":49,"msg":"request completed"}
{"level":30,"time":1791057764999,"pid":1,"hostname":"web-8","reqId":"p-6c00","req":{"method":"GET","url":"/api/cart"},"res":{"statusCode":200},"responseTime":20,"msg":"request completed"}
{"level":30,"time":1791057764999,"pid":1,"hostname":"web-8","reqId":"p-65ed","req":{"method":"GET","url":"/api/products"},"res":{"statusCode":200},"responseTime":21,"msg":"request completed"}
{"level":50,"time":1791057765280,"pid":1,"hostname":"web-8","reqId":"p-6afa","err":{"type":"Error","message":"connect ETIMEDOUT 10.0.3.5:8080","stack":"Error: connect ETIMEDOUT 10.0.3.5:8080\n    at TCPConnectWrap.afterConnect [as oncomplete] (node:net:1555:16)"},"msg":"upstream request failed"}
{"level":30,"time":1791057765857,"pid":1,"hostname":"web-8","reqId":"p-3583","req":{"method":"GET","url":"/api/products"},"res":{"statusCode":200},"responseTime":94,"msg":"request completed"}
{"level":30,"time":1791057765876,"pid":1,"hostname":"web-8","reqId":"p-0b28","req":{"method":"POST","url":"/api/products"},"res":{"statusCode":200},"responseTime":16,"msg":"request completed"}
{"level":30,"time":1791057765999,"pid":1,"hostname":"web-8","reqId":"p-6ea0","req":{"method":"GET","url":"/api/products"},"res":{"statusCode":200},"responseTime":28,"msg":"request completed"}
{"level":30,"time":1791057766324,"pid":1,"hostname":"web-8","reqId":"p-0e5b","req":{"method":"POST","url":"/api/cart"},"res":{"statusCode":200},"responseTime":27,"msg":"request completed"}
{"level":30,"time":1791057766999,"pid":1,"hostname":"web-8","reqId":"p-185b","req":{"method":"POST","url":"/api/orders"},"res":{"statusCode":200},"responseTime":75,"msg":"request completed"}
{"level":30,"time":1791057766999,"pid":1,"hostname":"web-8","reqId":"p-4a94","req":{"method":"POST","url":"/api/cart"},"res":{"statusCode":200},"responseTime":49,"msg":"request completed"}
{"level":30,"time":1791057767511,"pid":1,"hostname":"web-8","reqId":"p-548a","req":{"method":"GET","url":"/api/products"},"res":{"statusCode":200},"responseTime":54,"msg":"request completed"}
{"level":40,"time":1791057768077,"pid":1,"hostname":"web-8","upstream":"payments","elapsedMs":3702,"msg":"slow upstream"}
{"level":30,"time":1791057768670,"pid":1,"hostname":"web-8","reqId":"p-04c8","req":{"method":"GET","url":"/api/orders"},"res":{"statusCode":200},"responseTime":77,"msg":"request completed"}
{"level":40,"time":1791057768874,"pid":1,"hostname":"web-8","upstream":"payments","elapsedMs":3475,"msg":"slow upstream"}
{"level":30,"time":1791057769325,"pid":1,"hostname":"web-8","reqId":"p-5f5e","req":{"method":"GET","url":"/api/orders"},"res":{"statusCode":200},"responseTime":37,"msg":"request completed"}
{"level":30,"time":1791057769595,"pid":1,"hostname":"web-8","reqId":"p-5054","req":{"method":"GET","url":"/api/products"},"res":{"statusCode":200},"responseTime":48,"msg":"request completed"}
{"level":30,"time":1791057769999,"pid":1,"hostname":"web-8","reqId":"p-382d","req":{"method":"GET","url":"/api/orders"},"res":{"statusCode":200},"responseTime":79,"msg":"request completed"}
{"level":30,"time":1791057770302,"pid":1,"hostname":"web-8","reqId":"p-2318","req":{"method":"GET","url":"/api/orders"},"res":{"statusCode":200},"responseTime":26,"msg":"request completed"}
{"level":30,"time":1791057770942,"pid":1,"hostname":"web-8","reqId":"p-3c39","req":{"method":"POST","url":"/api/products"},"res":{"statusCode":200},"responseTime":13,"msg":"request completed"}
{"level":30,"time":1791057772063,"pid":1,"hostname":"web-8","reqId":"p-507f","req":{"method":"POST","url":"/api/orders"},"res":{"statusCode":200},"responseTime":24,"msg":"request completed"}
{"level":50,"time":1791057772999,"pid":1,"hostname":"web-8","reqId":"p-4a75","err":{"type":"Error","message":"connect ETIMEDOUT 10.0.3.5:8080","stack":"Error: connect ETIMEDOUT 10.0.3.5:8080\n    at TCPConnectWrap.afterConnect [as oncomplete] (node:net:1555:16)"},"msg":"upstream request failed"}
{"level":40,"time":1791057773522,"pid":1,"hostname":"web-8","upstream":"payments","elapsedMs":3952,"msg":"slow upstream"}
{"level":30,"time":1791057773685,"pid":1,"hostname":"web-8","reqId":"p-5f0f","req":{"method":"GET","url":"/api/orders"},"res":{"statusCode":200},"responseTime":92,"msg":"request completed"}
{"level":30,"time":1791057774498,"pid":1,"hostname":"web-8","reqId":"p-1976","req":{"method":"GET","url":"/api/products"},"res":{"statusCode":200},"responseTime":8,"msg":"request completed"}
{"level":50,"time":1791057774999,"pid":1,"hostname":"web-8","reqId":"p-70fa","err":{"type":"Error","message":"connect ETIMEDOUT 10.0.3.5:8080","stack":"Error: connect ETIMEDOUT 10.0.3.5:8080\n    at TCPConnectWrap.afterConnect [as oncomplete] (node:net:1555:16)"},"msg":"upstream request failed"}
{"level":40,"time":1791057775521,"pid":1,"hostname":"web-8","upstream":"payments","elapsedMs":3707,"msg":"slow upstream"}
{"level":30,"time":1791057775909,"pid":1,"hostname":"web-8","reqId":"p-4fe9","req":{"method":"GET","url":"/api/cart"},"res":{"statusCode":200},"responseTime":84,"msg":"request completed"}
{"level":30,"time":1791057775999,"pid":1,"hostname":"web-8","reqId":"p-2e0e","req":{"method":"POST","url":"/api/products"},"res":{"statusCode":200},"responseTime":60,"msg":"request completed"}
{"level":30,"time":1791057775999,"pid":1,"hostname":"web-8","reqId":"p-56a6","req":{"method":"POST","url":"/api/orders"},"res":{"statusCode":200},"responseTime":52,"msg":"request completed"}
{"level":30,"time":1791057775999,"pid":1,"hostname":"web-8","reqId":"p-6276","req":{"method":"GET","url":"/api/cart"},"res":{"statusCode":200},"responseTime":85,"msg":"request completed"}
{"level":30,"time":1791057776682,"pid":1,"hostname":"web-8","reqId":"p-48a1","req":{"method":"GET","url":"/api/products"},"res":{"statusCode":200},"responseTime":47,"msg":"request completed"}
{"level":30,"time":1791057776999,"pid":1,"hostname":"web-8","reqId":"p-7a28","req":{"method":"GET","url":"/api/cart"},"res":{"statusCode":200},"responseTime":90,"msg":"request completed"}
{"level":30,"time":1791057777948,"pid":1,"hostname":"web-8","reqId":"p-1871","req":{"method":"GET","url":"/api/cart"},"res":{"statusCode":200},"responseTime":90,"msg":"request completed"}
{"level":40,"time":1791057779208,"pid":1,"hostname":"web-8","upstream":"payments","elapsedMs":2130,"msg":"slow upstream"}
{"level":40,"time":1791057779237,"pid":1,"hostname":"web-8","upstream":"payments","elapsedMs":3501,"msg":"slow upstream"}
{"level":30,"time":1791057779839,"pid":1,"hostname":"web-8","reqId":"p-74fd","req":{"method":"POST","url":"/api/cart"},"res":{"statusCode":200},"responseTime":55,"msg":"request completed"}
{"level":40,"time":1791057780096,"pid":1,"hostname":"web-8","upstream":"payments","elapsedMs":2230,"msg":"slow upstream"}
{"level":30,"time":1791057780999,"pid":1,"hostname":"web-8","reqId":"p-5afa","req":{"method":"GET","url":"/api/orders"},"res":{"statusCode":200},"responseTime":76,"msg":"request completed"}
{"level":30,"time":1791057781293,"pid":1,"hostname":"web-8","reqId":"p-58ca","req":{"method":"POST","url":"/api/products"},"res":{"statusCode":200},"responseTime":69,"msg":"request completed"}
{"level":40,"time":1791057781932,"pid":1,"hostname":"web-8","upstream":"payments","elapsedMs":3793,"msg":"slow upstream"}
{"level":50,"time":1791057781999,"pid":1,"hostname":"web-8","reqId":"p-5f7e","err":{"type":"Error","message":"connect ETIMEDOUT 10.0.3.5:8080","stack":"Error: connect ETIMEDOUT 10.0.3.5:8080\n    at TCPConnectWrap.afterConnect [as oncomplete] (node:net:1555:16)"},"msg":"upstream request failed"}
{"level":30,"time":1791057782325,"pid":1,"hostname":"web-8","reqId":"p-1bc3","req":{"method":"GET","url":"/api/cart"},"res":{"statusCode":200},"responseTime":31,"msg":"request completed"}
{"level":40,"time":1791057782659,"pid":1,"hostname":"web-8","upstream":"payments","elapsedMs":2001,"msg":"slow upstream"}
{"level":30,"time":1791057783770,"pid":1,"hostname":"web-8","reqId":"p-7f05","req":{"method":"GET","url":"/api/cart"},"res":{"statusCode":200},"responseTime":57,"msg":"request completed"}
{"level":40,"time":1791057784024,"pid":1,"hostname":"web-8","upstream":"payments","elapsedMs":1504,"msg":"slow upstream"}
{"level":30,"time":1791057784631,"pid":1,"hostname":"web-8","reqId":"p-43cb","req":{"method":"GET","url":"/api/cart"},"res":{"statusCode":200},"responseTime":47,"msg":"request completed"}
{"level":50,"time":1791057784999,"pid":1,"hostname":"web-8","reqId":"p-35c5","err":{"type":"Error","message":"connect ETIMEDOUT 10.0.3.5:8080","stack":"Error: connect ETIMEDOUT 10.0.3.5:8080\n    at TCPConnectWrap.afterConnect [as oncomplete] (node:net:1555:16)"},"msg":"upstream request failed"}
{"level":30,"time":1791057785378,"pid":1,"hostname":"web-8","reqId":"p-285f","req":{"method":"GET","url":"/api/cart"},"res":{"statusCode":200},"responseTime":85,"msg":"request completed"}
{"level":30,"time":1791057785426,"pid":1,"hostname":"web-8","reqId":"p-5775","req":{"method":"POST","url":"/api/cart"},"res":{"statusCode":200},"responseTime":37,"msg":"request completed"}
{"level":30,"time":1791057785857,"pid":1,"hostname":"web-8","reqId":"p-32ed","req":{"method":"POST","url":"/api/orders"},"res":{"statusCode":200},"responseTime":26,"msg":"request completed"}
{"level":50,"time":1791057786264,"pid":1,"hostname":"web-8","reqId":"p-7fe4","err":{"type":"Error","message":"connect ETIMEDOUT 10.0.3.5:8080","stack":"Error: connect ETIMEDOUT 10.0.3.5:8080\n    at TCPConnectWrap.afterConnect [as oncomplete] (node:net:1555:16)"},"msg":"upstream request failed"}
{"level":50,"time":1791057786761,"pid":1,"hostname":"web-8","reqId":"p-163c","err":{"type":"Error","message":"connect ETIMEDOUT 10.0.3.5:8080","stack":"Error: connect ETIMEDOUT 10.0.3.5:8080\n    at TCPConnectWrap.afterConnect [as oncomplete] (node:net:1555:16)"},"msg":"upstream request failed"}
{"level":30,"time":1791057787107,"pid":1,"hostname":"web-8","reqId":"p-3111","req":{"method":"GET","url":"/api/products"},"res":{"statusCode":200},"responseTime":85,"msg":"request completed"}
{"level":30,"time":1791057788999,"pid":1,"hostname":"web-8","reqId":"p-730b","req":{"method":"GET","url":"/api/products"},"res":{"statusCode":200},"responseTime":79,"msg":"request completed"}
{"level":30,"time":1791057788999,"pid":1,"hostname":"web-8","reqId":"p-6e95","req":{"method":"POST","url":"/api/orders"},"res":{"statusCode":200},"responseTime":55,"msg":"request completed"}
{"level":30,"time":1791057789150,"pid":1,"hostname":"web-8","reqId":"p-6b79","req":{"method":"POST","url":"/api/orders"},"res":{"statusCode":200},"responseTime":78,"msg":"request completed"}
{"level":30,"time":1791057789155,"pid":1,"hostname":"web-8","reqId":"p-24ef","req":{"method":"POST","url":"/api/orders"},"res":{"statusCode":200},"responseTime":41,"msg":"request completed"}
{"level":30,"time":1791057789336,"pid":1,"hostname":"web-8","reqId":"p-24f1","req":{"method":"GET","url":"/api/cart"},"res":{"statusCode":200},"responseTime":80,"msg":"request completed"}
{"level":30,"time":1791057789999,"pid":1,"hostname":"web-8","reqId":"p-2160","req":{"method":"GET","url":"/api/products"},"res":{"statusCode":200},"responseTime":22,"msg":"request completed"}
{"level":40,"time":1791057790648,"pid":1,"hostname":"web-8","upstream":"payments","elapsedMs":1611,"msg":"slow upstream"}
{"level":40,"time":1791057790684,"pid":1,"hostname":"web-8","upstream":"payments","elapsedMs":1517,"msg":"slow upstream"}
{"level":40,"time":1791057790999,"pid":1,"hostname":"web-8","upstream":"payments","elapsedMs":2394,"msg":"slow upstream"}
{"level":30,"time":1791057791649,"pid":1,"hostname":"web-8","reqId":"p-469f","req":{"method":"GET","url":"/api/orders"},"res":{"statusCode":200},"responseTime":71,"msg":"request completed"}
{"level":30,"time":1791057791999,"pid":1,"hostname":"web-8","reqId":"p-7ca5","req":{"method":"POST","url":"/api/products"},"res":{"statusCode":200},"responseTime":64,"msg":"request completed"}
{"level":40,"time":1791057791999,"pid":1,"hostname":"web-8","upstream":"payments","elapsedMs":3107,"msg":"slow upstream"}
{"level":30,"time":1791057792104,"pid":1,"hostname":"web-8","reqId":"p-4ee4","req":{"method":"GET","url":"/api/products"},"res":{"statusCode":200},"responseTime":11,"msg":"request completed"}
{"level":30,"time":1791057792654,"pid":1,"hostname":"web-8","reqId":"p-5483","req":{"method":"POST","url":"/api/products"},"res":{"statusCode":200},"responseTime":12,"msg":"request completed"}
{"level":30,"time":1791057792673,"pid":1,"hostname":"web-8","reqId":"p-34d9","req":{"method":"GET","url":"/api/products"},"res":{"statusCode":200},"responseTime":59,"msg":"request completed"}
{"level":30,"time":1791057792921,"pid":1,"hostname":"web-8","reqId":"p-50fa","req":{"method":"GET","url":"/api/cart"},"res":{"statusCode":200},"responseTime":13,"msg":"request completed"}
{"level":30,"time":1791057792999,"pid":1,"hostname":"web-8","reqId":"p-0c9f","req":{"method":"POST","url":"/api/cart"},"res":{"statusCode":200},"responseTime":23,"msg":"request completed"}
{"level":50,"time":1791057793452,"pid":1,"hostname":"web-8","reqId":"p-714e","err":{"type":"Error","message":"connect ETIMEDOUT 10.0.3.5:8080","stack":"Error: connect ETIMEDOUT 10.0.3.5:8080\n    at TCPConnectWrap.afterConnect [as oncomplete] (node:net:1555:16)"},"msg":"upstream request failed"}
{"level":40,"time":1791057793959,"pid":1,"hostname":"web-8","upstream":"payments","elapsedMs":2746,"msg":"slow upstream"}
{"level":40,"time":1791057793999,"pid":1,"hostname":"web-8","upstream":"payments","elapsedMs":3969,"msg":"slow upstream"}
{"level":30,"time":1791057793999,"pid":1,"hostname":"web-8","reqId":"p-2dc3","req":{"method":"GET","url":"/api/cart"},"res":{"statusCode":200},"responseTime":51,"msg":"request completed"}
{"level":50,"time":1791057794455,"pid":1,"hostname":"web-8","reqId":"p-1072","err":{"type":"Error","message":"connect ETIMEDOUT 10.0.3.5:8080","stack":"Error: connect ETIMEDOUT 10.0.3.5:8080\n    at TCPConnectWrap.afterConnect [as oncomplete] (node:net:1555:16)"},"msg":"upstream request failed"}
{"level":30,"time":1791057794999,"pid":1,"hostname":"web-8","reqId":"p-0017","req":{"method":"GET","url":"/api/cart"},"res":{"statusCode":200},"responseTime":80,"msg":"request completed"}
{"level":30,"time":1791057794999,"pid":1,"hostname":"web-8","reqId":"p-1b2b","req":{"method":"POST","url":"/api/orders"},"res":{"statusCode":200},"responseTime":24,"msg":"request completed"}
{"level":30,"time":1791057795116,"pid":1,"hostname":"web-8","reqId":"p-3fa9","req":{"method":"GET","url":"/api/cart"},"res":{"statusCode":200},"responseTime":89,"msg":"request completed"}
{"level":30,"time":1791057795434,"pid":1,"hostname":"web-8","reqId":"p-0677","req":{"method":"GET","url":"/api/cart"},"res":{"statusCode":200},"responseTime":26,"msg":"request completed"}
{"level":30,"time":1791057795889,"pid":1,"hostname":"web-8","reqId":"p-1ab6","req":{"method":"GET","url":"/api/orders"},"res":{"statusCode":200},"responseTime":85,"msg":"request completed"}
{"level":30,"time":1791057796611,"pid":1,"hostname":"web-8","reqId":"p-20f3","req":{"method":"GET","url":"/api/products"},"res":{"statusCode":200},"responseTime":76,"msg":"request completed"}
{"level":30,"time":1791057797847,"pid":1,"hostname":"web-8","reqId":"p-000f","req":{"method":"POST","url":"/api/cart"},"res":{"statusCode":200},"responseTime":17,"msg":"request completed"}
{"level":30,"time":1791057797963,"pid":1,"hostname":"web-8","reqId":"p-70ab","req":{"method":"GET","url":"/api/cart"},"res":{"statusCode":200},"responseTime":67,"msg":"request completed"}
{"level":30,"time":1791057798962,"pid":1,"hostname":"web-8","reqId":"p-6315","req":{"method":"GET","url":"/api/products"},"res":{"statusCode":200},"responseTime":41,"msg":"request completed"}
{"level":40,"time":1791057798999,"pid":1,"hostname":"web-8","upstream":"payments","elapsedMs":2596,"msg":"slow upstream"}
{"level":50,"time":1791057799301,"pid":1,"hostname":"web-8","reqId":"p-0b8e","err":{"type":"Error","message":"connect ETIMEDOUT 10.0.3.5:8080","stack":"Error: connect ETIMEDOUT 10.0.3.5:8080\n    at TCPConnectWrap.afterConnect [as oncomplete] (node:net:1555:16)"},"msg":"upstream request failed"}
{"level":30,"time":1791057799941,"pid":1,"hostname":"web-8","reqId":"p-1411","req":{"method":"GET","url":"/api/orders"},"res":{"statusCode":200},"responseTime":21,"msg":"request completed"}
{"level":30,"time":1791057799999,"pid":1,"hostname":"web-8","reqId":"p-7693","req":{"method":"GET","url":"/api/orders"},"res":{"statusCode":200},"responseTime":80,"msg":"request completed"}
{"level":30,"time":1791057799999,"pid":1,"hostname":"web-8","reqId":"p-0f7e","req":{"method":"GET","url":"/api/products"},"res":{"statusCode":200},"responseTime":53,"msg":"request completed"}
{"level":30,"time":1791057801999,"pid":1,"hostname":"web-8","reqId":"p-4484","req":{"method":"GET","url":"/api/cart"},"res":{"statusCode":200},"responseTime":64,"msg":"request completed"}
{"level":30,"time":1791057801999,"pid":1,"hostname":"web-8","reqId":"p-24a0","req":{"method":"GET","url":"/api/cart"},"res":{"statusCode":200},"responseTime":33,"msg":"request completed"}
{"level":30,"time":1791057802607,"pid":1,"hostname":"web-8","reqId":"p-010d","req":{"method":"GET","url":"/api/orders"},"res":{"statusCode":200},"responseTime":88,"msg":"request completed"}
{"level":30,"time":1791057803340,"pid":1,"hostname":"web-8","reqId":"p-2dcf","req":{"method":"GET","url":"/api/products"},"res":{"statusCode":200},"responseTime":16,"msg":"request completed"}
{"level":30,"time":1791057803885,"pid":1,"hostname":"web-8","reqId":"p-6272","req":{"method":"POST","url":"/api/products"},"res":{"statusCode":200},"responseTime":34,"msg":"request completed"}
{"level":50,"time":1791057804488,"pid":1,"hostname":"web-8","reqId":"p-264e","err":{"type":"Error","message":"connect ETIMEDOUT 10.0.3.5:8080","stack":"Error: connect ETIMEDOUT 10.0.3.5:8080\n    at TCPConnectWrap.afterConnect [as oncomplete] (node:net:1555:16)"},"msg":"upstream request failed"}
{"level":30,"time":1791057804999,"pid":1,"hostname":"web-8","reqId":"p-5a87","req":{"method":"GET","url":"/api/products"},"res":{"statusCode":200},"responseTime":10,"msg":"request completed"}
{"level":30,"time":1791057805296,"pid":1,"hostname":"web-8","reqId":"p-0848","req":{"method":"GET","url":"/api/products"},"res":{"statusCode":200},"responseTime":91,"msg":"request completed"}
{"level":30,"time":1791057805494,"pid":1,"hostname":"web-8","reqId":"p-5b3c","req":{"method":"GET","url":"/api/orders"},"res":{"statusCode":200},"responseTime":56,"msg":"request completed"}
{"level":40,"time":1791057805827,"pid":1,"hostname":"web-8","upstream":"payments","elapsedMs":3363,"msg":"slow upstream"}
{"level":40,"time":1791057805959,"pid":1,"hostname":"web-8","upstream":"payments","elapsedMs":2614,"msg":"slow upstream"}
{"level":40,"time":1791057805999,"pid":1,"hostname":"web-8","upstream":"payments","elapsedMs":2991,"msg":"slow upstream"}
{"level":30,"time":1791057806691,"pid":1,"hostname":"web-8","reqId":"p-6c8a","req":{"method":"POST","url":"/api/orders"},"res":{"statusCode":200},"responseTime":73,"msg":"request completed"}
{"level":30,"time":1791057806999,"pid":1,"hostname":"web-8","reqId":"p-4351","req":{"method":"POST","url":"/api/orders"},"res":{"statusCode":200},"responseTime":65,"msg":"request completed"}
{"level":30,"time":1791057808257,"pid":1,"hostname":"web-8","reqId":"p-54e0","req":{"method":"GET","url":"/api/products"},"res":{"statusCode":200},"responseTime":19,"msg":"request completed"}
{"level":30,"time":1791057808543,"pid":1,"hostname":"web-8","reqId":"p-50d0","req":{"method":"GET","url":"/api/cart"},"res":{"statusCode":200},"responseTime":75,"msg":"request completed"}
{"level":30,"time":1791057808725,"pid":1,"hostname":"web-8","reqId":"p-0fa8","req":{"method":"POST","url":"/api/cart"},"res":{"statusCode":200},"responseTime":69,"msg":"request completed"}
{"level":30,"time":1791057810034,"pid":1,"hostname":"web-8","reqId":"p-2a25","req":{"method":"GET","url":"/api/orders"},"res":{"statusCode":200},"responseTime":47,"msg":"request completed"}
{"level":50,"time":1791057810999,"pid":1,"hostname":"web-8","reqId":"p-06ea","err":{"type":"Error","message":"connect ETIMEDOUT 10.0.3.5:8080","stack":"Error: connect ETIMEDOUT 10.0.3.5:8080\n    at TCPConnectWrap.afterConnect [as oncomplete] (node:net:1555:16)"},"msg":"upstream request failed"}
{"level":40,"time":1791057811999,"pid":1,"hostname":"web-8","upstream":"payments","elapsedMs":3710,"msg":"slow upstream"}
{"level":30,"time":1791057811999,"pid":1,"hostname":"web-8","reqId":"p-41ef","req":{"method":"GET","url":"/api/cart"},"res":{"statusCode":200},"responseTime":23,"msg":"request completed"}
{"level":30,"time":1791057812624,"pid":1,"hostname":"web-8","reqId":"p-5534","req":{"method":"GET","url":"/api/products"},"res":{"statusCode":200},"responseTime":92,"msg":"request completed"}
{"level":30,"time":1791057812999,"pid":1,"hostname":"web-8","reqId":"p-5a40","req":{"method":"POST","url":"/api/orders"},"res":{"statusCode":200},"responseTime":82,"msg":"request completed"}
{"level":30,"time":1791057813819,"pid":1,"hostname":"web-8","reqId":"p-5b23","req":{"method":"GET","url":"/api/cart"},"res":{"statusCode":200},"responseTime":29,"msg":"request completed"}
{"level":30,"time":1791057813999,"pid":1,"hostname":"web-8","reqId":"p-088f","req":{"method":"GET","url":"/api/cart"},"res":{"statusCode":200},"responseTime":41,"msg":"request completed"}
{"level":40,"time":1791057814999,"pid":1,"hostname":"web-8","upstream":"payments","elapsedMs":2687,"msg":"slow upstream"}
{"level":30,"time":1791057815825,"pid":1,"hostname":"web-8","reqId":"p-247e","req":{"method":"GET","url":"/api/products"},"res":{"statusCode":200},"responseTime":34,"msg":"request completed"}
{"level":30,"time":1791057815999,"pid":1,"hostname":"web-8","reqId":"p-69a6","req":{"method":"POST","url":"/api/orders"},"res":{"statusCode":200},"responseTime":26,"msg":"request completed"}
{"level":30,"time":1791057816513,"pid":1,"hostname":"web-8","reqId":"p-7c08","req":{"method":"GET","url":"/api/cart"},"res":{"statusCode":200},"responseTime":20,"msg":"request completed"}
{"level":40,"time":1791057816694,"pid":1,"hostname":"web-8","upstream":"payments","elapsedMs":3307,"msg":"slow upstream"}
{"level":40,"time":1791057816801,"pid":1,"hostname":"web-8","upstream":"payments","elapsedMs":2288,"msg":"slow upstream"}
{"level":30,"time":1791057816933,"pid":1,"hostname":"web-8","reqId":"p-0381","req":{"method":"GET","url":"/api/products"},"res":{"statusCode":200},"responseTime":30,"msg":"request completed"}
{"level":30,"time":1791057818606,"pid":1,"hostname":"web-8","reqId":"p-7895","req":{"method":"POST","url":"/api/cart"},"res":{"statusCode":200},"responseTime":42,"msg":"request completed"}
{"level":30,"time":1791057818746,"pid":1,"hostname":"web-8","reqId":"p-686b","req":{"method":"GET","url":"/api/products"},"res":{"statusCode":200},"responseTime":15,"msg":"request completed"}
{"level":40,"time":1791057819999,"pid":1,"hostname":"web-8","upstream":"payments","elapsedMs":2410,"msg":"slow upstream"}
{"level":30,"time":1791057820117,"pid":1,"hostname":"web-8","reqId":"p-762f","req":{"method":"POST","url":"/api/products"},"res":{"statusCode":200},"responseTime":9,"msg":"request completed"}
{"level":30,"time":1791057820790,"pid":1,"hostname":"web-8","reqId":"p-5ab7","req":{"method":"POST","url":"/api/cart"},"res":{"statusCode":200},"responseTime":52,"msg":"request completed"}
{"level":30,"time":1791057820930,"pid":1,"hostname":"web-8","reqId":"p-6568","req":{"method":"POST","url":"/api/cart"},"res":{"statusCode":200},"responseTime":67,"msg":"request completed"}
{"level":30,"time":1791057821070,"pid":1,"hostname":"web-8","reqId":"p-4b63","req":{"method":"POST","url":"/api/products"},"res":{"statusCode":200},"responseTime":6,"msg":"request completed"}
{"level":40,"time":1791057821359,"pid":1,"hostname":"web-8","upstream":"payments","elapsedMs":2546,"msg":"slow upstream"}
{"level":50,"time":1791057821724,"pid":1,"hostname":"web-8","reqId":"p-3e71","err":{"type":"Error","message":"connect ETIMEDOUT 10.0.3.5:8080","stack":"Error: connect ETIMEDOUT 10.0.3.5:8080\n    at TCPConnectWrap.afterConnect [as oncomplete] (node:net:1555:16)"},"msg":"upstream request failed"}
{"level":30,"time":1791057822540,"pid":1,"hostname":"web-8","reqId":"p-5438","req":{"method":"GET","url":"/api/products"},"res":{"statusCode":200},"responseTime":9,"msg":"request completed"}
{"level":30,"time":1791057822999,"pid":1,"hostname":"web-8","reqId":"p-5860","req":{"method":"GET","url":"/api/products"},"res":{"statusCode":200},"responseTime":59,"msg":"request completed"}
{"level":40,"time":1791057823430,"pid":1,"hostname":"web-8","upstream":"payments","elapsedMs":3589,"msg":"slow upstream"}
{"level":30,"time":1791057824104,"pid":1,"hostname":"web-8","reqId":"p-70d5","req":{"method":"GET","url":"/api/cart"},"res":{"statusCode":200},"responseTime":35,"msg":"request completed"}
{"level":30,"time":1791057824472,"pid":1,"hostname":"web-8","reqId":"p-48c8","req":{"method":"POST","url":"/api/orders"},"res":{"statusCode":200},"responseTime":88,"msg":"request completed"}
{"level":30,"time":1791057825831,"pid":1,"hostname":"web-8","reqId":"p-3177","req":{"method":"POST","url":"/api/orders"},"res":{"statusCode":200},"responseTime":49,"msg":"request completed"}
{"level":40,"time":1791057826119,"pid":1,"hostname":"web-8","upstream":"payments","elapsedMs":2800,"msg":"slow upstream"}
{"level":30,"time":1791057826468,"pid":1,"hostname":"web-8","reqId":"p-766a","req":{"method":"GET","url":"/api/products"},"res":{"statusCode":200},"responseTime":56,"msg":"request completed"}
{"level":30,"time":1791057826554,"pid":1,"hostname":"web-8","reqId":"p-33ee","req":{"method":"GET","url":"/api/cart"},"res":{"statusCode":200},"responseTime":81,"msg":"request completed"}
{"level":30,"time":1791057826735,"pid":1,"hostname":"web-8","reqId":"p-2a66","req":{"method":"GET","url":"/api/cart"},"res":{"statusCode":200},"responseTime":13,"msg":"request completed"}
{"level":30,"time":1791057826782,"pid":1,"hostname":"web-8","reqId":"p-60cb","req":{"method":"GET","url":"/api/products"},"res":{"statusCode":200},"responseTime":27,"msg":"request completed"}
{"level":30,"time":1791057826857,"pid":1,"hostname":"web-8","reqId":"p-7462","req":{"method":"GET","url":"/api/orders"},"res":{"statusCode":200},"responseTime":23,"msg":"request completed"}
{"level":30,"time":1791057827897,"pid":1,"hostname":"web-8","reqId":"p-03a0","req":{"method":"GET","url":"/api/cart"},"res":{"statusCode":200},"responseTime":24,"msg":"request completed"}
{"level":30,"time":1791057828646,"pid":1,"hostname":"web-8","reqId":"p-2621","req":{"method":"POST","url":"/api/cart"},"res":{"statusCode":200},"responseTime":23,"msg":"request completed"}
{"level":40,"time":1791057828956,"pid":1,"hostname":"web-8","upstream":"payments","elapsedMs":1986,"msg":"slow upstream"}
{"level":30,"time":1791057828999,"pid":1,"hostname":"web-8","reqId":"p-713d","req":{"method":"POST","url":"/api/cart"},"res":{"statusCode":200},"responseTime":26,"msg":"request completed"}
{"level":30,"time":1791057828999,"pid":1,"hostname":"web-8","reqId":"p-162f","req":{"method":"GET","url":"/api/products"},"res":{"statusCode":200},"responseTime":56,"msg":"request completed"}
{"level":30,"time":1791057829375,"pid":1,"hostname":"web-8","reqId":"p-0ba2","req":{"method":"GET","url":"/api/products"},"res":{"statusCode":200},"responseTime":86,"msg":"request completed"}
{"level":30,"time":1791057830179,"pid":1,"hostname":"web-8","reqId":"p-1cde","req":{"method":"GET","url":"/api/cart"},"res":{"statusCode":200},"responseTime":37,"msg":"request completed"}
{"level":40,"time":1791057830901,"pid":1,"hostname":"web-8","upstream":"payments","elapsedMs":3161,"msg":"slow upstream"}
{"level":30,"time":1791057831266,"pid":1,"hostname":"web-8","reqId":"p-40e0","req":{"method":"POST","url":"/api/products"},"res":{"statusCode":200},"responseTime":40,"msg":"request completed"}
{"level":30,"time":1791057831273,"pid":1,"hostname":"web-8","reqId":"p-44d7","req":{"method":"GET","url":"/api/orders"},"res":{"statusCode":200},"responseTime":46,"msg":"request completed"}
{"level":50,"time":1791057831300,"pid":1,"hostname":"web-8","reqId":"p-2ab9","err":{"type":"Error","message":"connect ETIMEDOUT 10.0.3.5:8080","stack":"Error: connect ETIMEDOUT 10.0.3.5:8080\n    at TCPConnectWrap.afterConnect [as oncomplete] (node:net:1555:16)"},"msg":"upstream request failed"}
{"level":30,"time":1791057831849,"pid":1,"hostname":"web-8","reqId":"p-3059","req":{"method":"GET","url":"/api/products"},"res":{"statusCode":200},"responseTime":62,"msg":"request completed"}
{"level":30,"time":1791057832858,"pid":1,"hostname":"web-8","reqId":"p-09ee","req":{"method":"POST","url":"/api/products"},"res":{"statusCode":200},"responseTime":48,"msg":"request completed"}
{"level":50,"time":1791057832999,"pid":1,"hostname":"web-8","reqId":"p-539a","err":{"type":"Error","message":"connect ETIMEDOUT 10.0.3.5:8080","stack":"Error: connect ETIMEDOUT 10.0.3.5:8080\n    at TCPConnectWrap.afterConnect [as oncomplete] (node:net:1555:16)"},"msg":"upstream request failed"}
{"level":30,"time":1791057833448,"pid":1,"hostname":"web-8","reqId":"p-3394","req":{"method":"POST","url":"/api/cart"},"res":{"statusCode":200},"responseTime":67,"msg":"request completed"}
{"level":30,"time":1791057833999,"pid":1,"hostname":"web-8","reqId":"p-5317","req":{"method":"GET","url":"/api/products"},"res":{"statusCode":200},"responseTime":45,"msg":"request completed"}
{"level":50,"time":1791057833999,"pid":1,"hostname":"web-8","reqId":"p-1b3e","err":{"type":"Error","message":"connect ETIMEDOUT 10.0.3.5:8080","stack":"Error: connect ETIMEDOUT 10.0.3.5:8080\n    at TCPConnectWrap.afterConnect [as oncomplete] (node:net:1555:16)"},"msg":"upstream request failed"}
{"level":50,"time":1791057834063,"pid":1,"hostname":"web-8","reqId":"p-7c88","err":{"type":"Error","message":"connect ETIMEDOUT 10.0.3.5:8080","stack":"Error: connect ETIMEDOUT 10.0.3.5:8080\n    at TCPConnectWrap.afterConnect [as oncomplete] (node:net:1555:16)"},"msg":"upstream request failed"}
{"level":30,"time":1791057834664,"pid":1,"hostname":"web-8","reqId":"p-2a3a","req":{"method":"GET","url":"/api/orders"},"res":{"statusCode":200},"responseTime":73,"msg":"request completed"}
{"level":50,"time":1791057834953,"pid":1,"hostname":"web-8","reqId":"p-2d86","err":{"type":"Error","message":"connect ETIMEDOUT 10.0.3.5:8080","stack":"Error: connect ETIMEDOUT 10.0.3.5:8080\n    at TCPConnectWrap.afterConnect [as oncomplete] (node:net:1555:16)"},"msg":"upstream request failed"}
{"level":30,"time":1791057835112,"pid":1,"hostname":"web-8","reqId":"p-3e72","req":{"method":"POST","url":"/api/products"},"res":{"statusCode":200},"responseTime":39,"msg":"request completed"}
{"level":30,"time":1791057835254,"pid":1,"hostname":"web-8","reqId":"p-15f2","req":{"method":"GET","url":"/api/cart"},"res":{"statusCode":200},"responseTime":75,"msg":"request completed"}
{"level":40,"time":1791057835917,"pid":1,"hostname":"web-8","upstream":"payments","elapsedMs":1650,"msg":"slow upstream"}
{"level":50,"time":1791057835984,"pid":1,"hostname":"web-8","reqId":"p-4555","err":{"type":"Error","message":"connect ETIMEDOUT 10.0.3.5:8080","stack":"Error: connect ETIMEDOUT 10.0.3.5:8080\n    at TCPConnectWrap.afterConnect [as oncomplete] (node:net:1555:16)"},"msg":"upstream request failed"}
{"level":50,"time":1791057836999,"pid":1,"hostname":"web-8","reqId":"p-4cb3","err":{"type":"Error","message":"connect ETIMEDOUT 10.0.3.5:8080","stack":"Error: connect ETIMEDOUT 10.0.3.5:8080\n    at TCPConnectWrap.afterConnect [as oncomplete] (node:net:1555:16)"},"msg":"upstream request failed"}
{"level":40,"time":1791057836999,"pid":1,"hostname":"web-8","upstream":"payments","elapsedMs":2895,"msg":"slow upstream"}
{"level":30,"time":1791057837330,"pid":1,"hostname":"web-8","reqId":"p-7af3","req":{"method":"POST","url":"/api/cart"},"res":{"statusCode":200},"responseTime":70,"msg":"request completed"}
{"level":50,"time":1791057837587,"pid":1,"hostname":"web-8","reqId":"p-3977","err":{"type":"Error","message":"connect ETIMEDOUT 10.0.3.5:8080","stack":"Error: connect ETIMEDOUT 10.0.3.5:8080\n    at TCPConnectWrap.afterConnect [as oncomplete] (node:net:1555:16)"},"msg":"upstream request failed"}
{"level":30,"time":1791057837630,"pid":1,"hostname":"web-8","reqId":"p-0378","req":{"method":"GET","url":"/api/products"},"res":{"statusCode":200},"responseTime":55,"msg":"request completed"}
{"level":30,"time":1791057837999,"pid":1,"hostname":"web-8","reqId":"p-1080","req":{"method":"GET","url":"/api/orders"},"res":{"statusCode":200},"responseTime":28,"msg":"request completed"}
{"level":30,"time":1791057837999,"pid":1,"hostname":"web-8","reqId":"p-4b06","req":{"method":"GET","url":"/api/cart"},"res":{"statusCode":200},"responseTime":73,"msg":"request completed"}
{"level":30,"time":1791057838120,"pid":1,"hostname":"web-8","reqId":"p-5ed0","req":{"method":"POST","url":"/api/products"},"res":{"statusCode":200},"responseTime":26,"msg":"request completed"}
{"level":50,"time":1791057838149,"pid":1,"hostname":"web-8","reqId":"p-3574","err":{"type":"Error","message":"connect ETIMEDOUT 10.0.3.5:8080","stack":"Error: connect ETIMEDOUT 10.0.3.5:8080\n    at TCPConnectWrap.afterConnect [as oncomplete] (node:net:1555:16)"},"msg":"upstream request failed"}
{"level":30,"time":1791057839764,"pid":1,"hostname":"web-8","reqId":"p-4418","req":{"method":"GET","url":"/api/cart"},"res":{"statusCode":200},"responseTime":17,"msg":"request completed"}
{"level":30,"time":1791057839999,"pid":1,"hostname":"web-8","reqId":"p-62a0","req":{"method":"GET","url":"/api/products"},"res":{"statusCode":200},"responseTime":80,"msg":"request completed"}
{"level":30,"time":1791057840166,"pid":1,"hostname":"web-8","reqId":"p-21d3","req":{"method":"POST","url":"/api/orders"},"res":{"statusCode":200},"responseTime":47,"msg":"request completed"}
{"level":50,"time":1791057840190,"pid":1,"hostname":"web-8","reqId":"p-6ed8","err":{"type":"Error","message":"connect ETIMEDOUT 10.0.3.5:8080","stack":"Error: connect ETIMEDOUT 10.0.3.5:8080\n    at TCPConnectWrap.afterConnect [as oncomplete] (node:net:1555:16)"},"msg":"upstream request failed"}
{"level":30,"time":1791057841107,"pid":1,"hostname":"web-8","reqId":"p-64dd","req":{"method":"POST","url":"/api/orders"},"res":{"statusCode":200},"responseTime":46,"msg":"request completed"}
{"level":30,"time":1791057841321,"pid":1,"hostname":"web-8","reqId":"p-7891","req":{"method":"POST","url":"/api/cart"},"res":{"statusCode":200},"responseTime":90,"msg":"request completed"}
{"level":30,"time":1791057841652,"pid":1,"hostname":"web-8","reqId":"p-7a0c","req":{"method":"POST","url":"/api/orders"},"res":{"statusCode":200},"responseTime":67,"msg":"request completed"}
{"level":30,"time":1791057841836,"pid":1,"hostname":"web-8","reqId":"p-404c","req":{"method":"POST","url":"/api/cart"},"res":{"statusCode":200},"responseTime":84,"msg":"request completed"}
{"level":30,"time":1791057842415,"pid":1,"hostname":"web-8","reqId":"p-307a","req":{"method":"POST","url":"/api/products"},"res":{"statusCode":200},"responseTime":81,"msg":"request completed"}
{"level":30,"time":1791057842782,"pid":1,"hostname":"web-8","reqId":"p-42e0","req":{"method":"GET","url":"/api/orders"},"res":{"statusCode":200},"responseTime":81,"msg":"request completed"}
{"level":30,"time":1791057842854,"pid":1,"hostname":"web-8","reqId":"p-265f","req":{"method":"POST","url":"/api/cart"},"res":{"statusCode":200},"responseTime":23,"msg":"request completed"}
{"level":30,"time":1791057842999,"pid":1,"hostname":"web-8","reqId":"p-76d1","req":{"method":"GET","url":"/api/cart"},"res":{"statusCode":200},"responseTime":73,"msg":"request completed"}
{"level":50,"time":1791057842999,"pid":1,"hostname":"web-8","reqId":"p-282b","err":{"type":"Error","message":"connect ETIMEDOUT 10.0.3.5:8080","stack":"Error: connect ETIMEDOUT 10.0.3.5:8080\n    at TCPConnectWrap.afterConnect [as oncomplete] (node:net:1555:16)"},"msg":"upstream request failed"}
{"level":30,"time":1791057843266,"pid":1,"hostname":"web-8","reqId":"p-6d73","req":{"method":"GET","url":"/api/products"},"res":{"statusCode":200},"responseTime":13,"msg":"request completed"}
{"level":30,"time":1791057843761,"pid":1,"hostname":"web-8","reqId":"p-1ec9","req":{"method":"GET","url":"/api/orders"},"res":{"statusCode":200},"responseTime":5,"msg":"request completed"}
{"level":30,"time":1791057844999,"pid":1,"hostname":"web-8","reqId":"p-5c1c","req":{"method":"GET","url":"/api/products"},"res":{"statusCode":200},"responseTime":72,"msg":"request completed"}
{"level":30,"time":1791058827140,"pid":1,"hostname":"web-8","reqId":"p-1701","req":{"method":"POST","url":"/api/cart"},"res":{"statusCode":200},"responseTime":44,"msg":"request completed"}
{"level":30,"time":1791058827264,"pid":1,"hostname":"web-8","reqId":"p-08cc","req":{"method":"POST","url":"/api/orders"},"res":{"statusCode":200},"responseTime":7,"msg":"request completed"}
{"level":50,"time":1791058828856,"pid":1,"hostname":"web-8","reqId":"p-6f6a","err":{"type":"Error","message":"connect ETIMEDOUT 10.0.3.5:8080","stack":"Error: connect ETIMEDOUT 10.0.3.5:8080\n    at TCPConnectWrap.afterConnect [as oncomplete] (node:net:1555:16)"},"msg":"upstream request failed"}
{"level":30,"time":1791058830589,"pid":1,"hostname":"web-8","reqId":"p-0b97","req":{"method":"GET","url":"/api/products"},"res":{"statusCode":200},"responseTime":14,"msg":"request completed"}
{"level":30,"time":1791058830735,"pid":1,"hostname":"web-8","reqId":"p-6495","req":{"method":"POST","url":"/api/cart"},"res":{"statusCode":200},"responseTime":81,"msg":"request completed"}
{"level":30,"time":1791058832345,"pid":1,"hostname":"web-8","reqId":"p-4e41","req":{"method":"GET","url":"/api/orders"},"res":{"statusCode":200},"responseTime":26,"msg":"request completed"}
{"level":30,"time":1791058833747,"pid":1,"hostname":"web-8","reqId":"p-3ed0","req":{"method":"GET","url":"/api/cart"},"res":{"statusCode":200},"responseTime":27,"msg":"request completed"}
{"level":30,"time":1791058833988,"pid":1,"hostname":"web-8","reqId":"p-67b5","req":{"method":"GET","url":"/api/cart"},"res":{"statusCode":200},"responseTime":18,"msg":"request completed"}
{"level":30,"time":1791058833999,"pid":1,"hostname":"web-8","reqId":"p-2018","req":{"method":"GET","url":"/api/products"},"res":{"statusCode":200},"responseTime":6,"msg":"request completed"}
{"level":30,"time":1791058833999,"pid":1,"hostname":"web-8","reqId":"p-3f71","req":{"method":"POST","url":"/api/cart"},"res":{"statusCode":200},"responseTime":22,"msg":"request completed"}
{"level":40,"time":1791058834177,"pid":1,"hostname":"web-8","upstream":"payments","elapsedMs":2506,"msg":"slow upstream"}
{"level":30,"time":1791058836827,"pid":1,"hostname":"web-8","reqId":"p-7a09","req":{"method":"POST","url":"/api/orders"},"res":{"statusCode":200},"responseTime":52,"msg":"request completed"}
{"level":50,"time":1791058837205,"pid":1,"hostname":"web-8","reqId":"p-4aa4","err":{"type":"Error","message":"connect ETIMEDOUT 10.0.3.5:8080","stack":"Error: connect ETIMEDOUT 10.0.3.5:8080\n    at TCPConnectWrap.afterConnect [as oncomplete] (node:net:1555:16)"},"msg":"upstream request failed"}
{"level":30,"time":1791058837548,"pid":1,"hostname":"web-8","reqId":"p-3d27","req":{"method":"GET","url":"/api/cart"},"res":{"statusCode":200},"responseTime":40,"msg":"request completed"}
{"level":30,"time":1791058838790,"pid":1,"hostname":"web-8","reqId":"p-36fe","req":{"method":"POST","url":"/api/products"},"res":{"statusCode":200},"responseTime":46,"msg":"request completed"}
{"level":30,"time":1791058838999,"pid":1,"hostname":"web-8","reqId":"p-2dbc","req":{"method":"GET","url":"/api/products"},"res":{"statusCode":200},"responseTime":69,"msg":"request completed"}
{"level":30,"time":1791058838999,"pid":1,"hostname":"web-8","reqId":"p-71b3","req":{"method":"GET","url":"/api/orders"},"res":{"statusCode":200},"responseTime":62,"msg":"request completed"}
{"level":50,"time":1791058838999,"pid":1,"hostname":"web-8","reqId":"p-1988","err":{"type":"Error","message":"connect ETIMEDOUT 10.0.3.5:8080","stack":"Error: connect ETIMEDOUT 10.0.3.5:8080\n    at TCPConnectWrap.afterConnect [as oncomplete] (node:net:1555:16)"},"msg":"upstream request failed"}
{"level":30,"time":1791058839117,"pid":1,"hostname":"web-8","reqId":"p-6859","req":{"method":"GET","url":"/api/cart"},"res":{"statusCode":200},"responseTime":58,"msg":"request completed"}
{"level":30,"time":1791058839139,"pid":1,"hostname":"web-8","reqId":"p-1a50","req":{"method":"POST","url":"/api/products"},"res":{"statusCode":200},"responseTime":89,"msg":"request completed"}
{"level":50,"time":1791058839246,"pid":1,"hostname":"web-8","reqId":"p-2643","err":{"type":"Error","message":"connect ETIMEDOUT 10.0.3.5:8080","stack":"Error: connect ETIMEDOUT 10.0.3.5:8080\n    at TCPConnectWrap.afterConnect [as oncomplete] (node:net:1555:16)"},"msg":"upstream request failed"}
{"level":30,"time":1791058839999,"pid":1,"hostname":"web-8","reqId":"p-6713","req":{"method":"GET","url":"/api/cart"},"res":{"statusCode":200},"responseTime":28,"msg":"request completed"}
{"level":30,"time":1791058840900,"pid":1,"hostname":"web-8","reqId":"p-5e23","req":{"method":"POST","url":"/api/products"},"res":{"statusCode":200},"responseTime":20,"msg":"request completed"}
{"level":30,"time":1791058840999,"pid":1,"hostname":"web-8","reqId":"p-13c7","req":{"method":"GET","url":"/api/cart"},"res":{"statusCode":200},"responseTime":23,"msg":"request completed"}
{"level":30,"time":1791058840999,"pid":1,"hostname":"web-8","reqId":"p-1142","req":{"method":"GET","url":"/api/orders"},"res":{"statusCode":200},"responseTime":40,"msg":"request completed"}
{"level":50,"time":1791058841639,"pid":1,"hostname":"web-8","reqId":"p-447b","err":{"type":"Error","message":"connect ETIMEDOUT 10.0.3.5:8080","stack":"Error: connect ETIMEDOUT 10.0.3.5:8080\n    at TCPConnectWrap.afterConnect [as oncomplete] (node:net:1555:16)"},"msg":"upstream request failed"}
{"level":30,"time":1791058841926,"pid":1,"hostname":"web-8","reqId":"p-181f","req":{"method":"GET","url":"/api/cart"},"res":{"statusCode":200},"responseTime":73,"msg":"request completed"}
{"level":30,"time":1791058841999,"pid":1,"hostname":"web-8","reqId":"p-4247","req":{"method":"GET","url":"/api/orders"},"res":{"statusCode":200},"responseTime":42,"msg":"request completed"}
{"level":30,"time":1791058841999,"pid":1,"hostname":"web-8","reqId":"p-5697","req":{"method":"GET","url":"/api/products"},"res":{"statusCode":200},"responseTime":25,"msg":"request completed"}
{"level":30,"time":1791058842030,"pid":1,"hostname":"web-8","reqId":"p-7332","req":{"method":"POST","url":"/api/orders"},"res":{"statusCode":200},"responseTime":71,"msg":"request completed"}
{"level":50,"time":1791058842834,"pid":1,"hostname":"web-8","reqId":"p-4f52","err":{"type":"Error","message":"connect ETIMEDOUT 10.0.3.5:8080","stack":"Error: connect ETIMEDOUT 10.0.3.5:8080\n    at TCPConnectWrap.afterConnect [as oncomplete] (node:net:1555:16)"},"msg":"upstream request failed"}
{"level":30,"time":1791058842900,"pid":1,"hostname":"web-8","reqId":"p-2b5a","req":{"method":"GET","url":"/api/products"},"res":{"statusCode":200},"responseTime":77,"msg":"request completed"}
{"level":30,"time":1791058842920,"pid":1,"hostname":"web-8","reqId":"p-2cc5","req":{"method":"GET","url":"/api/products"},"res":{"statusCode":200},"responseTime":39,"msg":"request completed"}
{"level":30,"time":1791058844285,"pid":1,"hostname":"web-8","reqId":"p-7154","req":{"method":"GET","url":"/api/orders"},"res":{"statusCode":200},"responseTime":7,"msg":"request completed"}
{"level":30,"time":1791058844876,"pid":1,"hostname":"web-8","reqId":"p-38ed","req":{"method":"GET","url":"/api/products"},"res":{"statusCode":200},"responseTime":48,"msg":"request completed"}
{"level":30,"time":1791058844999,"pid":1,"hostname":"web-8","reqId":"p-564b","req":{"method":"GET","url":"/api/orders"},"res":{"statusCode":200},"responseTime":61,"msg":"request completed"}
{"level":30,"time":1791058844999,"pid":1,"hostname":"web-8","reqId":"p-4cc1","req":{"method":"GET","url":"/api/cart"},"res":{"statusCode":200},"responseTime":8,"msg":"request completed"}
{"level":30,"time":1791058844999,"pid":1,"hostname":"web-8","reqId":"p-4841","req":{"method":"GET","url":"/api/products"},"res":{"statusCode":200},"responseTime":51,"msg":"request completed"}
{"level":50,"time":1791058846994,"pid":1,"hostname":"web-8","reqId":"p-0840","err":{"type":"Error","message":"connect ETIMEDOUT 10.0.3.5:8080","stack":"Error: connect ETIMEDOUT 10.0.3.5:8080\n    at TCPConnectWrap.afterConnect [as oncomplete] (node:net:1555:16)"},"msg":"upstream request failed"}
{"level":30,"time":1791058847396,"pid":1,"hostname":"web-8","reqId":"p-7d84","req":{"method":"GET","url":"/api/orders"},"res":{"statusCode":200},"responseTime":43,"msg":"request completed"}
{"level":30,"time":1791058848267,"pid":1,"hostname":"web-8","reqId":"p-0aac","req":{"method":"GET","url":"/api/orders"},"res":{"statusCode":200},"responseTime":68,"msg":"request completed"}
{"level":40,"time":1791058848363,"pid":1,"hostname":"web-8","upstream":"payments","elapsedMs":2423,"msg":"slow upstream"}
{"level":50,"time":1791058848507,"pid":1,"hostname":"web-8","reqId":"p-0796","err":{"type":"Error","message":"connect ETIMEDOUT 10.0.3.5:8080","stack":"Error: connect ETIMEDOUT 10.0.3.5:8080\n    at TCPConnectWrap.afterConnect [as oncomplete] (node:net:1555:16)"},"msg":"upstream request failed"}
{"level":40,"time":1791058848999,"pid":1,"hostname":"web-8","upstream":"payments","elapsedMs":3209,"msg":"slow upstream"}
{"level":30,"time":1791058849291,"pid":1,"hostname":"web-8","reqId":"p-6947","req":{"method":"GET","url":"/api/orders"},"res":{"statusCode":200},"responseTime":89,"msg":"request completed"}
{"level":50,"time":1791058849999,"pid":1,"hostname":"web-8","reqId":"p-13b5","err":{"type":"Error","message":"connect ETIMEDOUT 10.0.3.5:8080","stack":"Error: connect ETIMEDOUT 10.0.3.5:8080\n    at TCPConnectWrap.afterConnect [as oncomplete] (node:net:1555:16)"},"msg":"upstream request failed"}
{"level":40,"time":1791058850491,"pid":1,"hostname":"web-8","upstream":"payments","elapsedMs":1855,"msg":"slow upstream"}
{"level":30,"time":1791058850999,"pid":1,"hostname":"web-8","reqId":"p-2fec","req":{"method":"GET","url":"/api/orders"},"res":{"statusCode":200},"responseTime":43,"msg":"request completed"}
{"level":30,"time":1791058851229,"pid":1,"hostname":"web-8","reqId":"p-2d77","req":{"method":"GET","url":"/api/cart"},"res":{"statusCode":200},"responseTime":16,"msg":"request completed"}
{"level":40,"time":1791058851268,"pid":1,"hostname":"web-8","upstream":"payments","elapsedMs":1769,"msg":"slow upstream"}
{"level":30,"time":1791058851987,"pid":1,"hostname":"web-8","reqId":"p-2bbd","req":{"method":"GET","url":"/api/cart"},"res":{"statusCode":200},"responseTime":47,"msg":"request completed"}
{"level":30,"time":1791058851999,"pid":1,"hostname":"web-8","reqId":"p-6236","req":{"method":"POST","url":"/api/products"},"res":{"statusCode":200},"responseTime":27,"msg":"request completed"}
{"level":50,"time":1791058852769,"pid":1,"hostname":"web-8","reqId":"p-7858","err":{"type":"Error","message":"connect ETIMEDOUT 10.0.3.5:8080","stack":"Error: connect ETIMEDOUT 10.0.3.5:8080\n    at TCPConnectWrap.afterConnect [as oncomplete] (node:net:1555:16)"},"msg":"upstream request failed"}
{"level":40,"time":1791058852999,"pid":1,"hostname":"web-8","upstream":"payments","elapsedMs":1626,"msg":"slow upstream"}
{"level":40,"time":1791058853499,"pid":1,"hostname":"web-8","upstream":"payments","elapsedMs":2549,"msg":"slow upstream"}
{"level":30,"time":1791058853597,"pid":1,"hostname":"web-8","reqId":"p-1cf8","req":{"method":"GET","url":"/api/cart"},"res":{"statusCode":200},"responseTime":7,"msg":"request completed"}
{"level":30,"time":1791058853602,"pid":1,"hostname":"web-8","reqId":"p-4eec","req":{"method":"GET","url":"/api/orders"},"res":{"statusCode":200},"responseTime":26,"msg":"request completed"}
{"level":50,"time":1791058854999,"pid":1,"hostname":"web-8","reqId":"p-1ae8","err":{"type":"Error","message":"connect ETIMEDOUT 10.0.3.5:8080","stack":"Error: connect ETIMEDOUT 10.0.3.5:8080\n    at TCPConnectWrap.afterConnect [as oncomplete] (node:net:1555:16)"},"msg":"upstream request failed"}
{"level":30,"time":1791058855075,"pid":1,"hostname":"web-8","reqId":"p-1123","req":{"method":"POST","url":"/api/orders"},"res":{"statusCode":200},"responseTime":82,"msg":"request completed"}
{"level":30,"time":1791058855361,"pid":1,"hostname":"web-8","reqId":"p-74d9","req":{"method":"GET","url":"/api/products"},"res":{"statusCode":200},"responseTime":31,"msg":"request completed"}
{"level":50,"time":1791058855422,"pid":1,"hostname":"web-8","reqId":"p-16c5","err":{"type":"Error","message":"connect ETIMEDOUT 10.0.3.5:8080","stack":"Error: connect ETIMEDOUT 10.0.3.5:8080\n    at TCPConnectWrap.afterConnect [as oncomplete] (node:net:1555:16)"},"msg":"upstream request failed"}
{"level":40,"time":1791058855787,"pid":1,"hostname":"web-8","upstream":"payments","elapsedMs":1669,"msg":"slow upstream"}
{"level":40,"time":1791058855950,"pid":1,"hostname":"web-8","upstream":"payments","elapsedMs":3477,"msg":"slow upstream"}
{"level":30,"time":1791058856783,"pid":1,"hostname":"web-8","reqId":"p-3c6d","req":{"method":"GET","url":"/api/cart"},"res":{"statusCode":200},"responseTime":55,"msg":"request completed"}
{"level":40,"time":1791058856999,"pid":1,"hostname":"web-8","upstream":"payments","elapsedMs":3630,"msg":"slow upstream"}
{"level":30,"time":1791058857119,"pid":1,"hostname":"web-8","reqId":"p-7bdb","req":{"method":"GET","url":"/api/products"},"res":{"statusCode":200},"responseTime":69,"msg":"request completed"}
{"level":30,"time":1791058857656,"pid":1,"hostname":"web-8","reqId":"p-7fc6","req":{"method":"GET","url":"/api/products"},"res":{"statusCode":200},"responseTime":20,"msg":"request completed"}
{"level":30,"time":1791058857660,"pid":1,"hostname":"web-8","reqId":"p-77b6","req":{"method":"GET","url":"/api/cart"},"res":{"statusCode":200},"responseTime":47,"msg":"request completed"}
{"level":40,"time":1791058857781,"pid":1,"hostname":"web-8","upstream":"payments","elapsedMs":3445,"msg":"slow upstream"}
{"level":30,"time":1791058857999,"pid":1,"hostname":"web-8","reqId":"p-69c0","req":{"method":"GET","url":"/api/cart"},"res":{"statusCode":200},"responseTime":88,"msg":"request completed"}
{"level":30,"time":1791058857999,"pid":1,"hostname":"web-8","reqId":"p-6850","req":{"method":"POST","url":"/api/products"},"res":{"statusCode":200},"responseTime":51,"msg":"request completed"}
{"level":30,"time":1791058858388,"pid":1,"hostname":"web-8","reqId":"p-0e99","req":{"method":"POST","url":"/api/cart"},"res":{"statusCode":200},"responseTime":84,"msg":"request completed"}
{"level":30,"time":1791058858999,"pid":1,"hostname":"web-8","reqId":"p-29cb","req":{"method":"GET","url":"/api/orders"},"res":{"statusCode":200},"responseTime":65,"msg":"request completed"}
{"level":30,"time":1791058858999,"pid":1,"hostname":"web-8","reqId":"p-35a3","req":{"method":"POST","url":"/api/orders"},"res":{"statusCode":200},"responseTime":74,"msg":"request completed"}
{"level":50,"time":1791058858999,"pid":1,"hostname":"web-8","reqId":"p-4e43","err":{"type":"Error","message":"connect ETIMEDOUT 10.0.3.5:8080","stack":"Error: connect ETIMEDOUT 10.0.3.5:8080\n    at TCPConnectWrap.afterConnect [as oncomplete] (node:net:1555:16)"},"msg":"upstream request failed"}
{"level":30,"time":1791058859272,"pid":1,"hostname":"web-8","reqId":"p-6d96","req":{"method":"POST","url":"/api/cart"},"res":{"statusCode":200},"responseTime":43,"msg":"request completed"}
{"level":50,"time":1791058859352,"pid":1,"hostname":"web-8","reqId":"p-1072","err":{"type":"Error","message":"connect ETIMEDOUT 10.0.3.5:8080","stack":"Error: connect ETIMEDOUT 10.0.3.5:8080\n    at TCPConnectWrap.afterConnect [as oncomplete] (node:net:1555:16)"},"msg":"upstream request failed"}
{"level":30,"time":1791058859494,"pid":1,"hostname":"web-8","reqId":"p-7067","req":{"method":"GET","url":"/api/products"},"res":{"statusCode":200},"responseTime":53,"msg":"request completed"}
{"level":40,"time":1791058859999,"pid":1,"hostname":"web-8","upstream":"payments","elapsedMs":3608,"msg":"slow upstream"}
{"level":30,"time":1791058859999,"pid":1,"hostname":"web-8","reqId":"p-337a","req":{"method":"GET","url":"/api/cart"},"res":{"statusCode":200},"responseTime":9,"msg":"request completed"}
{"level":30,"time":1791058860697,"pid":1,"hostname":"web-8","reqId":"p-5bd8","req":{"method":"GET","url":"/api/orders"},"res":{"statusCode":200},"responseTime":28,"msg":"request completed"}
{"level":30,"time":1791058861841,"pid":1,"hostname":"web-8","reqId":"p-630c","req":{"method":"POST","url":"/api/products"},"res":{"statusCode":200},"responseTime":37,"msg":"request completed"}
{"level":30,"time":1791058862643,"pid":1,"hostname":"web-8","reqId":"p-3768","req":{"method":"POST","url":"/api/products"},"res":{"statusCode":200},"responseTime":21,"msg":"request completed"}
{"level":30,"time":1791058862656,"pid":1,"hostname":"web-8","reqId":"p-120e","req":{"method":"POST","url":"/api/cart"},"res":{"statusCode":200},"responseTime":58,"msg":"request completed"}
{"level":30,"time":1791058862707,"pid":1,"hostname":"web-8","reqId":"p-78ad","req":{"method":"GET","url":"/api/products"},"res":{"statusCode":200},"responseTime":25,"msg":"request completed"}
{"level":50,"time":1791058863247,"pid":1,"hostname":"web-8","reqId":"p-0c0f","err":{"type":"Error","message":"connect ETIMEDOUT 10.0.3.5:8080","stack":"Error: connect ETIMEDOUT 10.0.3.5:8080\n    at TCPConnectWrap.afterConnect [as oncomplete] (node:net:1555:16)"},"msg":"upstream request failed"}
{"level":30,"time":1791058863326,"pid":1,"hostname":"web-8","reqId":"p-61e6","req":{"method":"GET","url":"/api/products"},"res":{"statusCode":200},"responseTime":5,"msg":"request completed"}
{"level":40,"time":1791058863671,"pid":1,"hostname":"web-8","upstream":"payments","elapsedMs":1970,"msg":"slow upstream"}
{"level":30,"time":1791058863857,"pid":1,"hostname":"web-8","reqId":"p-1831","req":{"method":"GET","url":"/api/orders"},"res":{"statusCode":200},"responseTime":46,"msg":"request completed"}
{"level":30,"time":1791058863999,"pid":1,"hostname":"web-8","reqId":"p-0a7e","req":{"method":"GET","url":"/api/cart"},"res":{"statusCode":200},"responseTime":55,"msg":"request completed"}
{"level":40,"time":1791058864272,"pid":1,"hostname":"web-8","upstream":"payments","elapsedMs":3891,"msg":"slow upstream"}
{"level":30,"time":1791058864421,"pid":1,"hostname":"web-8","reqId":"p-1ba3","req":{"method":"GET","url":"/api/orders"},"res":{"statusCode":200},"responseTime":43,"msg":"request completed"}
{"level":30,"time":1791058864999,"pid":1,"hostname":"web-8","reqId":"p-0e0f","req":{"method":"GET","url":"/api/orders"},"res":{"statusCode":200},"responseTime":66,"msg":"request completed"}
{"level":30,"time":1791058865873,"pid":1,"hostname":"web-8","reqId":"p-020b","req":{"method":"GET","url":"/api/products"},"res":{"statusCode":200},"responseTime":94,"msg":"request completed"}
{"level":30,"time":1791058866217,"pid":1,"hostname":"web-8","reqId":"p-2b47","req":{"method":"GET","url":"/api/cart"},"res":{"statusCode":200},"responseTime":92,"msg":"request completed"}
{"level":40,"time":1791058866603,"pid":1,"hostname":"web-8","upstream":"payments","elapsedMs":2532,"msg":"slow upstream"}
{"level":40,"time":1791058866668,"pid":1,"hostname":"web-8","upstream":"payments","elapsedMs":1893,"msg":"slow upstream"}
{"level":30,"time":1791058866924,"pid":1,"hostname":"web-8","reqId":"p-69b2","req":{"method":"POST","url":"/api/products"},"res":{"statusCode":200},"responseTime":47,"msg":"request completed"}
{"level":30,"time":1791058866960,"pid":1,"hostname":"web-8","reqId":"p-7aed","req":{"method":"POST","url":"/api/cart"},"res":{"statusCode":200},"responseTime":86,"msg":"request completed"}
{"level":40,"time":1791058867008,"pid":1,"hostname":"web-8","upstream":"payments","elapsedMs":2333,"msg":"slow upstream"}
{"level":30,"time":1791058867529,"pid":1,"hostname":"web-8","reqId":"p-0d19","req":{"method":"GET","url":"/api/orders"},"res":{"statusCode":200},"responseTime":93,"msg":"request completed"}
{"level":40,"time":1791058868999,"pid":1,"hostname":"web-8","upstream":"payments","elapsedMs":3904,"msg":"slow upstream"}
{"level":50,"time":1791058868999,"pid":1,"hostname":"web-8","reqId":"p-5217","err":{"type":"Error","message":"connect ETIMEDOUT 10.0.3.5:8080","stack":"Error: connect ETIMEDOUT 10.0.3.5:8080\n    at TCPConnectWrap.afterConnect [as oncomplete] (node:net:1555:16)"},"msg":"upstream request failed"}
{"level":50,"time":1791058868999,"pid":1,"hostname":"web-8","reqId":"p-07ef","err":{"type":"Error","message":"connect ETIMEDOUT 10.0.3.5:8080","stack":"Error: connect ETIMEDOUT 10.0.3.5:8080\n    at TCPConnectWrap.afterConnect [as oncomplete] (node:net:1555:16)"},"msg":"upstream request failed"}
{"level":30,"time":1791058868999,"pid":1,"hostname":"web-8","reqId":"p-118f","req":{"method":"GET","url":"/api/cart"},"res":{"statusCode":200},"responseTime":45,"msg":"request completed"}
{"level":30,"time":1791058869999,"pid":1,"hostname":"web-8","reqId":"p-27f7","req":{"method":"GET","url":"/api/orders"},"res":{"statusCode":200},"responseTime":52,"msg":"request completed"}
{"level":30,"time":1791058870182,"pid":1,"hostname":"web-8","reqId":"p-0e03","req":{"method":"POST","url":"/api/cart"},"res":{"statusCode":200},"responseTime":60,"msg":"request completed"}
{"level":30,"time":1791058871104,"pid":1,"hostname":"web-8","reqId":"p-6487","req":{"method":"GET","url":"/api/orders"},"res":{"statusCode":200},"responseTime":43,"msg":"request completed"}
{"level":30,"time":1791058871571,"pid":1,"hostname":"web-8","reqId":"p-2853","req":{"method":"GET","url":"/api/cart"},"res":{"statusCode":200},"responseTime":5,"msg":"request completed"}
{"level":50,"time":1791058871680,"pid":1,"hostname":"web-8","reqId":"p-0212","err":{"type":"Error","message":"connect ETIMEDOUT 10.0.3.5:8080","stack":"Error: connect ETIMEDOUT 10.0.3.5:8080\n    at TCPConnectWrap.afterConnect [as oncomplete] (node:net:1555:16)"},"msg":"upstream request failed"}
{"level":30,"time":1791058871714,"pid":1,"hostname":"web-8","reqId":"p-4b7b","req":{"method":"GET","url":"/api/orders"},"res":{"statusCode":200},"responseTime":60,"msg":"request completed"}
{"level":50,"time":1791058871888,"pid":1,"hostname":"web-8","reqId":"p-7993","err":{"type":"Error","message":"connect ETIMEDOUT 10.0.3.5:8080","stack":"Error: connect ETIMEDOUT 10.0.3.5:8080\n    at TCPConnectWrap.afterConnect [as oncomplete] (node:net:1555:16)"},"msg":"upstream request failed"}
{"level":30,"time":1791058872906,"pid":1,"hostname":"web-8","reqId":"p-3176","req":{"method":"GET","url":"/api/products"},"res":{"statusCode":200},"responseTime":28,"msg":"request completed"}
{"level":30,"time":1791058873509,"pid":1,"hostname":"web-8","reqId":"p-2552","req":{"method":"GET","url":"/api/cart"},"res":{"statusCode":200},"responseTime":16,"msg":"request completed"}
{"level":30,"time":1791058874004,"pid":1,"hostname":"web-8","reqId":"p-7751","req":{"method":"GET","url":"/api/cart"},"res":{"statusCode":200},"responseTime":7,"msg":"request completed"}
{"level":30,"time":1791058875431,"pid":1,"hostname":"web-8","reqId":"p-0dfd","req":{"method":"POST","url":"/api/orders"},"res":{"statusCode":200},"responseTime":68,"msg":"request completed"}
{"level":30,"time":1791058875676,"pid":1,"hostname":"web-8","reqId":"p-7b92","req":{"method":"POST","url":"/api/cart"},"res":{"statusCode":200},"responseTime":88,"msg":"request completed"}
{"level":40,"time":1791058875999,"pid":1,"hostname":"web-8","upstream":"payments","elapsedMs":2853,"msg":"slow upstream"}
{"level":30,"time":1791058875999,"pid":1,"hostname":"web-8","reqId":"p-04a3","req":{"method":"POST","url":"/api/orders"},"res":{"statusCode":200},"responseTime":39,"msg":"request completed"}
{"level":30,"time":1791058875999,"pid":1,"hostname":"web-8","reqId":"p-2cd3","req":{"method":"POST","url":"/api/products"},"res":{"statusCode":200},"responseTime":92,"msg":"request completed"}
{"level":30,"time":1791058876450,"pid":1,"hostname":"web-8","reqId":"p-0ec8","req":{"method":"GET","url":"/api/products"},"res":{"statusCode":200},"responseTime":74,"msg":"request completed"}
{"level":50,"time":1791058876529,"pid":1,"hostname":"web-8","reqId":"p-049a","err":{"type":"Error","message":"connect ETIMEDOUT 10.0.3.5:8080","stack":"Error: connect ETIMEDOUT 10.0.3.5:8080\n    at TCPConnectWrap.afterConnect [as oncomplete] (node:net:1555:16)"},"msg":"upstream request failed"}
{"level":30,"time":1791058876943,"pid":1,"hostname":"web-8","reqId":"p-0fbb","req":{"method":"GET","url":"/api/orders"},"res":{"statusCode":200},"responseTime":61,"msg":"request completed"}
{"level":30,"time":1791058876996,"pid":1,"hostname":"web-8","reqId":"p-4a3b","req":{"method":"GET","url":"/api/orders"},"res":{"statusCode":200},"responseTime":89,"msg":"request completed"}
{"level":30,"time":1791058877578,"pid":1,"hostname":"web-8","reqId":"p-0fdd","req":{"method":"POST","url":"/api/orders"},"res":{"statusCode":200},"responseTime":11,"msg":"request completed"}
{"level":30,"time":1791058877725,"pid":1,"hostname":"web-8","reqId":"p-76bd","req":{"method":"GET","url":"/api/cart"},"res":{"statusCode":200},"responseTime":35,"msg":"request completed"}
{"level":30,"time":1791058877731,"pid":1,"hostname":"web-8","reqId":"p-0b5f","req":{"method":"GET","url":"/api/products"},"res":{"statusCode":200},"responseTime":79,"msg":"request completed"}
{"level":30,"time":1791058878444,"pid":1,"hostname":"web-8","reqId":"p-4c52","req":{"method":"GET","url":"/api/orders"},"res":{"statusCode":200},"responseTime":66,"msg":"request completed"}
{"level":30,"time":1791058879911,"pid":1,"hostname":"web-8","reqId":"p-625b","req":{"method":"POST","url":"/api/products"},"res":{"statusCode":200},"responseTime":9,"msg":"request completed"}
{"level":50,"time":1791058879989,"pid":1,"hostname":"web-8","reqId":"p-53aa","err":{"type":"Error","message":"connect ETIMEDOUT 10.0.3.5:8080","stack":"Error: connect ETIMEDOUT 10.0.3.5:8080\n    at TCPConnectWrap.afterConnect [as oncomplete] (node:net:1555:16)"},"msg":"upstream request failed"}
{"level":30,"time":1791058879999,"pid":1,"hostname":"web-8","reqId":"p-1eef","req":{"method":"GET","url":"/api/cart"},"res":{"statusCode":200},"responseTime":88,"msg":"request completed"}
{"level":30,"time":1791058880999,"pid":1,"hostname":"web-8","reqId":"p-628e","req":{"method":"POST","url":"/api/products"},"res":{"statusCode":200},"responseTime":14,"msg":"request completed"}
{"level":30,"time":1791058881255,"pid":1,"hostname":"web-8","reqId":"p-1f34","req":{"method":"GET","url":"/api/cart"},"res":{"statusCode":200},"responseTime":36,"msg":"request completed"}
{"level":40,"time":1791058881999,"pid":1,"hostname":"web-8","upstream":"payments","elapsedMs":2050,"msg":"slow upstream"}
{"level":50,"time":1791058882999,"pid":1,"hostname":"web-8","reqId":"p-2572","err":{"type":"Error","message":"connect ETIMEDOUT 10.0.3.5:8080","stack":"Error: connect ETIMEDOUT 10.0.3.5:8080\n    at TCPConnectWrap.afterConnect [as oncomplete] (node:net:1555:16)"},"msg":"upstream request failed"}
{"level":30,"time":1791058882999,"pid":1,"hostname":"web-8","reqId":"p-31c6","req":{"method":"GET","url":"/api/products"},"res":{"statusCode":200},"responseTime":57,"msg":"request completed"}
{"level":30,"time":1791058883615,"pid":1,"hostname":"web-8","reqId":"p-390e","req":{"method":"GET","url":"/api/products"},"res":{"statusCode":200},"responseTime":64,"msg":"request completed"}
{"level":30,"time":1791058883999,"pid":1,"hostname":"web-8","reqId":"p-0735","req":{"method":"GET","url":"/api/orders"},"res":{"statusCode":200},"responseTime":51,"msg":"request completed"}
{"level":30,"time":1791058884317,"pid":1,"hostname":"web-8","reqId":"p-1fd5","req":{"method":"GET","url":"/api/cart"},"res":{"statusCode":200},"responseTime":14,"msg":"request completed"}
{"level":30,"time":1791058884334,"pid":1,"hostname":"web-8","reqId":"p-760c","req":{"method":"GET","url":"/api/cart"},"res":{"statusCode":200},"responseTime":18,"msg":"request completed"}
{"level":30,"time":1791058884793,"pid":1,"hostname":"web-8","reqId":"p-1169","req":{"method":"GET","url":"/api/cart"},"res":{"statusCode":200},"responseTime":34,"msg":"request completed"}
{"level":30,"time":1791058884878,"pid":1,"hostname":"web-8","reqId":"p-4850","req":{"method":"GET","url":"/api/products"},"res":{"statusCode":200},"responseTime":48,"msg":"request completed"}
{"level":50,"time":1791058884999,"pid":1,"hostname":"web-8","reqId":"p-3b94","err":{"type":"Error","message":"connect ETIMEDOUT 10.0.3.5:8080","stack":"Error: connect ETIMEDOUT 10.0.3.5:8080\n    at TCPConnectWrap.afterConnect [as oncomplete] (node:net:1555:16)"},"msg":"upstream request failed"}
{"level":30,"time":1791058885832,"pid":1,"hostname":"web-8","reqId":"p-55e3","req":{"method":"POST","url":"/api/products"},"res":{"statusCode":200},"responseTime":85,"msg":"request completed"}
{"level":30,"time":1791058886992,"pid":1,"hostname":"web-8","reqId":"p-1da1","req":{"method":"POST","url":"/api/cart"},"res":{"statusCode":200},"responseTime":48,"msg":"request completed"}
{"level":30,"time":1791058887999,"pid":1,"hostname":"web-8","reqId":"p-560b","req":{"method":"GET","url":"/api/products"},"res":{"statusCode":200},"responseTime":79,"msg":"request completed"}
{"level":30,"time":1791058888445,"pid":1,"hostname":"web-8","reqId":"p-5bc9","req":{"method":"POST","url":"/api/cart"},"res":{"statusCode":200},"responseTime":42,"msg":"request completed"}
{"level":50,"time":1791058888564,"pid":1,"hostname":"web-8","reqId":"p-043f","err":{"type":"Error","message":"connect ETIMEDOUT 10.0.3.5:8080","stack":"Error: connect ETIMEDOUT 10.0.3.5:8080\n    at TCPConnectWrap.afterConnect [as oncomplete] (node:net:1555:16)"},"msg":"upstream request failed"}
{"level":50,"time":1791058888633,"pid":1,"hostname":"web-8","reqId":"p-50d6","err":{"type":"Error","message":"connect ETIMEDOUT 10.0.3.5:8080","stack":"Error: connect ETIMEDOUT 10.0.3.5:8080\n    at TCPConnectWrap.afterConnect [as oncomplete] (node:net:1555:16)"},"msg":"upstream request failed"}
{"level":30,"time":1791058888999,"pid":1,"hostname":"web-8","reqId":"p-71d0","req":{"method":"POST","url":"/api/orders"},"res":{"statusCode":200},"responseTime":38,"msg":"request completed"}
{"level":30,"time":1791058888999,"pid":1,"hostname":"web-8","reqId":"p-68e5","req":{"method":"POST","url":"/api/products"},"res":{"statusCode":200},"responseTime":33,"msg":"request completed"}
{"level":30,"time":1791058889132,"pid":1,"hostname":"web-8","reqId":"p-156e","req":{"method":"GET","url":"/api/cart"},"res":{"statusCode":200},"responseTime":49,"msg":"request completed"}
{"level":40,"time":1791058889471,"pid":1,"hostname":"web-8","upstream":"payments","elapsedMs":1824,"msg":"slow upstream"}
{"level":30,"time":1791058889612,"pid":1,"hostname":"web-8","reqId":"p-19bf","req":{"method":"POST","url":"/api/products"},"res":{"statusCode":200},"responseTime":25,"msg":"request completed"}
{"level":30,"time":1791058889717,"pid":1,"hostname":"web-8","reqId":"p-7b12","req":{"method":"GET","url":"/api/cart"},"res":{"statusCode":200},"responseTime":47,"msg":"request completed"}
{"level":50,"time":1791058890999,"pid":1,"hostname":"web-8","reqId":"p-77f7","err":{"type":"Error","message":"connect ETIMEDOUT 10.0.3.5:8080","stack":"Error: connect ETIMEDOUT 10.0.3.5:8080\n    at TCPConnectWrap.afterConnect [as oncomplete] (node:net:1555:16)"},"msg":"upstream request failed"}
{"level":30,"time":1791058891141,"pid":1,"hostname":"web-8","reqId":"p-3c11","req":{"method":"GET","url":"/api/orders"},"res":{"statusCode":200},"responseTime":33,"msg":"request completed"}
{"level":30,"time":1791058891343,"pid":1,"hostname":"web-8","reqId":"p-11a9","req":{"method":"GET","url":"/api/orders"},"res":{"statusCode":200},"responseTime":24,"msg":"request completed"}
{"level":30,"time":1791058891501,"pid":1,"hostname":"web-8","reqId":"p-0946","req":{"method":"POST","url":"/api/orders"},"res":{"statusCode":200},"responseTime":65,"msg":"request completed"}
{"level":40,"time":1791058891862,"pid":1,"hostname":"web-8","upstream":"payments","elapsedMs":3091,"msg":"slow upstream"}
{"level":40,"time":1791058892122,"pid":1,"hostname":"web-8","upstream":"payments","elapsedMs":2799,"msg":"slow upstream"}
{"level":40,"time":1791058892270,"pid":1,"hostname":"web-8","upstream":"payments","elapsedMs":3816,"msg":"slow upstream"}
{"level":30,"time":1791058892565,"pid":1,"hostname":"web-8","reqId":"p-4ef2","req":{"method":"GET","url":"/api/products"},"res":{"statusCode":200},"responseTime":17,"msg":"request completed"}
{"level":30,"time":1791058892882,"pid":1,"hostname":"web-8","reqId":"p-2ff6","req":{"method":"GET","url":"/api/cart"},"res":{"statusCode":200},"responseTime":86,"msg":"request completed"}
{"level":40,"time":1791058892999,"pid":1,"hostname":"web-8","upstream":"payments","elapsedMs":3429,"msg":"slow upstream"}
{"level":50,"time":1791058893353,"pid":1,"hostname":"web-8","reqId":"p-5447","err":{"type":"Error","message":"connect ETIMEDOUT 10.0.3.5:8080","stack":"Error: connect ETIMEDOUT 10.0.3.5:8080\n    at TCPConnectWrap.afterConnect [as oncomplete] (node:net:1555:16)"},"msg":"upstream request failed"}
{"level":30,"time":1791058893530,"pid":1,"hostname":"web-8","reqId":"p-5525","req":{"method":"GET","url":"/api/products"},"res":{"statusCode":200},"responseTime":23,"msg":"request completed"}
{"level":40,"time":1791058893678,"pid":1,"hostname":"web-8","upstream":"payments","elapsedMs":3841,"msg":"slow upstream"}
{"level":30,"time":1791058893866,"pid":1,"hostname":"web-8","reqId":"p-5a16","req":{"method":"POST","url":"/api/orders"},"res":{"statusCode":200},"responseTime":21,"msg":"request completed"}
{"level":40,"time":1791058893902,"pid":1,"hostname":"web-8","upstream":"payments","elapsedMs":3578,"msg":"slow upstream"}
{"level":30,"time":1791058893999,"pid":1,"hostname":"web-8","reqId":"p-23f1","req":{"method":"GET","url":"/api/products"},"res":{"statusCode":200},"responseTime":69,"msg":"request completed"}
{"level":40,"time":1791058894661,"pid":1,"hostname":"web-8","upstream":"payments","elapsedMs":3093,"msg":"slow upstream"}
{"level":30,"time":1791058895703,"pid":1,"hostname":"web-8","reqId":"p-2e01","req":{"method":"POST","url":"/api/cart"},"res":{"statusCode":200},"responseTime":8,"msg":"request completed"}
{"level":40,"time":1791058896963,"pid":1,"hostname":"web-8","upstream":"payments","elapsedMs":3451,"msg":"slow upstream"}
{"level":30,"time":1791058897088,"pid":1,"hostname":"web-8","reqId":"p-0922","req":{"method":"POST","url":"/api/cart"},"res":{"statusCode":200},"responseTime":30,"msg":"request completed"}
{"level":30,"time":1791058897573,"pid":1,"hostname":"web-8","reqId":"p-39a3","req":{"method":"POST","url":"/api/products"},"res":{"statusCode":200},"responseTime":34,"msg":"request completed"}
{"level":40,"time":1791058897999,"pid":1,"hostname":"web-8","upstream":"payments","elapsedMs":3469,"msg":"slow upstream"}
{"level":30,"time":1791058898999,"pid":1,"hostname":"web-8","reqId":"p-5dfd","req":{"method":"POST","url":"/api/products"},"res":{"statusCode":200},"responseTime":42,"msg":"request completed"}
{"level":30,"time":1791058899495,"pid":1,"hostname":"web-8","reqId":"p-626f","req":{"method":"GET","url":"/api/orders"},"res":{"statusCode":200},"responseTime":74,"msg":"request completed"}
{"level":30,"time":1791058899634,"pid":1,"hostname":"web-8","reqId":"p-64c0","req":{"method":"GET","url":"/api/orders"},"res":{"statusCode":200},"responseTime":37,"msg":"request completed"}
{"level":30,"time":1791058899999,"pid":1,"hostname":"web-8","reqId":"p-415b","req":{"method":"POST","url":"/api/products"},"res":{"statusCode":200},"responseTime":82,"msg":"request completed"}
{"level":30,"time":1791058899999,"pid":1,"hostname":"web-8","reqId":"p-3422","req":{"method":"GET","url":"/api/products"},"res":{"statusCode":200},"responseTime":37,"msg":"request completed"}
{"level":30,"time":1791058900049,"pid":1,"hostname":"web-8","reqId":"p-2a56","req":{"method":"GET","url":"/api/cart"},"res":{"statusCode":200},"responseTime":36,"msg":"request completed"}
{"level":30,"time":1791058900164,"pid":1,"hostname":"web-8","reqId":"p-6cd3","req":{"method":"GET","url":"/api/cart"},"res":{"statusCode":200},"responseTime":79,"msg":"request completed"}
{"level":30,"time":1791058900536,"pid":1,"hostname":"web-8","reqId":"p-7ee7","req":{"method":"POST","url":"/api/cart"},"res":{"statusCode":200},"responseTime":6,"msg":"request completed"}
{"level":40,"time":1791058900689,"pid":1,"hostname":"web-8","upstream":"payments","elapsedMs":2145,"msg":"slow upstream"}
{"level":30,"time":1791058900940,"pid":1,"hostname":"web-8","reqId":"p-508c","req":{"method":"GET","url":"/api/products"},"res":{"statusCode":200},"responseTime":51,"msg":"request completed"}
{"level":30,"time":1791058901948,"pid":1,"hostname":"web-8","reqId":"p-54ac","req":{"method":"GET","url":"/api/orders"},"res":{"statusCode":200},"responseTime":39,"msg":"request completed"}
{"level":30,"time":1791058901999,"pid":1,"hostname":"web-8","reqId":"p-6cf5","req":{"method":"POST","url":"/api/products"},"res":{"statusCode":200},"responseTime":40,"msg":"request completed"}
{"level":30,"time":1791058901999,"pid":1,"hostname":"web-8","reqId":"p-5fe3","req":{"method":"GET","url":"/api/orders"},"res":{"statusCode":200},"responseTime":9,"msg":"request completed"}
{"level":30,"time":1791058902553,"pid":1,"hostname":"web-8","reqId":"p-7eec","req":{"method":"GET","url":"/api/orders"},"res":{"statusCode":200},"responseTime":30,"msg":"request completed"}
{"level":40,"time":1791058902837,"pid":1,"hostname":"web-8","upstream":"payments","elapsedMs":3816,"msg":"slow upstream"}
{"level":50,"time":1791058902999,"pid":1,"hostname":"web-8","reqId":"p-1622","err":{"type":"Error","message":"connect ETIMEDOUT 10.0.3.5:8080","stack":"Error: connect ETIMEDOUT 10.0.3.5:8080\n    at TCPConnectWrap.afterConnect [as oncomplete] (node:net:1555:16)"},"msg":"upstream request failed"}
{"level":30,"time":1791058902999,"pid":1,"hostname":"web-8","reqId":"p-13a2","req":{"method":"GET","url":"/api/products"},"res":{"statusCode":200},"responseTime":15,"msg":"request completed"}
{"level":50,"time":1791058903535,"pid":1,"hostname":"web-8","reqId":"p-2784","err":{"type":"Error","message":"connect ETIMEDOUT 10.0.3.5:8080","stack":"Error: connect ETIMEDOUT 10.0.3.5:8080\n    at TCPConnectWrap.afterConnect [as oncomplete] (node:net:1555:16)"},"msg":"upstream request failed"}
{"level":40,"time":1791058903782,"pid":1,"hostname":"web-8","upstream":"payments","elapsedMs":1903,"msg":"slow upstream"}
{"level":30,"time":1791058903912,"pid":1,"hostname":"web-8","reqId":"p-46fa","req":{"method":"GET","url":"/api/products"},"res":{"statusCode":200},"responseTime":37,"msg":"request completed"}
{"level":30,"time":1791058904485,"pid":1,"hostname":"web-8","reqId":"p-4f0a","req":{"method":"GET","url":"/api/orders"},"res":{"statusCode":200},"responseTime":75,"msg":"request completed"}
{"level":30,"time":1791058904613,"pid":1,"hostname":"web-8","reqId":"p-0d3d","req":{"method":"GET","url":"/api/cart"},"res":{"statusCode":200},"responseTime":93,"msg":"request completed"}
{"level":30,"time":1791058904880,"pid":1,"hostname":"web-8","reqId":"p-601f","req":{"method":"GET","url":"/api/cart"},"res":{"statusCode":200},"responseTime":10,"msg":"request completed"}
{"level":30,"time":1791058904999,"pid":1,"hostname":"web-8","reqId":"p-1892","req":{"method":"POST","url":"/api/orders"},"res":{"statusCode":200},"responseTime":66,"msg":"request completed"}
{"level":30,"time":1791058905054,"pid":1,"hostname":"web-8","reqId":"p-1861","req":{"method":"GET","url":"/api/products"},"res":{"statusCode":200},"responseTime":10,"msg":"request completed"}
{"level":30,"time":1791058905312,"pid":1,"hostname":"web-8","reqId":"p-5dce","req":{"method":"GET","url":"/api/products"},"res":{"statusCode":200},"responseTime":35,"msg":"request completed"}
{"level":30,"time":1791058905999,"pid":1,"hostname":"web-8","reqId":"p-268b","req":{"method":"POST","url":"/api/orders"},"res":{"statusCode":200},"responseTime":77,"msg":"request completed"}
{"level":40,"time":1791058906823,"pid":1,"hostname":"web-8","upstream":"payments","elapsedMs":2165,"msg":"slow upstream"}
{"level":40,"time":1791058907340,"pid":1,"hostname":"web-8","upstream":"payments","elapsedMs":3883,"msg":"slow upstream"}
{"level":30,"time":1791058907386,"pid":1,"hostname":"web-8","reqId":"p-2663","req":{"method":"POST","url":"/api/orders"},"res":{"statusCode":200},"responseTime":62,"msg":"request completed"}
{"level":30,"time":1791058908380,"pid":1,"hostname":"web-8","reqId":"p-2b0d","req":{"method":"GET","url":"/api/cart"},"res":{"statusCode":200},"responseTime":31,"msg":"request completed"}
{"level":30,"time":1791058908781,"pid":1,"hostname":"web-8","reqId":"p-6961","req":{"method":"GET","url":"/api/products"},"res":{"statusCode":200},"responseTime":77,"msg":"request completed"}
{"level":30,"time":1791058908999,"pid":1,"hostname":"web-8","reqId":"p-045a","req":{"method":"POST","url":"/api/products"},"res":{"statusCode":200},"responseTime":38,"msg":"request completed"}
{"level":30,"time":1791058908999,"pid":1,"hostname":"web-8","reqId":"p-1662","req":{"method":"POST","url":"/api/cart"},"res":{"statusCode":200},"responseTime":13,"msg":"request completed"}
{"level":30,"time":1791058909163,"pid":1,"hostname":"web-8","reqId":"p-4fa9","req":{"method":"GET","url":"/api/cart"},"res":{"statusCode":200},"responseTime":82,"msg":"request completed"}
{"level":50,"time":1791058909999,"pid":1,"hostname":"web-8","reqId":"p-0db3","err":{"type":"Error","message":"connect ETIMEDOUT 10.0.3.5:8080","stack":"Error: connect ETIMEDOUT 10.0.3.5:8080\n    at TCPConnectWrap.afterConnect [as oncomplete] (node:net:1555:16)"},"msg":"upstream request failed"}
{"level":30,"time":1791058910174,"pid":1,"hostname":"web-8","reqId":"p-0641","req":{"method":"POST","url":"/api/cart"},"res":{"statusCode":200},"responseTime":17,"msg":"request completed"}
{"level":30,"time":1791058910659,"pid":1,"hostname":"web-8","reqId":"p-055a","req":{"method":"GET","url":"/api/cart"},"res":{"statusCode":200},"responseTime":48,"msg":"request completed"}
{"level":30,"time":1791058910696,"pid":1,"hostname":"web-8","reqId":"p-5136","req":{"method":"GET","url":"/api/products"},"res":{"statusCode":200},"responseTime":41,"msg":"request completed"}
{"level":50,"time":1791058910920,"pid":1,"hostname":"web-8","reqId":"p-4ee9","err":{"type":"Error","message":"connect ETIMEDOUT 10.0.3.5:8080","stack":"Error: connect ETIMEDOUT 10.0.3.5:8080\n    at TCPConnectWrap.afterConnect [as oncomplete] (node:net:1555:16)"},"msg":"upstream request failed"}
{"level":30,"time":1791058912850,"pid":1,"hostname":"web-8","reqId":"p-4cad","req":{"method":"GET","url":"/api/products"},"res":{"statusCode":200},"responseTime":81,"msg":"request completed"}
{"level":30,"time":1791058913228,"pid":1,"hostname":"web-8","reqId":"p-3edb","req":{"method":"POST","url":"/api/orders"},"res":{"statusCode":200},"responseTime":83,"msg":"request completed"}
{"level":50,"time":1791058915080,"pid":1,"hostname":"web-8","reqId":"p-2de6","err":{"type":"Error","message":"connect ETIMEDOUT 10.0.3.5:8080","stack":"Error: connect ETIMEDOUT 10.0.3.5:8080\n    at TCPConnectWrap.afterConnect [as oncomplete] (node:net:1555:16)"},"msg":"upstream request failed"}
{"level":40,"time":1791058916166,"pid":1,"hostname":"web-8","upstream":"payments","elapsedMs":2682,"msg":"slow upstream"}
{"level":30,"time":1791058916692,"pid":1,"hostname":"web-8","reqId":"p-0e9b","req":{"method":"GET","url":"/api/cart"},"res":{"statusCode":200},"responseTime":58,"msg":"request completed"}
{"level":30,"time":1791058917952,"pid":1,"hostname":"web-8","reqId":"p-0ca2","req":{"method":"GET","url":"/api/products"},"res":{"statusCode":200},"responseTime":58,"msg":"request completed"}
{"level":40,"time":1791058918436,"pid":1,"hostname":"web-8","upstream":"payments","elapsedMs":2557,"msg":"slow upstream"}
{"level":30,"time":1791058919999,"pid":1,"hostname":"web-8","reqId":"p-6e10","req":{"method":"GET","url":"/api/orders"},"res":{"statusCode":200},"responseTime":32,"msg":"request completed"}
{"level":40,"time":1791058919999,"pid":1,"hostname":"web-8","upstream":"payments","elapsedMs":1950,"msg":"slow upstream"}
{"level":50,"time":1791058920748,"pid":1,"hostname":"web-8","reqId":"p-002e","err":{"type":"Error","message":"connect ETIMEDOUT 10.0.3.5:8080","stack":"Error: connect ETIMEDOUT 10.0.3.5:8080\n    at TCPConnectWrap.afterConnect [as oncomplete] (node:net:1555:16)"},"msg":"upstream request failed"}
{"level":30,"time":1791058921533,"pid":1,"hostname":"web-8","reqId":"p-557e","req":{"method":"GET","url":"/api/cart"},"res":{"statusCode":200},"responseTime":12,"msg":"request completed"}
{"level":30,"time":1791058921621,"pid":1,"hostname":"web-8","reqId":"p-737d","req":{"method":"POST","url":"/api/cart"},"res":{"statusCode":200},"responseTime":6,"msg":"request completed"}
{"level":30,"time":1791058922026,"pid":1,"hostname":"web-8","reqId":"p-7101","req":{"method":"GET","url":"/api/cart"},"res":{"statusCode":200},"responseTime":44,"msg":"request completed"}
{"level":50,"time":1791058922288,"pid":1,"hostname":"web-8","reqId":"p-3005","err":{"type":"Error","message":"connect ETIMEDOUT 10.0.3.5:8080","stack":"Error: connect ETIMEDOUT 10.0.3.5:8080\n    at TCPConnectWrap.afterConnect [as oncomplete] (node:net:1555:16)"},"msg":"upstream request failed"}
{"level":30,"time":1791058922384,"pid":1,"hostname":"web-8","reqId":"p-7431","req":{"method":"POST","url":"/api/cart"},"res":{"statusCode":200},"responseTime":48,"msg":"request completed"}
{"level":50,"time":1791058922972,"pid":1,"hostname":"web-8","reqId":"p-4369","err":{"type":"Error","message":"connect ETIMEDOUT 10.0.3.5:8080","stack":"Error: connect ETIMEDOUT 10.0.3.5:8080\n    at TCPConnectWrap.afterConnect [as oncomplete] (node:net:1555:16)"},"msg":"upstream request failed"}
{"level":30,"time":1791058923999,"pid":1,"hostname":"web-8","reqId":"p-22c6","req":{"method":"GET","url":"/api/orders"},"res":{"statusCode":200},"responseTime":64,"msg":"request completed"}
{"level":30,"time":1791058924600,"pid":1,"hostname":"web-8","reqId":"p-1fa5","req":{"method":"POST","url":"/api/products"},"res":{"statusCode":200},"responseTime":89,"msg":"request completed"}
{"level":30,"time":1791058924939,"pid":1,"hostname":"web-8","reqId":"p-341e","req":{"method":"POST","url":"/api/products"},"res":{"statusCode":200},"responseTime":27,"msg":"request completed"}
{"level":30,"time":1791058925190,"pid":1,"hostname":"web-8","reqId":"p-36e0","req":{"method":"GET","url":"/api/orders"},"res":{"statusCode":200},"responseTime":82,"msg":"request completed"}
{"level":30,"time":1791058925755,"pid":1,"hostname":"web-8","reqId":"p-2217","req":{"method":"GET","url":"/api/cart"},"res":{"statusCode":200},"responseTime":80,"msg":"request completed"}
{"level":30,"time":1791058925974,"pid":1,"hostname":"web-8","reqId":"p-5efd","req":{"method":"POST","url":"/api/cart"},"res":{"statusCode":200},"responseTime":83,"msg":"request completed"}
{"level":40,"time":1791058926067,"pid":1,"hostname":"web-8","upstream":"payments","elapsedMs":2702,"msg":"slow upstream"}
{"level":30,"time":1791058926730,"pid":1,"hostname":"web-8","reqId":"p-166e","req":{"method":"GET","url":"/api/cart"},"res":{"statusCode":200},"responseTime":65,"msg":"request completed"}
{"level":30,"time":1791058927839,"pid":1,"hostname":"web-8","reqId":"p-2361","req":{"method":"GET","url":"/api/cart"},"res":{"statusCode":200},"responseTime":43,"msg":"request completed"}
{"level":30,"time":1791058927844,"pid":1,"hostname":"web-8","reqId":"p-02ee","req":{"method":"GET","url":"/api/orders"},"res":{"statusCode":200},"responseTime":52,"msg":"request completed"}
{"level":40,"time":1791058928220,"pid":1,"hostname":"web-8","upstream":"payments","elapsedMs":3252,"msg":"slow upstream"}
{"level":30,"time":1791058928469,"pid":1,"hostname":"web-8","reqId":"p-1c81","req":{"method":"GET","url":"/api/products"},"res":{"statusCode":200},"responseTime":30,"msg":"request completed"}
{"level":40,"time":1791058928602,"pid":1,"hostname":"web-8","upstream":"payments","elapsedMs":3444,"msg":"slow upstream"}
{"level":50,"time":1791058928816,"pid":1,"hostname":"web-8","reqId":"p-2c40","err":{"type":"Error","message":"connect ETIMEDOUT 10.0.3.5:8080","stack":"Error: connect ETIMEDOUT 10.0.3.5:8080\n    at TCPConnectWrap.afterConnect [as oncomplete] (node:net:1555:16)"},"msg":"upstream request failed"}
{"level":30,"time":1791058928999,"pid":1,"hostname":"web-8","reqId":"p-6121","req":{"method":"POST","url":"/api/cart"},"res":{"statusCode":200},"responseTime":28,"msg":"request completed"}
{"level":30,"time":1791058929222,"pid":1,"hostname":"web-8","reqId":"p-1153","req":{"method":"GET","url":"/api/cart"},"res":{"statusCode":200},"responseTime":27,"msg":"request completed"}
{"level":30,"time":1791058929657,"pid":1,"hostname":"web-8","reqId":"p-4134","req":{"method":"GET","url":"/api/cart"},"res":{"statusCode":200},"responseTime":67,"msg":"request completed"}
{"level":40,"time":1791058929688,"pid":1,"hostname":"web-8","upstream":"payments","elapsedMs":2495,"msg":"slow upstream"}
{"level":30,"time":1791058929786,"pid":1,"hostname":"web-8","reqId":"p-37bf","req":{"method":"GET","url":"/api/orders"},"res":{"statusCode":200},"responseTime":10,"msg":"request completed"}
{"level":40,"time":1791058929963,"pid":1,"hostname":"web-8","upstream":"payments","elapsedMs":2189,"msg":"slow upstream"}
{"level":30,"time":1791058930054,"pid":1,"hostname":"web-8","reqId":"p-709a","req":{"method":"GET","url":"/api/cart"},"res":{"statusCode":200},"responseTime":81,"msg":"request completed"}
{"level":30,"time":1791058930491,"pid":1,"hostname":"web-8","reqId":"p-3855","req":{"method":"POST","url":"/api/orders"},"res":{"statusCode":200},"responseTime":37,"msg":"request completed"}
{"level":30,"time":1791058930999,"pid":1,"hostname":"web-8","reqId":"p-481d","req":{"method":"POST","url":"/api/cart"},"res":{"statusCode":200},"responseTime":44,"msg":"request completed"}
{"level":30,"time":1791058931151,"pid":1,"hostname":"web-8","reqId":"p-3551","req":{"method":"POST","url":"/api/orders"},"res":{"statusCode":200},"responseTime":7,"msg":"request completed"}
{"level":40,"time":1791058931898,"pid":1,"hostname":"web-8","upstream":"payments","elapsedMs":2692,"msg":"slow upstream"}
{"level":50,"time":1791058932304,"pid":1,"hostname":"web-8","reqId":"p-5932","err":{"type":"Error","message":"connect ETIMEDOUT 10.0.3.5:8080","stack":"Error: connect ETIMEDOUT 10.0.3.5:8080\n    at TCPConnectWrap.afterConnect [as oncomplete] (node:net:1555:16)"},"msg":"upstream request failed"}
{"level":50,"time":1791058932396,"pid":1,"hostname":"web-8","reqId":"p-49cc","err":{"type":"Error","message":"connect ETIMEDOUT 10.0.3.5:8080","stack":"Error: connect ETIMEDOUT 10.0.3.5:8080\n    at TCPConnectWrap.afterConnect [as oncomplete] (node:net:1555:16)"},"msg":"upstream request failed"}
{"level":30,"time":1791058933812,"pid":1,"hostname":"web-8","reqId":"p-6f58","req":{"method":"GET","url":"/api/orders"},"res":{"statusCode":200},"responseTime":88,"msg":"request completed"}
{"level":30,"time":1791058933886,"pid":1,"hostname":"web-8","reqId":"p-3616","req":{"method":"GET","url":"/api/cart"},"res":{"statusCode":200},"responseTime":81,"msg":"request completed"}
{"level":40,"time":1791058934699,"pid":1,"hostname":"web-8","upstream":"payments","elapsedMs":2734,"msg":"slow upstream"}
{"level":30,"time":1791058934999,"pid":1,"hostname":"web-8","reqId":"p-672f","req":{"method":"GET","url":"/api/cart"},"res":{"statusCode":200},"responseTime":26,"msg":"request completed"}
{"level":40,"time":1791058934999,"pid":1,"hostname":"web-8","upstream":"payments","elapsedMs":2995,"msg":"slow upstream"}
{"level":30,"time":1791058934999,"pid":1,"hostname":"web-8","reqId":"p-294f","req":{"method":"GET","url":"/api/orders"},"res":{"statusCode":200},"responseTime":80,"msg":"request completed"}
{"level":30,"time":1791058934999,"pid":1,"hostname":"web-8","reqId":"p-0eed","req":{"method":"GET","url":"/api/products"},"res":{"statusCode":200},"responseTime":24,"msg":"request completed"}
{"level":30,"time":1791058935182,"pid":1,"hostname":"web-8","reqId":"p-4230","req":{"method":"POST","url":"/api/orders"},"res":{"statusCode":200},"responseTime":9,"msg":"request completed"}
{"level":30,"time":1791058935653,"pid":1,"hostname":"web-8","reqId":"p-4d70","req":{"method":"GET","url":"/api/cart"},"res":{"statusCode":200},"responseTime":93,"msg":"request completed"}
{"level":30,"time":1791058935797,"pid":1,"hostname":"web-8","reqId":"p-5c2f","req":{"method":"GET","url":"/api/products"},"res":{"statusCode":200},"responseTime":90,"msg":"request completed"}
{"level":30,"time":1791058935980,"pid":1,"hostname":"web-8","reqId":"p-0fad","req":{"method":"GET","url":"/api/orders"},"res":{"statusCode":200},"responseTime":37,"msg":"request completed"}
{"level":30,"time":1791058935999,"pid":1,"hostname":"web-8","reqId":"p-569a","req":{"method":"GET","url":"/api/cart"},"res":{"statusCode":200},"responseTime":66,"msg":"request completed"}
{"level":30,"time":1791058937068,"pid":1,"hostname":"web-8","reqId":"p-7261","req":{"method":"GET","url":"/api/orders"},"res":{"statusCode":200},"responseTime":60,"msg":"request completed"}
{"level":30,"time":1791058937119,"pid":1,"hostname":"web-8","reqId":"p-1276","req":{"method":"POST","url":"/api/products"},"res":{"statusCode":200},"responseTime":53,"msg":"request completed"}
{"level":30,"time":1791058937567,"pid":1,"hostname":"web-8","reqId":"p-0ce5","req":{"method":"GET","url":"/api/orders"},"res":{"statusCode":200},"responseTime":64,"msg":"request completed"}
{"level":30,"time":1791058937579,"pid":1,"hostname":"web-8","reqId":"p-33c4","req":{"method":"GET","url":"/api/cart"},"res":{"statusCode":200},"responseTime":36,"msg":"request completed"}
{"level":30,"time":1791058938232,"pid":1,"hostname":"web-8","reqId":"p-283b","req":{"method":"GET","url":"/api/cart"},"res":{"statusCode":200},"responseTime":50,"msg":"request completed"}
{"level":50,"time":1791058938999,"pid":1,"hostname":"web-8","reqId":"p-24f0","err":{"type":"Error","message":"connect ETIMEDOUT 10.0.3.5:8080","stack":"Error: connect ETIMEDOUT 10.0.3.5:8080\n    at TCPConnectWrap.afterConnect [as oncomplete] (node:net:1555:16)"},"msg":"upstream request failed"}
{"level":30,"time":1791058938999,"pid":1,"hostname":"web-8","reqId":"p-20b5","req":{"method":"GET","url":"/api/cart"},"res":{"statusCode":200},"responseTime":6,"msg":"request completed"}
{"level":30,"time":1791058939999,"pid":1,"hostname":"web-8","reqId":"p-78ce","req":{"method":"GET","url":"/api/orders"},"res":{"statusCode":200},"responseTime":71,"msg":"request completed"}
{"level":50,"time":1791058940890,"pid":1,"hostname":"web-8","reqId":"p-3917","err":{"type":"Error","message":"connect ETIMEDOUT 10.0.3.5:8080","stack":"Error: connect ETIMEDOUT 10.0.3.5:8080\n    at TCPConnectWrap.afterConnect [as oncomplete] (node:net:1555:16)"},"msg":"upstream request failed"}
{"level":30,"time":1791058941342,"pid":1,"hostname":"web-8","reqId":"p-2b54","req":{"method":"GET","url":"/api/cart"},"res":{"statusCode":200},"responseTime":51,"msg":"request completed"}
{"level":40,"time":1791058942145,"pid":1,"hostname":"web-8","upstream":"payments","elapsedMs":2316,"msg":"slow upstream"}
{"level":30,"time":1791058942381,"pid":1,"hostname":"web-8","reqId":"p-78c6","req":{"method":"GET","url":"/api/products"},"res":{"statusCode":200},"responseTime":36,"msg":"request completed"}
{"level":40,"time":1791058943780,"pid":1,"hostname":"web-8","upstream":"payments","elapsedMs":3331,"msg":"slow upstream"}
{"level":50,"time":1791058944999,"pid":1,"hostname":"web-8","reqId":"p-66c7","err":{"type":"Error","message":"connect ETIMEDOUT 10.0.3.5:8080","stack":"Error: connect ETIMEDOUT 10.0.3.5:8080\n    at TCPConnectWrap.afterConnect [as oncomplete] (node:net:1555:16)"},"msg":"upstream request failed"}
{"level":30,"time":1791058945673,"pid":1,"hostname":"web-8","reqId":"p-6f7f","req":{"method":"GET","url":"/api/orders"},"res":{"statusCode":200},"responseTime":40,"msg":"request completed"}
{"level":30,"time":1791058945744,"pid":1,"hostname":"web-8","reqId":"p-397b","req":{"method":"GET","url":"/api/cart"},"res":{"statusCode":200},"responseTime":67,"msg":"request completed"}
{"level":50,"time":1791058945866,"pid":1,"hostname":"web-8","reqId":"p-59f8","err":{"type":"Error","message":"connect ETIMEDOUT 10.0.3.5:8080","stack":"Error: connect ETIMEDOUT 10.0.3.5:8080\n    at TCPConnectWrap.afterConnect [as oncomplete] (node:net:1555:16)"},"msg":"upstream request failed"}
{"level":30,"time":1791058946789,"pid":1,"hostname":"web-8","reqId":"p-076a","req":{"method":"POST","url":"/api/orders"},"res":{"statusCode":200},"responseTime":10,"msg":"request completed"}
{"level":30,"time":1791058946894,"pid":1,"hostname":"web-8","reqId":"p-513d","req":{"method":"GET","url":"/api/cart"},"res":{"statusCode":200},"responseTime":56,"msg":"request completed"}
{"level":40,"time":1791059416222,"pid":1,"hostname":"web-8","upstream":"payments","elapsedMs":1671,"msg":"slow upstream"}
{"level":30,"time":1791059416469,"pid":1,"hostname":"web-8","reqId":"p-5199","req":{"method":"POST","url":"/api/products"},"res":{"statusCode":200},"responseTime":53,"msg":"request completed"}
{"level":40,"time":1791059416701,"pid":1,"hostname":"web-8","upstream":"payments","elapsedMs":2895,"msg":"slow upstream"}
{"level":30,"time":1791059416999,"pid":1,"hostname":"web-8","reqId":"p-7dc8","req":{"method":"GET","url":"/api/cart"},"res":{"statusCode":200},"responseTime":20,"msg":"request completed"}
{"level":30,"time":1791059417575,"pid":1,"hostname":"web-8","reqId":"p-3501","req":{"method":"POST","url":"/api/products"},"res":{"statusCode":200},"responseTime":60,"msg":"request completed"}
{"level":30,"time":1791059417591,"pid":1,"hostname":"web-8","reqId":"p-26d8","req":{"method":"GET","url":"/api/cart"},"res":{"statusCode":200},"responseTime":39,"msg":"request completed"}
{"level":30,"time":1791059417601,"pid":1,"hostname":"web-8","reqId":"p-2d1d","req":{"method":"POST","url":"/api/cart"},"res":{"statusCode":200},"responseTime":74,"msg":"request completed"}
{"level":30,"time":1791059417729,"pid":1,"hostname":"web-8","reqId":"p-633b","req":{"method":"POST","url":"/api/products"},"res":{"statusCode":200},"responseTime":12,"msg":"request completed"}
{"level":30,"time":1791059417738,"pid":1,"hostname":"web-8","reqId":"p-6735","req":{"method":"GET","url":"/api/products"},"res":{"statusCode":200},"responseTime":85,"msg":"request completed"}
{"level":50,"time":1791059418647,"pid":1,"hostname":"web-8","reqId":"p-154e","err":{"type":"Error","message":"connect ETIMEDOUT 10.0.3.5:8080","stack":"Error: connect ETIMEDOUT 10.0.3.5:8080\n    at TCPConnectWrap.afterConnect [as oncomplete] (node:net:1555:16)"},"msg":"upstream request failed"}
{"level":40,"time":1791059418999,"pid":1,"hostname":"web-8","upstream":"payments","elapsedMs":2304,"msg":"slow upstream"}
{"level":40,"time":1791059419813,"pid":1,"hostname":"web-8","upstream":"payments","elapsedMs":1632,"msg":"slow upstream"}
{"level":30,"time":1791059419971,"pid":1,"hostname":"web-8","reqId":"p-4101","req":{"method":"POST","url":"/api/cart"},"res":{"statusCode":200},"responseTime":60,"msg":"request completed"}
{"level":30,"time":1791059419999,"pid":1,"hostname":"web-8","reqId":"p-6853","req":{"method":"GET","url":"/api/products"},"res":{"statusCode":200},"responseTime":35,"msg":"request completed"}
{"level":40,"time":1791059419999,"pid":1,"hostname":"web-8","upstream":"payments","elapsedMs":3917,"msg":"slow upstream"}
{"level":40,"time":1791059420523,"pid":1,"hostname":"web-8","upstream":"payments","elapsedMs":2727,"msg":"slow upstream"}
{"level":30,"time":1791059420787,"pid":1,"hostname":"web-8","reqId":"p-772e","req":{"method":"POST","url":"/api/orders"},"res":{"statusCode":200},"responseTime":11,"msg":"request completed"}
{"level":30,"time":1791059420962,"pid":1,"hostname":"web-8","reqId":"p-330c","req":{"method":"GET","url":"/api/cart"},"res":{"statusCode":200},"responseTime":70,"msg":"request completed"}
{"level":50,"time":1791059421242,"pid":1,"hostname":"web-8","reqId":"p-5cd9","err":{"type":"Error","message":"connect ETIMEDOUT 10.0.3.5:8080","stack":"Error: connect ETIMEDOUT 10.0.3.5:8080\n    at TCPConnectWrap.afterConnect [as oncomplete] (node:net:1555:16)"},"msg":"upstream request failed"}
{"level":30,"time":1791059421999,"pid":1,"hostname":"web-8","reqId":"p-3279","req":{"method":"GET","url":"/api/orders"},"res":{"statusCode":200},"responseTime":14,"msg":"request completed"}
{"level":40,"time":1791059422922,"pid":1,"hostname":"web-8","upstream":"payments","elapsedMs":3299,"msg":"slow upstream"}
{"level":30,"time":1791059423610,"pid":1,"hostname":"web-8","reqId":"p-36e1","req":{"method":"GET","url":"/api/cart"},"res":{"statusCode":200},"responseTime":59,"msg":"request completed"}
{"level":40,"time":1791059423849,"pid":1,"hostname":"web-8","upstream":"payments","elapsedMs":2994,"msg":"slow upstream"}
{"level":50,"time":1791059424029,"pid":1,"hostname":"web-8","reqId":"p-6a3e","err":{"type":"Error","message":"connect ETIMEDOUT 10.0.3.5:8080","stack":"Error: connect ETIMEDOUT 10.0.3.5:8080\n    at TCPConnectWrap.afterConnect [as oncomplete] (node:net:1555:16)"},"msg":"upstream request failed"}
{"level":30,"time":1791059425817,"pid":1,"hostname":"web-8","reqId":"p-43bb","req":{"method":"POST","url":"/api/cart"},"res":{"statusCode":200},"responseTime":34,"msg":"request completed"}
{"level":30,"time":1791059426426,"pid":1,"hostname":"web-8","reqId":"p-3095","req":{"method":"GET","url":"/api/orders"},"res":{"statusCode":200},"responseTime":18,"msg":"request completed"}
{"level":30,"time":1791059426577,"pid":1,"hostname":"web-8","reqId":"p-5d59","req":{"method":"GET","url":"/api/cart"},"res":{"statusCode":200},"responseTime":27,"msg":"request completed"}
{"level":50,"time":1791059426991,"pid":1,"hostname":"web-8","reqId":"p-5e01","err":{"type":"Error","message":"connect ETIMEDOUT 10.0.3.5:8080","stack":"Error: connect ETIMEDOUT 10.0.3.5:8080\n    at TCPConnectWrap.afterConnect [as oncomplete] (node:net:1555:16)"},"msg":"upstream request failed"}
{"level":30,"time":1791059427355,"pid":1,"hostname":"web-8","reqId":"p-3274","req":{"method":"GET","url":"/api/products"},"res":{"statusCode":200},"responseTime":87,"msg":"request completed"}
{"level":30,"time":1791059427452,"pid":1,"hostname":"web-8","reqId":"p-70b1","req":{"method":"GET","url":"/api/orders"},"res":{"statusCode":200},"responseTime":48,"msg":"request completed"}
{"level":30,"time":1791059427841,"pid":1,"hostname":"web-8","reqId":"p-5ca2","req":{"method":"POST","url":"/api/products"},"res":{"statusCode":200},"responseTime":52,"msg":"request completed"}
{"level":40,"time":1791059428601,"pid":1,"hostname":"web-8","upstream":"payments","elapsedMs":3097,"msg":"slow upstream"}
{"level":30,"time":1791059428663,"pid":1,"hostname":"web-8","reqId":"p-0f7b","req":{"method":"GET","url":"/api/cart"},"res":{"statusCode":200},"responseTime":92,"msg":"request completed"}
{"level":50,"time":1791059428923,"pid":1,"hostname":"web-8","reqId":"p-1053","err":{"type":"Error","message":"connect ETIMEDOUT 10.0.3.5:8080","stack":"Error: connect ETIMEDOUT 10.0.3.5:8080\n    at TCPConnectWrap.afterConnect [as oncomplete] (node:net:1555:16)"},"msg":"upstream request failed"}
{"level":40,"time":1791059429168,"pid":1,"hostname":"web-8","upstream":"payments","elapsedMs":1860,"msg":"slow upstream"}
{"level":30,"time":1791059429999,"pid":1,"hostname":"web-8","reqId":"p-35ff","req":{"method":"GET","url":"/api/orders"},"res":{"statusCode":200},"responseTime":62,"msg":"request completed"}
{"level":30,"time":1791059430182,"pid":1,"hostname":"web-8","reqId":"p-7eae","req":{"method":"GET","url":"/api/orders"},"res":{"statusCode":200},"responseTime":28,"msg":"request completed"}
{"level":40,"time":1791059430971,"pid":1,"hostname":"web-8","upstream":"payments","elapsedMs":3967,"msg":"slow upstream"}
{"level":40,"time":1791059431276,"pid":1,"hostname":"web-8","upstream":"payments","elapsedMs":2126,"msg":"slow upstream"}
{"level":50,"time":1791059432345,"pid":1,"hostname":"web-8","reqId":"p-6096","err":{"type":"Error","message":"connect ETIMEDOUT 10.0.3.5:8080","stack":"Error: connect ETIMEDOUT 10.0.3.5:8080\n    at TCPConnectWrap.afterConnect [as oncomplete] (node:net:1555:16)"},"msg":"upstream request failed"}
{"level":30,"time":1791059432999,"pid":1,"hostname":"web-8","reqId":"p-5bc5","req":{"method":"GET","url":"/api/orders"},"res":{"statusCode":200},"responseTime":10,"msg":"request completed"}
{"level":30,"time":1791059433101,"pid":1,"hostname":"web-8","reqId":"p-4f8b","req":{"method":"POST","url":"/api/cart"},"res":{"statusCode":200},"responseTime":69,"msg":"request completed"}
{"level":30,"time":1791059434826,"pid":1,"hostname":"web-8","reqId":"p-6b07","req":{"method":"POST","url":"/api/products"},"res":{"statusCode":200},"responseTime":50,"msg":"request completed"}
{"level":50,"time":1791059435535,"pid":1,"hostname":"web-8","reqId":"p-2083","err":{"type":"Error","message":"connect ETIMEDOUT 10.0.3.5:8080","stack":"Error: connect ETIMEDOUT 10.0.3.5:8080\n    at TCPConnectWrap.afterConnect [as oncomplete] (node:net:1555:16)"},"msg":"upstream request failed"}
{"level":40,"time":1791059435999,"pid":1,"hostname":"web-8","upstream":"payments","elapsedMs":2889,"msg":"slow upstream"}
{"level":30,"time":1791059435999,"pid":1,"hostname":"web-8","reqId":"p-1e19","req":{"method":"GET","url":"/api/orders"},"res":{"statusCode":200},"responseTime":59,"msg":"request completed"}
{"level":40,"time":1791059436625,"pid":1,"hostname":"web-8","upstream":"payments","elapsedMs":3707,"msg":"slow upstream"}
{"level":50,"time":1791059437225,"pid":1,"hostname":"web-8","reqId":"p-237a","err":{"type":"Error","message":"connect ETIMEDOUT 10.0.3.5:8080","stack":"Error: connect ETIMEDOUT 10.0.3.5:8080\n    at TCPConnectWrap.afterConnect [as oncomplete] (node:net:1555:16)"},"msg":"upstream request failed"}
{"level":50,"time":1791059437344,"pid":1,"hostname":"web-8","reqId":"p-39ff","err":{"type":"Error","message":"connect ETIMEDOUT 10.0.3.5:8080","stack":"Error: connect ETIMEDOUT 10.0.3.5:8080\n    at TCPConnectWrap.afterConnect [as oncomplete] (node:net:1555:16)"},"msg":"upstream request failed"}
{"level":30,"time":1791059437444,"pid":1,"hostname":"web-8","reqId":"p-0838","req":{"method":"GET","url":"/api/cart"},"res":{"statusCode":200},"responseTime":10,"msg":"request completed"}
{"level":30,"time":1791059437752,"pid":1,"hostname":"web-8","reqId":"p-6480","req":{"method":"GET","url":"/api/products"},"res":{"statusCode":200},"responseTime":23,"msg":"request completed"}
{"level":30,"time":1791059437830,"pid":1,"hostname":"web-8","reqId":"p-36cd","req":{"method":"GET","url":"/api/cart"},"res":{"statusCode":200},"responseTime":67,"msg":"request completed"}
{"level":50,"time":1791059438379,"pid":1,"hostname":"web-8","reqId":"p-62a3","err":{"type":"Error","message":"connect ETIMEDOUT 10.0.3.5:8080","stack":"Error: connect ETIMEDOUT 10.0.3.5:8080\n    at TCPConnectWrap.afterConnect [as oncomplete] (node:net:1555:16)"},"msg":"upstream request failed"}
{"level":30,"time":1791059438569,"pid":1,"hostname":"web-8","reqId":"p-7205","req":{"method":"GET","url":"/api/cart"},"res":{"statusCode":200},"responseTime":34,"msg":"request completed"}
{"level":50,"time":1791059438889,"pid":1,"hostname":"web-8","reqId":"p-1d56","err":{"type":"Error","message":"connect ETIMEDOUT 10.0.3.5:8080","stack":"Error: connect ETIMEDOUT 10.0.3.5:8080\n    at TCPConnectWrap.afterConnect [as oncomplete] (node:net:1555:16)"},"msg":"upstream request failed"}
{"level":30,"time":1791059439394,"pid":1,"hostname":"web-8","reqId":"p-70ca","req":{"method":"GET","url":"/api/products"},"res":{"statusCode":200},"responseTime":69,"msg":"request completed"}
{"level":30,"time":1791059439999,"pid":1,"hostname":"web-8","reqId":"p-507c","req":{"method":"POST","url":"/api/orders"},"res":{"statusCode":200},"responseTime":70,"msg":"request completed"}
{"level":30,"time":1791059440115,"pid":1,"hostname":"web-8","reqId":"p-209d","req":{"method":"GET","url":"/api/cart"},"res":{"statusCode":200},"responseTime":5,"msg":"request completed"}
{"level":40,"time":1791059440883,"pid":1,"hostname":"web-8","upstream":"payments","elapsedMs":1870,"msg":"slow upstream"}
{"level":30,"time":1791059440999,"pid":1,"hostname":"web-8","reqId":"p-08a9","req":{"method":"POST","url":"/api/cart"},"res":{"statusCode":200},"responseTime":38,"msg":"request completed"}
{"level":30,"time":1791059440999,"pid":1,"hostname":"web-8","reqId":"p-658c","req":{"method":"POST","url":"/api/products"},"res":{"statusCode":200},"responseTime":34,"msg":"request completed"}
{"level":30,"time":1791059441208,"pid":1,"hostname":"web-8","reqId":"p-5c25","req":{"method":"POST","url":"/api/orders"},"res":{"statusCode":200},"responseTime":57,"msg":"request completed"}
{"level":30,"time":1791059441276,"pid":1,"hostname":"web-8","reqId":"p-0bd0","req":{"method":"GET","url":"/api/products"},"res":{"statusCode":200},"responseTime":11,"msg":"request completed"}
{"level":30,"time":1791059441552,"pid":1,"hostname":"web-8","reqId":"p-3b9c","req":{"method":"GET","url":"/api/cart"},"res":{"statusCode":200},"responseTime":10,"msg":"request completed"}
{"level":40,"time":1791059441999,"pid":1,"hostname":"web-8","upstream":"payments","elapsedMs":2535,"msg":"slow upstream"}
{"level":40,"time":1791059442549,"pid":1,"hostname":"web-8","upstream":"payments","elapsedMs":2049,"msg":"slow upstream"}
{"level":40,"time":1791059442664,"pid":1,"hostname":"web-8","upstream":"payments","elapsedMs":3747,"msg":"slow upstream"}
{"level":30,"time":1791059443403,"pid":1,"hostname":"web-8","reqId":"p-5d6a","req":{"method":"GET","url":"/api/products"},"res":{"statusCode":200},"responseTime":29,"msg":"request completed"}
{"level":30,"time":1791059443999,"pid":1,"hostname":"web-8","reqId":"p-5c1f","req":{"method":"GET","url":"/api/products"},"res":{"statusCode":200},"responseTime":37,"msg":"request completed"}
{"level":30,"time":1791059444799,"pid":1,"hostname":"web-8","reqId":"p-60bb","req":{"method":"GET","url":"/api/orders"},"res":{"statusCode":200},"responseTime":21,"msg":"request completed"}
{"level":50,"time":1791059445308,"pid":1,"hostname":"web-8","reqId":"p-7121","err":{"type":"Error","message":"connect ETIMEDOUT 10.0.3.5:8080","stack":"Error: connect ETIMEDOUT 10.0.3.5:8080\n    at TCPConnectWrap.afterConnect [as oncomplete] (node:net:1555:16)"},"msg":"upstream request failed"}
{"level":30,"time":1791059446439,"pid":1,"hostname":"web-8","reqId":"p-67be","req":{"method":"GET","url":"/api/products"},"res":{"statusCode":200},"responseTime":25,"msg":"request completed"}
{"level":30,"time":1791059447213,"pid":1,"hostname":"web-8","reqId":"p-45fe","req":{"method":"GET","url":"/api/cart"},"res":{"statusCode":200},"responseTime":68,"msg":"request completed"}
{"level":30,"time":1791059447834,"pid":1,"hostname":"web-8","reqId":"p-58a3","req":{"method":"POST","url":"/api/orders"},"res":{"statusCode":200},"responseTime":77,"msg":"request completed"}
{"level":30,"time":1791059447919,"pid":1,"hostname":"web-8","reqId":"p-798f","req":{"method":"POST","url":"/api/cart"},"res":{"statusCode":200},"responseTime":46,"msg":"request completed"}
{"level":30,"time":1791059448953,"pid":1,"hostname":"web-8","reqId":"p-26ed","req":{"method":"POST","url":"/api/products"},"res":{"statusCode":200},"responseTime":38,"msg":"request completed"}
{"level":30,"time":1791059448999,"pid":1,"hostname":"web-8","reqId":"p-5e93","req":{"method":"GET","url":"/api/products"},"res":{"statusCode":200},"responseTime":70,"msg":"request completed"}
{"level":30,"time":1791059449081,"pid":1,"hostname":"web-8","reqId":"p-2f5f","req":{"method":"GET","url":"/api/products"},"res":{"statusCode":200},"responseTime":56,"msg":"request completed"}
{"level":50,"time":1791059449616,"pid":1,"hostname":"web-8","reqId":"p-248d","err":{"type":"Error","message":"connect ETIMEDOUT 10.0.3.5:8080","stack":"Error: connect ETIMEDOUT 10.0.3.5:8080\n    at TCPConnectWrap.afterConnect [as oncomplete] (node:net:1555:16)"},"msg":"upstream request failed"}
{"level":50,"time":1791059449706,"pid":1,"hostname":"web-8","reqId":"p-038c","err":{"type":"Error","message":"connect ETIMEDOUT 10.0.3.5:8080","stack":"Error: connect ETIMEDOUT 10.0.3.5:8080\n    at TCPConnectWrap.afterConnect [as oncomplete] (node:net:1555:16)"},"msg":"upstream request failed"}
{"level":30,"time":1791059449931,"pid":1,"hostname":"web-8","reqId":"p-165c","req":{"method":"POST","url":"/api/orders"},"res":{"statusCode":200},"responseTime":75,"msg":"request completed"}
{"level":50,"time":1791059450145,"pid":1,"hostname":"web-8","reqId":"p-5c81","err":{"type":"Error","message":"connect ETIMEDOUT 10.0.3.5:8080","stack":"Error: connect ETIMEDOUT 10.0.3.5:8080\n    at TCPConnectWrap.afterConnect [as oncomplete] (node:net:1555:16)"},"msg":"upstream request failed"}
{"level":50,"time":1791059450646,"pid":1,"hostname":"web-8","reqId":"p-1d4f","err":{"type":"Error","message":"connect ETIMEDOUT 10.0.3.5:8080","stack":"Error: connect ETIMEDOUT 10.0.3.5:8080\n    at TCPConnectWrap.afterConnect [as oncomplete] (node:net:1555:16)"},"msg":"upstream request failed"}
{"level":30,"time":1791059450999,"pid":1,"hostname":"web-8","reqId":"p-4bcd","req":{"method":"GET","url":"/api/orders"},"res":{"statusCode":200},"responseTime":33,"msg":"request completed"}
{"level":30,"time":1791059450999,"pid":1,"hostname":"web-8","reqId":"p-3dc6","req":{"method":"POST","url":"/api/orders"},"res":{"statusCode":200},"responseTime":93,"msg":"request completed"}
{"level":30,"time":1791059451024,"pid":1,"hostname":"web-8","reqId":"p-16c2","req":{"method":"POST","url":"/api/products"},"res":{"statusCode":200},"responseTime":52,"msg":"request completed"}
{"level":30,"time":1791059451887,"pid":1,"hostname":"web-8","reqId":"p-4792","req":{"method":"POST","url":"/api/orders"},"res":{"statusCode":200},"responseTime":47,"msg":"request completed"}
{"level":30,"time":1791059452743,"pid":1,"hostname":"web-8","reqId":"p-7d94","req":{"method":"POST","url":"/api/cart"},"res":{"statusCode":200},"responseTime":9,"msg":"request completed"}
{"level":40,"time":1791059453231,"pid":1,"hostname":"web-8","upstream":"payments","elapsedMs":3659,"msg":"slow upstream"}
{"level":30,"time":1791059453252,"pid":1,"hostname":"web-8","reqId":"p-4162","req":{"method":"GET","url":"/api/cart"},"res":{"statusCode":200},"responseTime":57,"msg":"request completed"}
{"level":30,"time":1791059453335,"pid":1,"hostname":"web-8","reqId":"p-3ce3","req":{"method":"GET","url":"/api/cart"},"res":{"statusCode":200},"responseTime":84,"msg":"request completed"}
{"level":30,"time":1791059453403,"pid":1,"hostname":"web-8","reqId":"p-718e","req":{"method":"POST","url":"/api/cart"},"res":{"statusCode":200},"responseTime":27,"msg":"request completed"}
{"level":40,"time":1791059453894,"pid":1,"hostname":"web-8","upstream":"payments","elapsedMs":1539,"msg":"slow upstream"}
{"level":40,"time":1791059454418,"pid":1,"hostname":"web-8","upstream":"payments","elapsedMs":1821,"msg":"slow upstream"}
{"level":40,"time":1791059454672,"pid":1,"hostname":"web-8","upstream":"payments","elapsedMs":2550,"msg":"slow upstream"}
{"level":30,"time":1791059455026,"pid":1,"hostname":"web-8","reqId":"p-4a8f","req":{"method":"POST","url":"/api/orders"},"res":{"statusCode":200},"responseTime":79,"msg":"request completed"}
{"level":30,"time":1791059455258,"pid":1,"hostname":"web-8","reqId":"p-27fb","req":{"method":"GET","url":"/api/products"},"res":{"statusCode":200},"responseTime":85,"msg":"request completed"}
{"level":30,"time":1791059456775,"pid":1,"hostname":"web-8","reqId":"p-717f","req":{"method":"GET","url":"/api/cart"},"res":{"statusCode":200},"responseTime":80,"msg":"request completed"}
{"level":30,"time":1791059456999,"pid":1,"hostname":"web-8","reqId":"p-3ef3","req":{"method":"GET","url":"/api/cart"},"res":{"statusCode":200},"responseTime":26,"msg":"request completed"}
{"level":30,"time":1791059456999,"pid":1,"hostname":"web-8","reqId":"p-72c1","req":{"method":"GET","url":"/api/orders"},"res":{"statusCode":200},"responseTime":84,"msg":"request completed"}
{"level":30,"time":1791059457158,"pid":1,"hostname":"web-8","reqId":"p-08b5","req":{"method":"GET","url":"/api/cart"},"res":{"statusCode":200},"responseTime":9,"msg":"request completed"}
{"level":30,"time":1791059457999,"pid":1,"hostname":"web-8","reqId":"p-4e54","req":{"method":"POST","url":"/api/products"},"res":{"statusCode":200},"responseTime":29,"msg":"request completed"}
{"level":30,"time":1791059458170,"pid":1,"hostname":"web-8","reqId":"p-5c2d","req":{"method":"GET","url":"/api/cart"},"res":{"statusCode":200},"responseTime":71,"msg":"request completed"}
{"level":30,"time":1791059458999,"pid":1,"hostname":"web-8","reqId":"p-4319","req":{"method":"POST","url":"/api/orders"},"res":{"statusCode":200},"responseTime":70,"msg":"request completed"}
{"level":50,"time":1791059458999,"pid":1,"hostname":"web-8","reqId":"p-541c","err":{"type":"Error","message":"connect ETIMEDOUT 10.0.3.5:8080","stack":"Error: connect ETIMEDOUT 10.0.3.5:8080\n    at TCPConnectWrap.afterConnect [as oncomplete] (node:net:1555:16)"},"msg":"upstream request failed"}
{"level":50,"time":1791059459826,"pid":1,"hostname":"web-8","reqId":"p-29f2","err":{"type":"Error","message":"connect ETIMEDOUT 10.0.3.5:8080","stack":"Error: connect ETIMEDOUT 10.0.3.5:8080\n    at TCPConnectWrap.afterConnect [as oncomplete] (node:net:1555:16)"},"msg":"upstream request failed"}
{"level":30,"time":1791059460319,"pid":1,"hostname":"web-8","reqId":"p-38de","req":{"method":"POST","url":"/api/products"},"res":{"statusCode":200},"responseTime":89,"msg":"request completed"}
{"level":30,"time":1791059460341,"pid":1,"hostname":"web-8","reqId":"p-72b0","req":{"method":"GET","url":"/api/orders"},"res":{"statusCode":200},"responseTime":79,"msg":"request completed"}
{"level":50,"time":1791059461127,"pid":1,"hostname":"web-8","reqId":"p-3307","err":{"type":"Error","message":"connect ETIMEDOUT 10.0.3.5:8080","stack":"Error: connect ETIMEDOUT 10.0.3.5:8080\n    at TCPConnectWrap.afterConnect [as oncomplete] (node:net:1555:16)"},"msg":"upstream request failed"}
{"level":50,"time":1791059461288,"pid":1,"hostname":"web-8","reqId":"p-5c4b","err":{"type":"Error","message":"connect ETIMEDOUT 10.0.3.5:8080","stack":"Error: connect ETIMEDOUT 10.0.3.5:8080\n    at TCPConnectWrap.afterConnect [as oncomplete] (node:net:1555:16)"},"msg":"upstream request failed"}
{"level":40,"time":1791059461999,"pid":1,"hostname":"web-8","upstream":"payments","elapsedMs":2250,"msg":"slow upstream"}
{"level":30,"time":1791059463446,"pid":1,"hostname":"web-8","reqId":"p-6445","req":{"method":"GET","url":"/api/cart"},"res":{"statusCode":200},"responseTime":16,"msg":"request completed"}
{"level":30,"time":1791059463452,"pid":1,"hostname":"web-8","reqId":"p-0304","req":{"method":"GET","url":"/api/products"},"res":{"statusCode":200},"responseTime":60,"msg":"request completed"}
{"level":30,"time":1791059463526,"pid":1,"hostname":"web-8","reqId":"p-7290","req":{"method":"GET","url":"/api/cart"},"res":{"statusCode":200},"responseTime":76,"msg":"request completed"}
{"level":30,"time":1791059463547,"pid":1,"hostname":"web-8","reqId":"p-237a","req":{"method":"GET","url":"/api/products"},"res":{"statusCode":200},"responseTime":92,"msg":"request completed"}
{"level":50,"time":1791059463880,"pid":1,"hostname":"web-8","reqId":"p-4973","err":{"type":"Error","message":"connect ETIMEDOUT 10.0.3.5:8080","stack":"Error: connect ETIMEDOUT 10.0.3.5:8080\n    at TCPConnectWrap.afterConnect [as oncomplete] (node:net:1555:16)"},"msg":"upstream request failed"}
{"level":30,"time":1791059464071,"pid":1,"hostname":"web-8","reqId":"p-7bd7","req":{"method":"GET","url":"/api/products"},"res":{"statusCode":200},"responseTime":26,"msg":"request completed"}
{"level":30,"time":1791059464607,"pid":1,"hostname":"web-8","reqId":"p-4778","req":{"method":"GET","url":"/api/orders"},"res":{"statusCode":200},"responseTime":68,"msg":"request completed"}
{"level":30,"time":1791059465107,"pid":1,"hostname":"web-8","reqId":"p-24f3","req":{"method":"GET","url":"/api/cart"},"res":{"statusCode":200},"responseTime":9,"msg":"request completed"}
{"level":30,"time":1791059465130,"pid":1,"hostname":"web-8","reqId":"p-5cff","req":{"method":"POST","url":"/api/products"},"res":{"statusCode":200},"responseTime":79,"msg":"request completed"}
{"level":30,"time":1791059466102,"pid":1,"hostname":"web-8","reqId":"p-3f75","req":{"method":"GET","url":"/api/orders"},"res":{"statusCode":200},"responseTime":39,"msg":"request completed"}
{"level":40,"time":1791059466747,"pid":1,"hostname":"web-8","upstream":"payments","elapsedMs":1677,"msg":"slow upstream"}
{"level":40,"time":1791059466957,"pid":1,"hostname":"web-8","upstream":"payments","elapsedMs":2780,"msg":"slow upstream"}
{"level":30,"time":1791059466999,"pid":1,"hostname":"web-8","reqId":"p-2be8","req":{"method":"POST","url":"/api/products"},"res":{"statusCode":200},"responseTime":66,"msg":"request completed"}
{"level":30,"time":1791059466999,"pid":1,"hostname":"web-8","reqId":"p-2d06","req":{"method":"GET","url":"/api/products"},"res":{"statusCode":200},"responseTime":67,"msg":"request completed"}
{"level":30,"time":1791059468999,"pid":1,"hostname":"web-8","reqId":"p-2a29","req":{"method":"GET","url":"/api/cart"},"res":{"statusCode":200},"responseTime":66,"msg":"request completed"}
{"level":40,"time":1791059468999,"pid":1,"hostname":"web-8","upstream":"payments","elapsedMs":2230,"msg":"slow upstream"}
{"level":30,"time":1791059468999,"pid":1,"hostname":"web-8","reqId":"p-10a5","req":{"method":"GET","url":"/api/cart"},"res":{"statusCode":200},"responseTime":32,"msg":"request completed"}
{"level":30,"time":1791059469178,"pid":1,"hostname":"web-8","reqId":"p-1c55","req":{"method":"POST","url":"/api/products"},"res":{"statusCode":200},"responseTime":30,"msg":"request completed"}
{"level":30,"time":1791059469328,"pid":1,"hostname":"web-8","reqId":"p-081a","req":{"method":"GET","url":"/api/products"},"res":{"statusCode":200},"responseTime":59,"msg":"request completed"}
{"level":30,"time":1791059469370,"pid":1,"hostname":"web-8","reqId":"p-231a","req":{"method":"POST","url":"/api/orders"},"res":{"statusCode":200},"responseTime":81,"msg":"request completed"}
{"level":30,"time":1791059469497,"pid":1,"hostname":"web-8","reqId":"p-2ad1","req":{"method":"POST","url":"/api/products"},"res":{"statusCode":200},"responseTime":92,"msg":"request completed"}
{"level":30,"time":1791059469623,"pid":1,"hostname":"web-8","reqId":"p-5781","req":{"method":"GET","url":"/api/orders"},"res":{"statusCode":200},"responseTime":35,"msg":"request completed"}
{"level":30,"time":1791059469826,"pid":1,"hostname":"web-8","reqId":"p-3a74","req":{"method":"GET","url":"/api/orders"},"res":{"statusCode":200},"responseTime":16,"msg":"request completed"}
{"level":30,"time":1791059469857,"pid":1,"hostname":"web-8","reqId":"p-0420","req":{"method":"GET","url":"/api/products"},"res":{"statusCode":200},"responseTime":78,"msg":"request completed"}
{"level":30,"time":1791059470771,"pid":1,"hostname":"web-8","reqId":"p-54b2","req":{"method":"GET","url":"/api/orders"},"res":{"statusCode":200},"responseTime":68,"msg":"request completed"}
{"level":30,"time":1791059471948,"pid":1,"hostname":"web-8","reqId":"p-36f2","req":{"method":"POST","url":"/api/cart"},"res":{"statusCode":200},"responseTime":18,"msg":"request completed"}
{"level":30,"time":1791059471999,"pid":1,"hostname":"web-8","reqId":"p-6456","req":{"method":"POST","url":"/api/products"},"res":{"statusCode":200},"responseTime":40,"msg":"request completed"}
{"level":30,"time":1791059472201,"pid":1,"hostname":"web-8","reqId":"p-4178","req":{"method":"GET","url":"/api/cart"},"res":{"statusCode":200},"responseTime":86,"msg":"request completed"}
{"level":50,"time":1791059472592,"pid":1,"hostname":"web-8","reqId":"p-498a","err":{"type":"Error","message":"connect ETIMEDOUT 10.0.3.5:8080","stack":"Error: connect ETIMEDOUT 10.0.3.5:8080\n    at TCPConnectWrap.afterConnect [as oncomplete] (node:net:1555:16)"},"msg":"upstream request failed"}
{"level":40,"time":1791059472680,"pid":1,"hostname":"web-8","upstream":"payments","elapsedMs":1554,"msg":"slow upstream"}
{"level":30,"time":1791059473624,"pid":1,"hostname":"web-8","reqId":"p-300f","req":{"method":"POST","url":"/api/products"},"res":{"statusCode":200},"responseTime":26,"msg":"request completed"}
{"level":30,"time":1791059474656,"pid":1,"hostname":"web-8","reqId":"p-4fc1","req":{"method":"GET","url":"/api/orders"},"res":{"statusCode":200},"responseTime":42,"msg":"request completed"}
{"level":30,"time":1791059475514,"pid":1,"hostname":"web-8","reqId":"p-0c2b","req":{"method":"POST","url":"/api/orders"},"res":{"statusCode":200},"responseTime":67,"msg":"request completed"}
{"level":30,"time":1791059475757,"pid":1,"hostname":"web-8","reqId":"p-3add","req":{"method":"POST","url":"/api/cart"},"res":{"statusCode":200},"responseTime":36,"msg":"request completed"}
{"level":30,"time":1791059475965,"pid":1,"hostname":"web-8","reqId":"p-66d4","req":{"method":"GET","url":"/api/cart"},"res":{"statusCode":200},"responseTime":67,"msg":"request completed"}
{"level":30,"time":1791059475999,"pid":1,"hostname":"web-8","reqId":"p-3ab0","req":{"method":"GET","url":"/api/orders"},"res":{"statusCode":200},"responseTime":45,"msg":"request completed"}
{"level":30,"time":1791059477329,"pid":1,"hostname":"web-8","reqId":"p-03ae","req":{"method":"GET","url":"/api/cart"},"res":{"statusCode":200},"responseTime":64,"msg":"request completed"}
{"level":30,"time":1791059477538,"pid":1,"hostname":"web-8","reqId":"p-1067","req":{"method":"GET","url":"/api/products"},"res":{"statusCode":200},"responseTime":29,"msg":"request completed"}
{"level":40,"time":1791059477572,"pid":1,"hostname":"web-8","upstream":"payments","elapsedMs":3103,"msg":"slow upstream"}
{"level":30,"time":1791059477658,"pid":1,"hostname":"web-8","reqId":"p-16e8","req":{"method":"POST","url":"/api/products"},"res":{"statusCode":200},"responseTime":73,"msg":"request completed"}
{"level":30,"time":1791059477785,"pid":1,"hostname":"web-8","reqId":"p-357f","req":{"method":"GET","url":"/api/cart"},"res":{"statusCode":200},"responseTime":21,"msg":"request completed"}
{"level":30,"time":1791059477999,"pid":1,"hostname":"web-8","reqId":"p-6c65","req":{"method":"POST","url":"/api/cart"},"res":{"statusCode":200},"responseTime":87,"msg":"request completed"}
{"level":40,"time":1791059478233,"pid":1,"hostname":"web-8","upstream":"payments","elapsedMs":3188,"msg":"slow upstream"}
{"level":50,"time":1791059478754,"pid":1,"hostname":"web-8","reqId":"p-4963","err":{"type":"Error","message":"connect ETIMEDOUT 10.0.3.5:8080","stack":"Error: connect ETIMEDOUT 10.0.3.5:8080\n    at TCPConnectWrap.afterConnect [as oncomplete] (node:net:1555:16)"},"msg":"upstream request failed"}
{"level":40,"time":1791059479879,"pid":1,"hostname":"web-8","upstream":"payments","elapsedMs":3685,"msg":"slow upstream"}
{"level":30,"time":1791059479999,"pid":1,"hostname":"web-8","reqId":"p-6c27","req":{"method":"GET","url":"/api/products"},"res":{"statusCode":200},"responseTime":26,"msg":"request completed"}
{"level":50,"time":1791059479999,"pid":1,"hostname":"web-8","reqId":"p-7f81","err":{"type":"Error","message":"connect ETIMEDOUT 10.0.3.5:8080","stack":"Error: connect ETIMEDOUT 10.0.3.5:8080\n    at TCPConnectWrap.afterConnect [as oncomplete] (node:net:1555:16)"},"msg":"upstream request failed"}
{"level":40,"time":1791059480119,"pid":1,"hostname":"web-8","upstream":"payments","elapsedMs":1785,"msg":"slow upstream"}
{"level":30,"time":1791059480491,"pid":1,"hostname":"web-8","reqId":"p-3672","req":{"method":"GET","url":"/api/products"},"res":{"statusCode":200},"responseTime":15,"msg":"request completed"}
{"level":50,"time":1791059480498,"pid":1,"hostname":"web-8","reqId":"p-4c00","err":{"type":"Error","message":"connect ETIMEDOUT 10.0.3.5:8080","stack":"Error: connect ETIMEDOUT 10.0.3.5:8080\n    at TCPConnectWrap.afterConnect [as oncomplete] (node:net:1555:16)"},"msg":"upstream request failed"}
{"level":30,"time":1791059480716,"pid":1,"hostname":"web-8","reqId":"p-6931","req":{"method":"GET","url":"/api/orders"},"res":{"statusCode":200},"responseTime":88,"msg":"request completed"}
{"level":30,"time":1791059481667,"pid":1,"hostname":"web-8","reqId":"p-597c","req":{"method":"POST","url":"/api/orders"},"res":{"statusCode":200},"responseTime":93,"msg":"request completed"}
{"level":30,"time":1791059482107,"pid":1,"hostname":"web-8","reqId":"p-00fd","req":{"method":"POST","url":"/api/orders"},"res":{"statusCode":200},"responseTime":21,"msg":"request completed"}
{"level":50,"time":1791059482770,"pid":1,"hostname":"web-8","reqId":"p-2756","err":{"type":"Error","message":"connect ETIMEDOUT 10.0.3.5:8080","stack":"Error: connect ETIMEDOUT 10.0.3.5:8080\n    at TCPConnectWrap.afterConnect [as oncomplete] (node:net:1555:16)"},"msg":"upstream request failed"}
{"level":50,"time":1791059482999,"pid":1,"hostname":"web-8","reqId":"p-5a6b","err":{"type":"Error","message":"connect ETIMEDOUT 10.0.3.5:8080","stack":"Error: connect ETIMEDOUT 10.0.3.5:8080\n    at TCPConnectWrap.afterConnect [as oncomplete] (node:net:1555:16)"},"msg":"upstream request failed"}
{"level":30,"time":1791059483272,"pid":1,"hostname":"web-8","reqId":"p-711d","req":{"method":"POST","url":"/api/orders"},"res":{"statusCode":200},"responseTime":57,"msg":"request completed"}
{"level":50,"time":1791059483999,"pid":1,"hostname":"web-8","reqId":"p-043a","err":{"type":"Error","message":"connect ETIMEDOUT 10.0.3.5:8080","stack":"Error: connect ETIMEDOUT 10.0.3.5:8080\n    at TCPConnectWrap.afterConnect [as oncomplete] (node:net:1555:16)"},"msg":"upstream request failed"}
{"level":30,"time":1791059483999,"pid":1,"hostname":"web-8","reqId":"p-79f2","req":{"method":"GET","url":"/api/products"},"res":{"statusCode":200},"responseTime":88,"msg":"request completed"}
{"level":30,"time":1791059484417,"pid":1,"hostname":"web-8","reqId":"p-29e8","req":{"method":"POST","url":"/api/products"},"res":{"statusCode":200},"responseTime":50,"msg":"request completed"}
{"level":50,"time":1791059484441,"pid":1,"hostname":"web-8","reqId":"p-0128","err":{"type":"Error","message":"connect ETIMEDOUT 10.0.3.5:8080","stack":"Error: connect ETIMEDOUT 10.0.3.5:8080\n    at TCPConnectWrap.afterConnect [as oncomplete] (node:net:1555:16)"},"msg":"upstream request failed"}
{"level":50,"time":1791059484849,"pid":1,"hostname":"web-8","reqId":"p-7551","err":{"type":"Error","message":"connect ETIMEDOUT 10.0.3.5:8080","stack":"Error: connect ETIMEDOUT 10.0.3.5:8080\n    at TCPConnectWrap.afterConnect [as oncomplete] (node:net:1555:16)"},"msg":"upstream request failed"}
{"level":30,"time":1791059484980,"pid":1,"hostname":"web-8","reqId":"p-652f","req":{"method":"POST","url":"/api/products"},"res":{"statusCode":200},"responseTime":29,"msg":"request completed"}
{"level":40,"time":1791059485569,"pid":1,"hostname":"web-8","upstream":"payments","elapsedMs":3952,"msg":"slow upstream"}
{"level":40,"time":1791059486049,"pid":1,"hostname":"web-8","upstream":"payments","elapsedMs":3014,"msg":"slow upstream"}
{"level":30,"time":1791059486052,"pid":1,"hostname":"web-8","reqId":"p-3595","req":{"method":"GET","url":"/api/products"},"res":{"statusCode":200},"responseTime":25,"msg":"request completed"}
{"level":30,"time":1791059486865,"pid":1,"hostname":"web-8","reqId":"p-2649","req":{"method":"GET","url":"/api/cart"},"res":{"statusCode":200},"responseTime":65,"msg":"request completed"}
{"level":50,"time":1791059486970,"pid":1,"hostname":"web-8","reqId":"p-53e9","err":{"type":"Error","message":"connect ETIMEDOUT 10.0.3.5:8080","stack":"Error: connect ETIMEDOUT 10.0.3.5:8080\n    at TCPConnectWrap.afterConnect [as oncomplete] (node:net:1555:16)"},"msg":"upstream request failed"}
{"level":30,"time":1791059487999,"pid":1,"hostname":"web-8","reqId":"p-287e","req":{"method":"GET","url":"/api/products"},"res":{"statusCode":200},"responseTime":64,"msg":"request completed"}
{"level":50,"time":1791059488173,"pid":1,"hostname":"web-8","reqId":"p-60a3","err":{"type":"Error","message":"connect ETIMEDOUT 10.0.3.5:8080","stack":"Error: connect ETIMEDOUT 10.0.3.5:8080\n    at TCPConnectWrap.afterConnect [as oncomplete] (node:net:1555:16)"},"msg":"upstream request failed"}
{"level":30,"time":1791059488473,"pid":1,"hostname":"web-8","reqId":"p-4c73","req":{"method":"GET","url":"/api/products"},"res":{"statusCode":200},"responseTime":82,"msg":"request completed"}
{"level":40,"time":1791059488846,"pid":1,"hostname":"web-8","upstream":"payments","elapsedMs":3977,"msg":"slow upstream"}
{"level":50,"time":1791059490732,"pid":1,"hostname":"web-8","reqId":"p-0812","err":{"type":"Error","message":"connect ETIMEDOUT 10.0.3.5:8080","stack":"Error: connect ETIMEDOUT 10.0.3.5:8080\n    at TCPConnectWrap.afterConnect [as oncomplete] (node:net:1555:16)"},"msg":"upstream request failed"}
{"level":30,"time":1791059490999,"pid":1,"hostname":"web-8","reqId":"p-1180","req":{"method":"GET","url":"/api/orders"},"res":{"statusCode":200},"responseTime":73,"msg":"request completed"}
{"level":30,"time":1791059490999,"pid":1,"hostname":"web-8","reqId":"p-71be","req":{"method":"GET","url":"/api/orders"},"res":{"statusCode":200},"responseTime":46,"msg":"request completed"}
{"level":30,"time":1791059490999,"pid":1,"hostname":"web-8","reqId":"p-5297","req":{"method":"POST","url":"/api/products"},"res":{"statusCode":200},"responseTime":66,"msg":"request completed"}
{"level":40,"time":1791059491576,"pid":1,"hostname":"web-8","upstream":"payments","elapsedMs":2079,"msg":"slow upstream"}
{"level":40,"time":1791059491580,"pid":1,"hostname":"web-8","upstream":"payments","elapsedMs":3811,"msg":"slow upstream"}
{"level":30,"time":1791059491999,"pid":1,"hostname":"web-8","reqId":"p-4173","req":{"method":"GET","url":"/api/orders"},"res":{"statusCode":200},"responseTime":48,"msg":"request completed"}
{"level":40,"time":1791059492182,"pid":1,"hostname":"web-8","upstream":"payments","elapsedMs":2803,"msg":"slow upstream"}
{"level":50,"time":1791059492832,"pid":1,"hostname":"web-8","reqId":"p-38e1","err":{"type":"Error","message":"connect ETIMEDOUT 10.0.3.5:8080","stack":"Error: connect ETIMEDOUT 10.0.3.5:8080\n    at TCPConnectWrap.afterConnect [as oncomplete] (node:net:1555:16)"},"msg":"upstream request failed"}
{"level":30,"time":1791059492999,"pid":1,"hostname":"web-8","reqId":"p-59d9","req":{"method":"GET","url":"/api/cart"},"res":{"statusCode":200},"responseTime":18,"msg":"request completed"}
{"level":30,"time":1791059492999,"pid":1,"hostname":"web-8","reqId":"p-072c","req":{"method":"GET","url":"/api/orders"},"res":{"statusCode":200},"responseTime":52,"msg":"request completed"}
{"level":30,"time":1791059493656,"pid":1,"hostname":"web-8","reqId":"p-4af7","req":{"method":"GET","url":"/api/products"},"res":{"statusCode":200},"responseTime":38,"msg":"request completed"}
{"level":50,"time":1791059493756,"pid":1,"hostname":"web-8","reqId":"p-7a63","err":{"type":"Error","message":"connect ETIMEDOUT 10.0.3.5:8080","stack":"Error: connect ETIMEDOUT 10.0.3.5:8080\n    at TCPConnectWrap.afterConnect [as oncomplete] (node:net:1555:16)"},"msg":"upstream request failed"}
{"level":30,"time":1791059494429,"pid":1,"hostname":"web-8","reqId":"p-1af2","req":{"method":"POST","url":"/api/cart"},"res":{"statusCode":200},"responseTime":81,"msg":"request completed"}
{"level":30,"time":1791059494548,"pid":1,"hostname":"web-8","reqId":"p-3fd2","req":{"method":"POST","url":"/api/cart"},"res":{"statusCode":200},"responseTime":86,"msg":"request completed"}
{"level":50,"time":1791059494767,"pid":1,"hostname":"web-8","reqId":"p-1f22","err":{"type":"Error","message":"connect ETIMEDOUT 10.0.3.5:8080","stack":"Error: connect ETIMEDOUT 10.0.3.5:8080\n    at TCPConnectWrap.afterConnect [as oncomplete] (node:net:1555:16)"},"msg":"upstream request failed"}
{"level":30,"time":1791059494999,"pid":1,"hostname":"web-8","reqId":"p-2eb4","req":{"method":"GET","url":"/api/orders"},"res":{"statusCode":200},"responseTime":85,"msg":"request completed"}
{"level":50,"time":1791059494999,"pid":1,"hostname":"web-8","reqId":"p-1f0f","err":{"type":"Error","message":"connect ETIMEDOUT 10.0.3.5:8080","stack":"Error: connect ETIMEDOUT 10.0.3.5:8080\n    at TCPConnectWrap.afterConnect [as oncomplete] (node:net:1555:16)"},"msg":"upstream request failed"}
{"level":40,"time":1791059495260,"pid":1,"hostname":"web-8","upstream":"payments","elapsedMs":2762,"msg":"slow upstream"}
{"level":30,"time":1791059495287,"pid":1,"hostname":"web-8","reqId":"p-6eff","req":{"method":"GET","url":"/api/orders"},"res":{"statusCode":200},"responseTime":82,"msg":"request completed"}
{"level":40,"time":1791059496288,"pid":1,"hostname":"web-8","upstream":"payments","elapsedMs":2661,"msg":"slow upstream"}
{"level":30,"time":1791059496414,"pid":1,"hostname":"web-8","reqId":"p-5c34","req":{"method":"POST","url":"/api/orders"},"res":{"statusCode":200},"responseTime":30,"msg":"request completed"}
{"level":30,"time":1791059497068,"pid":1,"hostname":"web-8","reqId":"p-5eee","req":{"method":"GET","url":"/api/cart"},"res":{"statusCode":200},"responseTime":5,"msg":"request completed"}
{"level":30,"time":1791059497168,"pid":1,"hostname":"web-8","reqId":"p-373d","req":{"method":"POST","url":"/api/cart"},"res":{"statusCode":200},"responseTime":22,"msg":"request completed"}
{"level":30,"time":1791059497810,"pid":1,"hostname":"web-8","reqId":"p-4316","req":{"method":"GET","url":"/api/orders"},"res":{"statusCode":200},"responseTime":67,"msg":"request completed"}
{"level":50,"time":1791059497866,"pid":1,"hostname":"web-8","reqId":"p-7141","err":{"type":"Error","message":"connect ETIMEDOUT 10.0.3.5:8080","stack":"Error: connect ETIMEDOUT 10.0.3.5:8080\n    at TCPConnectWrap.afterConnect [as oncomplete] (node:net:1555:16)"},"msg":"upstream request failed"}
{"level":30,"time":1791059497999,"pid":1,"hostname":"web-8","reqId":"p-0caa","req":{"method":"POST","url":"/api/cart"},"res":{"statusCode":200},"responseTime":51,"msg":"request completed"}
{"level":30,"time":1791059498633,"pid":1,"hostname":"web-8","reqId":"p-73bd","req":{"method":"POST","url":"/api/cart"},"res":{"statusCode":200},"responseTime":91,"msg":"request completed"}
{"level":40,"time":1791059498999,"pid":1,"hostname":"web-8","upstream":"payments","elapsedMs":2532,"msg":"slow upstream"}
{"level":30,"time":1791059499126,"pid":1,"hostname":"web-8","reqId":"p-041a","req":{"method":"GET","url":"/api/products"},"res":{"statusCode":200},"responseTime":24,"msg":"request completed"}
{"level":30,"time":1791059499204,"pid":1,"hostname":"web-8","reqId":"p-4716","req":{"method":"POST","url":"/api/orders"},"res":{"statusCode":200},"responseTime":92,"msg":"request completed"}
{"level":30,"time":1791059499472,"pid":1,"hostname":"web-8","reqId":"p-0248","req":{"method":"POST","url":"/api/cart"},"res":{"statusCode":200},"responseTime":23,"msg":"request completed"}
{"level":30,"time":1791059499936,"pid":1,"hostname":"web-8","reqId":"p-1ce8","req":{"method":"GET","url":"/api/orders"},"res":{"statusCode":200},"responseTime":87,"msg":"request completed"}
{"level":50,"time":1791059499999,"pid":1,"hostname":"web-8","reqId":"p-7604","err":{"type":"Error","message":"connect ETIMEDOUT 10.0.3.5:8080","stack":"Error: connect ETIMEDOUT 10.0.3.5:8080\n    at TCPConnectWrap.afterConnect [as oncomplete] (node:net:1555:16)"},"msg":"upstream request failed"}
{"level":30,"time":1791059499999,"pid":1,"hostname":"web-8","reqId":"p-5ec0","req":{"method":"GET","url":"/api/products"},"res":{"statusCode":200},"responseTime":89,"msg":"request completed"}
{"level":30,"time":1791059500999,"pid":1,"hostname":"web-8","reqId":"p-2e12","req":{"method":"GET","url":"/api/products"},"res":{"statusCode":200},"responseTime":72,"msg":"request completed"}
{"level":30,"time":1791059500999,"pid":1,"hostname":"web-8","reqId":"p-1497","req":{"method":"GET","url":"/api/cart"},"res":{"statusCode":200},"responseTime":83,"msg":"request completed"}
{"level":30,"time":1791059501999,"pid":1,"hostname":"web-8","reqId":"p-0c0c","req":{"method":"GET","url":"/api/cart"},"res":{"statusCode":200},"responseTime":60,"msg":"request completed"}
{"level":50,"time":1791059503237,"pid":1,"hostname":"web-8","reqId":"p-0296","err":{"type":"Error","message":"connect ETIMEDOUT 10.0.3.5:8080","stack":"Error: connect ETIMEDOUT 10.0.3.5:8080\n    at TCPConnectWrap.afterConnect [as oncomplete] (node:net:1555:16)"},"msg":"upstream request failed"}
{"level":30,"time":1791059503337,"pid":1,"hostname":"web-8","reqId":"p-4087","req":{"method":"POST","url":"/api/products"},"res":{"statusCode":200},"responseTime":39,"msg":"request completed"}
{"level":40,"time":1791059504440,"pid":1,"hostname":"web-8","upstream":"payments","elapsedMs":3608,"msg":"slow upstream"}
{"level":40,"time":1791059504691,"pid":1,"hostname":"web-8","upstream":"payments","elapsedMs":3002,"msg":"slow upstream"}
{"level":50,"time":1791059504932,"pid":1,"hostname":"web-8","reqId":"p-43b7","err":{"type":"Error","message":"connect ETIMEDOUT 10.0.3.5:8080","stack":"Error: connect ETIMEDOUT 10.0.3.5:8080\n    at TCPConnectWrap.afterConnect [as oncomplete] (node:net:1555:16)"},"msg":"upstream request failed"}
{"level":30,"time":1791059505135,"pid":1,"hostname":"web-8","reqId":"p-2a43","req":{"method":"GET","url":"/api/products"},"res":{"statusCode":200},"responseTime":82,"msg":"request completed"}
{"level":30,"time":1791059505225,"pid":1,"hostname":"web-8","reqId":"p-6acc","req":{"method":"GET","url":"/api/cart"},"res":{"statusCode":200},"responseTime":54,"msg":"request completed"}
{"level":30,"time":1791059505479,"pid":1,"hostname":"web-8","reqId":"p-0604","req":{"method":"POST","url":"/api/products"},"res":{"statusCode":200},"responseTime":54,"msg":"request completed"}
{"level":50,"time":1791059505609,"pid":1,"hostname":"web-8","reqId":"p-7a93","err":{"type":"Error","message":"connect ETIMEDOUT 10.0.3.5:8080","stack":"Error: connect ETIMEDOUT 10.0.3.5:8080\n    at TCPConnectWrap.afterConnect [as oncomplete] (node:net:1555:16)"},"msg":"upstream request failed"}
{"level":30,"time":1791059506512,"pid":1,"hostname":"web-8","reqId":"p-5e79","req":{"method":"GET","url":"/api/orders"},"res":{"statusCode":200},"responseTime":58,"msg":"request completed"}
{"level":30,"time":1791059506896,"pid":1,"hostname":"web-8","reqId":"p-7733","req":{"method":"GET","url":"/api/cart"},"res":{"statusCode":200},"responseTime":36,"msg":"request completed"}
{"level":30,"time":1791059506999,"pid":1,"hostname":"web-8","reqId":"p-6abb","req":{"method":"GET","url":"/api/orders"},"res":{"statusCode":200},"responseTime":65,"msg":"request completed"}
{"level":30,"time":1791059506999,"pid":1,"hostname":"web-8","reqId":"p-1fa7","req":{"method":"GET","url":"/api/products"},"res":{"statusCode":200},"responseTime":81,"msg":"request completed"}
{"level":50,"time":1791059507519,"pid":1,"hostname":"web-8","reqId":"p-6093","err":{"type":"Error","message":"connect ETIMEDOUT 10.0.3.5:8080","stack":"Error: connect ETIMEDOUT 10.0.3.5:8080\n    at TCPConnectWrap.afterConnect [as oncomplete] (node:net:1555:16)"},"msg":"upstream request failed"}
{"level":30,"time":1791059507766,"pid":1,"hostname":"web-8","reqId":"p-020d","req":{"method":"POST","url":"/api/cart"},"res":{"statusCode":200},"responseTime":58,"msg":"request completed"}
{"level":40,"time":1791059508430,"pid":1,"hostname":"web-8","upstream":"payments","elapsedMs":2620,"msg":"slow upstream"}
{"level":30,"time":1791059509049,"pid":1,"hostname":"web-8","reqId":"p-74af","req":{"method":"GET","url":"/api/cart"},"res":{"statusCode":200},"responseTime":90,"msg":"request completed"}
{"level":30,"time":1791059509317,"pid":1,"hostname":"web-8","reqId":"p-0c52","req":{"method":"GET","url":"/api/orders"},"res":{"statusCode":200},"responseTime":25,"msg":"request completed"}
{"level":30,"time":1791059509682,"pid":1,"hostname":"web-8","reqId":"p-4291","req":{"method":"GET","url":"/api/products"},"res":{"statusCode":200},"responseTime":40,"msg":"request completed"}
{"level":30,"time":1791059510973,"pid":1,"hostname":"web-8","reqId":"p-3f80","req":{"method":"GET","url":"/api/orders"},"res":{"statusCode":200},"responseTime":54,"msg":"request completed"}
{"level":30,"time":1791059511391,"pid":1,"hostname":"web-8","reqId":"p-003f","req":{"method":"GET","url":"/api/cart"},"res":{"statusCode":200},"responseTime":81,"msg":"request completed"}
{"level":50,"time":1791059511999,"pid":1,"hostname":"web-8","reqId":"p-1764","err":{"type":"Error","message":"connect ETIMEDOUT 10.0.3.5:8080","stack":"Error: connect ETIMEDOUT 10.0.3.5:8080\n    at TCPConnectWrap.afterConnect [as oncomplete] (node:net:1555:16)"},"msg":"upstream request failed"}
{"level":30,"time":1791059511999,"pid":1,"hostname":"web-8","reqId":"p-0231","req":{"method":"GET","url":"/api/orders"},"res":{"statusCode":200},"responseTime":12,"msg":"request completed"}
{"level":40,"time":1791059511999,"pid":1,"hostname":"web-8","upstream":"payments","elapsedMs":2981,"msg":"slow upstream"}
{"level":40,"time":1791059512294,"pid":1,"hostname":"web-8","upstream":"payments","elapsedMs":2470,"msg":"slow upstream"}
{"level":30,"time":1791059512498,"pid":1,"hostname":"web-8","reqId":"p-5a50","req":{"method":"POST","url":"/api/products"},"res":{"statusCode":200},"responseTime":67,"msg":"request completed"}
{"level":40,"time":1791059513109,"pid":1,"hostname":"web-8","upstream":"payments","elapsedMs":1950,"msg":"slow upstream"}
{"level":30,"time":1791059513732,"pid":1,"hostname":"web-8","reqId":"p-1306","req":{"method":"POST","url":"/api/orders"},"res":{"statusCode":200},"responseTime":75,"msg":"request completed"}
{"level":40,"time":1791059513901,"pid":1,"hostname":"web-8","upstream":"payments","elapsedMs":2288,"msg":"slow upstream"}
{"level":30,"time":1791059513999,"pid":1,"hostname":"web-8","reqId":"p-15e7","req":{"method":"GET","url":"/api/cart"},"res":{"statusCode":200},"responseTime":56,"msg":"request completed"}
{"level":30,"time":1791059514999,"pid":1,"hostname":"web-8","reqId":"p-4741","req":{"method":"GET","url":"/api/products"},"res":{"statusCode":200},"responseTime":68,"msg":"request completed"}
{"level":30,"time":1791059515473,"pid":1,"hostname":"web-8","reqId":"p-1e3f","req":{"method":"GET","url":"/api/cart"},"res":{"statusCode":200},"responseTime":51,"msg":"request completed"}
{"level":40,"time":1791059515838,"pid":1,"hostname":"web-8","upstream":"payments","elapsedMs":2265,"msg":"slow upstream"}
{"level":50,"time":1791059515999,"pid":1,"hostname":"web-8","reqId":"p-04be","err":{"type":"Error","message":"connect ETIMEDOUT 10.0.3.5:8080","stack":"Error: connect ETIMEDOUT 10.0.3.5:8080\n    at TCPConnectWrap.afterConnect [as oncomplete] (node:net:1555:16)"},"msg":"upstream request failed"}
{"level":50,"time":1791059518298,"pid":1,"hostname":"web-8","reqId":"p-2a4a","err":{"type":"Error","message":"connect ETIMEDOUT 10.0.3.5:8080","stack":"Error: connect ETIMEDOUT 10.0.3.5:8080\n    at TCPConnectWrap.afterConnect [as oncomplete] (node:net:1555:16)"},"msg":"upstream request failed"}
{"level":30,"time":1791059518999,"pid":1,"hostname":"web-8","reqId":"p-22fa","req":{"method":"POST","url":"/api/products"},"res":{"statusCode":200},"responseTime":55,"msg":"request completed"}
{"level":30,"time":1791059519027,"pid":1,"hostname":"web-8","reqId":"p-1843","req":{"method":"GET","url":"/api/cart"},"res":{"statusCode":200},"responseTime":12,"msg":"request completed"}
{"level":30,"time":1791059519250,"pid":1,"hostname":"web-8","reqId":"p-780e","req":{"method":"GET","url":"/api/cart"},"res":{"statusCode":200},"responseTime":45,"msg":"request completed"}
{"level":30,"time":1791059519776,"pid":1,"hostname":"web-8","reqId":"p-399a","req":{"method":"GET","url":"/api/products"},"res":{"statusCode":200},"responseTime":35,"msg":"request completed"}
{"level":40,"time":1791059519972,"pid":1,"hostname":"web-8","upstream":"payments","elapsedMs":3183,"msg":"slow upstream"}
{"level":30,"time":1791059520266,"pid":1,"hostname":"web-8","reqId":"p-377a","req":{"method":"GET","url":"/api/orders"},"res":{"statusCode":200},"responseTime":90,"msg":"request completed"}
{"level":30,"time":1791059520999,"pid":1,"hostname":"web-8","reqId":"p-35c2","req":{"method":"GET","url":"/api/products"},"res":{"statusCode":200},"responseTime":69,"msg":"request completed"}
{"level":30,"time":1791059521119,"pid":1,"hostname":"web-8","reqId":"p-4024","req":{"method":"GET","url":"/api/products"},"res":{"statusCode":200},"responseTime":84,"msg":"request completed"}
{"level":30,"time":1791059521838,"pid":1,"hostname":"web-8","reqId":"p-7124","req":{"method":"POST","url":"/api/orders"},"res":{"statusCode":200},"responseTime":59,"msg":"request completed"}
{"level":30,"time":1791059522436,"pid":1,"hostname":"web-8","reqId":"p-7066","req":{"method":"GET","url":"/api/products"},"res":{"statusCode":200},"responseTime":17,"msg":"request completed"}
{"level":30,"time":1791059522683,"pid":1,"hostname":"web-8","reqId":"p-63b2","req":{"method":"POST","url":"/api/orders"},"res":{"statusCode":200},"responseTime":94,"msg":"request completed"}
{"level":30,"time":1791059523446,"pid":1,"hostname":"web-8","reqId":"p-034d","req":{"method":"GET","url":"/api/cart"},"res":{"statusCode":200},"responseTime":81,"msg":"request completed"}
{"level":30,"time":1791059523658,"pid":1,"hostname":"web-8","reqId":"p-1338","req":{"method":"GET","url":"/api/orders"},"res":{"statusCode":200},"responseTime":6,"msg":"request completed"}
{"level":30,"time":1791059523762,"pid":1,"hostname":"web-8","reqId":"p-2963","req":{"method":"GET","url":"/api/cart"},"res":{"statusCode":200},"responseTime":7,"msg":"request completed"}
{"level":30,"time":1791059524363,"pid":1,"hostname":"web-8","reqId":"p-7cde","req":{"method":"GET","url":"/api/products"},"res":{"statusCode":200},"responseTime":8,"msg":"request completed"}
{"level":30,"time":1791059524468,"pid":1,"hostname":"web-8","reqId":"p-552a","req":{"method":"GET","url":"/api/cart"},"res":{"statusCode":200},"responseTime":44,"msg":"request completed"}
{"level":30,"time":1791059524999,"pid":1,"hostname":"web-8","reqId":"p-60c4","req":{"method":"GET","url":"/api/products"},"res":{"statusCode":200},"responseTime":47,"msg":"request completed"}
{"level":50,"time":1791059525965,"pid":1,"hostname":"web-8","reqId":"p-2633","err":{"type":"Error","message":"connect ETIMEDOUT 10.0.3.5:8080","stack":"Error: connect ETIMEDOUT 10.0.3.5:8080\n    at TCPConnectWrap.afterConnect [as oncomplete] (node:net:1555:16)"},"msg":"upstream request failed"}
{"level":40,"time":1791059525999,"pid":1,"hostname":"web-8","upstream":"payments","elapsedMs":3124,"msg":"slow upstream"}
{"level":30,"time":1791059525999,"pid":1,"hostname":"web-8","reqId":"p-407c","req":{"method":"GET","url":"/api/products"},"res":{"statusCode":200},"responseTime":91,"msg":"request completed"}
{"level":30,"time":1791059526307,"pid":1,"hostname":"web-8","reqId":"p-1d54","req":{"method":"GET","url":"/api/products"},"res":{"statusCode":200},"responseTime":66,"msg":"request completed"}
{"level":40,"time":1791059526682,"pid":1,"hostname":"web-8","upstream":"payments","elapsedMs":2426,"msg":"slow upstream"}
{"level":40,"time":1791059527999,"pid":1,"hostname":"web-8","upstream":"payments","elapsedMs":2807,"msg":"slow upstream"}
{"level":50,"time":1791059528703,"pid":1,"hostname":"web-8","reqId":"p-431a","err":{"type":"Error","message":"connect ETIMEDOUT 10.0.3.5:8080","stack":"Error: connect ETIMEDOUT 10.0.3.5:8080\n    at TCPConnectWrap.afterConnect [as oncomplete] (node:net:1555:16)"},"msg":"upstream request failed"}
{"level":30,"time":1791059528913,"pid":1,"hostname":"web-8","reqId":"p-7e50","req":{"method":"GET","url":"/api/products"},"res":{"statusCode":200},"responseTime":85,"msg":"request completed"}
{"level":40,"time":1791059528999,"pid":1,"hostname":"web-8","upstream":"payments","elapsedMs":3530,"msg":"slow upstream"}
{"level":40,"time":1791059529999,"pid":1,"hostname":"web-8","upstream":"payments","elapsedMs":3522,"msg":"slow upstream"}
{"level":30,"time":1791059530498,"pid":1,"hostname":"web-8","reqId":"p-60ed","req":{"method":"POST","url":"/api/products"},"res":{"statusCode":200},"responseTime":47,"msg":"request completed"}
{"level":50,"time":1791059530506,"pid":1,"hostname":"web-8","reqId":"p-0712","err":{"type":"Error","message":"connect ETIMEDOUT 10.0.3.5:8080","stack":"Error: connect ETIMEDOUT 10.0.3.5:8080\n    at TCPConnectWrap.afterConnect [as oncomplete] (node:net:1555:16)"},"msg":"upstream request failed"}
{"level":50,"time":1791059530999,"pid":1,"hostname":"web-8","reqId":"p-6b1e","err":{"type":"Error","message":"connect ETIMEDOUT 10.0.3.5:8080","stack":"Error: connect ETIMEDOUT 10.0.3.5:8080\n    at TCPConnectWrap.afterConnect [as oncomplete] (node:net:1555:16)"},"msg":"upstream request failed"}
{"level":50,"time":1791059530999,"pid":1,"hostname":"web-8","reqId":"p-35a8","err":{"type":"Error","message":"connect ETIMEDOUT 10.0.3.5:8080","stack":"Error: connect ETIMEDOUT 10.0.3.5:8080\n    at TCPConnectWrap.afterConnect [as oncomplete] (node:net:1555:16)"},"msg":"upstream request failed"}
{"level":30,"time":1791059530999,"pid":1,"hostname":"web-8","reqId":"p-1399","req":{"method":"POST","url":"/api/orders"},"res":{"statusCode":200},"responseTime":56,"msg":"request completed"}
{"level":30,"time":1791059531396,"pid":1,"hostname":"web-8","reqId":"p-4a25","req":{"method":"GET","url":"/api/cart"},"res":{"statusCode":200},"responseTime":40,"msg":"request completed"}
{"level":40,"time":1791059532926,"pid":1,"hostname":"web-8","upstream":"payments","elapsedMs":3231,"msg":"slow upstream"}
{"level":40,"time":1791059533891,"pid":1,"hostname":"web-8","upstream":"payments","elapsedMs":2769,"msg":"slow upstream"}
{"level":30,"time":1791059534693,"pid":1,"hostname":"web-8","reqId":"p-5bed","req":{"method":"GET","url":"/api/orders"},"res":{"statusCode":200},"responseTime":45,"msg":"request completed"}
