2026-10-03 08:14:02.113 UTC [27] LOG:  checkpoint starting: time
2026-10-03 08:14:08.940 UTC [27] LOG:  checkpoint complete: wrote 142 buffers (0.9%); 0 WAL file(s) added, 0 removed, 0 recycled; write=6.8 s, sync=0.011 s, total=6.9 s; sync files=38, longest=0.004 s, average=0.001 s; distance=1043 kB, estimate=1043 kB
2026-10-03 08:14:51.310 UTC [4988] LOG:  duration: 312.457 ms  statement: SELECT count(*) FROM orders WHERE created_at > now() - interval '1 day'
2026-10-03 08:15:30.002 UTC [5120] LOG:  duration: 1204.331 ms  execute <unnamed>: SELECT o.id, o.total, c.name
	FROM orders o
	JOIN customers c ON c.id = o.customer_id
	WHERE o.status = $1
	ORDER BY o.created_at DESC
	LIMIT 500
2026-10-03 08:15:30.002 UTC [5120] DETAIL:  parameters: $1 = 'PENDING'
2026-10-03 08:16:12.201 UTC [5188] LOG:  duration: 2511.002 ms  execute <unnamed>: SELECT c.id, c.name, count(o.id) AS orders
	FROM customers c
	JOIN orders o ON o.customer_id = c.id
	WHERE o.created_at > $1
	GROUP BY c.id, c.name
2026-10-03 08:16:12.201 UTC [5188] DETAIL:  parameters: $1 = '2026-09-01 00:00:00'
2026-10-03 08:16:40.118 UTC [5290] ERROR:  duplicate key value violates unique constraint "orders_pkey"
2026-10-03 08:16:40.118 UTC [5290] DETAIL:  Key (id)=(10512) already exists.
2026-10-03 08:16:40.118 UTC [5290] STATEMENT:  INSERT INTO orders (id, customer_id, total) VALUES ($1, $2, $3)
2026-10-03 08:16:44.870 UTC [5296] LOG:  connection received: host=10.0.3.5 port=51210
2026-10-03 08:16:46.211 UTC [5299] LOG:  connection received: host=10.0.3.5 port=51214
2026-10-03 08:16:47.331 UTC [5301] FATAL:  remaining connection slots are reserved for non-replication superuser connections
2026-10-03 08:16:47.402 UTC [5302] FATAL:  remaining connection slots are reserved for non-replication superuser connections
2026-10-03 08:16:48.019 UTC [5303] FATAL:  remaining connection slots are reserved for non-replication superuser connections
2026-10-03 08:16:49.554 UTC [5304] FATAL:  remaining connection slots are reserved for non-replication superuser connections
2026-10-03 08:16:50.601 UTC [5305] FATAL:  remaining connection slots are reserved for non-replication superuser connections
2026-10-03 08:16:53.118 UTC [5311] FATAL:  remaining connection slots are reserved for non-replication superuser connections
2026-10-03 08:17:00.440 UTC [5188] LOG:  duration: 48307.911 ms  execute <unnamed>: SELECT c.id, c.name, count(o.id) AS orders
	FROM customers c
	JOIN orders o ON o.customer_id = c.id
	WHERE o.created_at > $1
	GROUP BY c.id, c.name
2026-10-03 08:17:00.440 UTC [5188] DETAIL:  parameters: $1 = '2026-09-01 00:00:00'
2026-10-03 08:17:05.221 UTC [5188] LOG:  could not receive data from client: Connection reset by peer
2026-10-03 08:17:05.221 UTC [5188] LOG:  unexpected EOF on client connection with an open transaction
2026-10-03 08:17:05.230 UTC [5190] LOG:  could not receive data from client: Connection reset by peer
2026-10-03 08:17:05.231 UTC [5191] LOG:  could not receive data from client: Connection reset by peer
2026-10-03 08:17:15.552 UTC [5340] LOG:  connection received: host=10.0.3.5 port=51390
2026-10-03 08:17:15.558 UTC [5340] LOG:  connection authorized: user=shop database=shop
2026-10-03 08:17:21.402 UTC [27] LOG:  checkpoint starting: time
2026-10-03 08:17:27.911 UTC [27] LOG:  checkpoint complete: wrote 96 buffers (0.6%); 0 WAL file(s) added, 0 removed, 0 recycled; write=6.4 s, sync=0.008 s, total=6.5 s
2026-10-03 19:56:20.077 UTC [5295] LOG:  duration: 301.167 ms  statement: SELECT count(*) FROM orders WHERE created_at > now() - interval '1 day'
2026-10-03 19:56:25.178 UTC [5254] LOG:  duration: 1446.814 ms  execute <unnamed>: SELECT o.id, o.total, c.name
	FROM orders o
	JOIN customers c ON c.id = o.customer_id
	WHERE o.status = $1
	ORDER BY o.created_at DESC
2026-10-03 19:56:25.178 UTC [5254] DETAIL:  parameters: $1 = 'PENDING'
2026-10-03 19:56:26.092 UTC [5294] LOG:  duration: 753.637 ms  statement: SELECT count(*) FROM orders WHERE created_at > now() - interval '1 day'
2026-10-03 19:56:27.314 UTC [5116] LOG:  connection received: host=10.0.3.5 port=58889
2026-10-03 19:56:27.314 UTC [5116] LOG:  connection authorized: user=shop database=shop
2026-10-03 19:56:36.166 UTC [5099] LOG:  duration: 61.591 ms  statement: SELECT count(*) FROM orders WHERE created_at > now() - interval '1 day'
2026-10-03 19:56:48.030 UTC [4927] LOG:  duration: 769.272 ms  statement: SELECT count(*) FROM orders WHERE created_at > now() - interval '1 day'
2026-10-03 19:57:22.531 UTC [5234] FATAL:  remaining connection slots are reserved for non-replication superuser connections
2026-10-03 19:57:25.135 UTC [5052] LOG:  duration: 788.431 ms  statement: SELECT count(*) FROM orders WHERE created_at > now() - interval '1 day'
2026-10-03 19:57:25.274 UTC [5206] LOG:  connection received: host=10.0.3.5 port=57286
2026-10-03 19:57:25.274 UTC [5206] LOG:  connection authorized: user=shop database=shop
2026-10-03 19:57:25.468 UTC [4977] LOG:  connection received: host=10.0.3.5 port=56343
2026-10-03 19:57:25.468 UTC [4977] LOG:  connection authorized: user=shop database=shop
2026-10-03 19:57:26.109 UTC [5246] LOG:  duration: 559.898 ms  statement: SELECT count(*) FROM orders WHERE created_at > now() - interval '1 day'
2026-10-03 19:57:26.301 UTC [4923] LOG:  connection received: host=10.0.3.5 port=53537
2026-10-03 19:57:26.301 UTC [4923] LOG:  connection authorized: user=shop database=shop
2026-10-03 19:57:26.403 UTC [4935] LOG:  connection received: host=10.0.3.5 port=51794
2026-10-03 19:57:26.403 UTC [4935] LOG:  connection authorized: user=shop database=shop
2026-10-03 19:57:29.130 UTC [5252] LOG:  duration: 287.262 ms  statement: SELECT count(*) FROM orders WHERE created_at > now() - interval '1 day'
2026-10-03 19:57:30.031 UTC [4928] LOG:  connection received: host=10.0.3.5 port=56133
2026-10-03 19:57:30.031 UTC [4928] LOG:  connection authorized: user=shop database=shop
2026-10-03 19:57:31.432 UTC [5259] LOG:  connection received: host=10.0.3.5 port=54944
2026-10-03 19:57:31.432 UTC [5259] LOG:  connection authorized: user=shop database=shop
2026-10-03 19:57:31.449 UTC [4958] LOG:  duration: 512.608 ms  statement: SELECT count(*) FROM orders WHERE created_at > now() - interval '1 day'
2026-10-03 19:57:32.313 UTC [5239] LOG:  duration: 359.702 ms  statement: SELECT count(*) FROM orders WHERE created_at > now() - interval '1 day'
2026-10-03 19:57:33.142 UTC [4980] LOG:  duration: 657.606 ms  statement: SELECT count(*) FROM orders WHERE created_at > now() - interval '1 day'
2026-10-03 19:57:35.246 UTC [5369] LOG:  connection received: host=10.0.3.5 port=51769
2026-10-03 19:57:35.246 UTC [5369] LOG:  connection authorized: user=shop database=shop
2026-10-03 19:57:36.052 UTC [4955] ERROR:  duplicate key value violates unique constraint "orders_pkey"
2026-10-03 19:57:36.052 UTC [4955] DETAIL:  Key (id)=(10744) already exists.
2026-10-03 19:57:36.052 UTC [4955] STATEMENT:  INSERT INTO orders (id, customer_id, total) VALUES ($1, $2, $3)
2026-10-03 19:57:37.331 UTC [4989] LOG:  duration: 730.207 ms  statement: SELECT count(*) FROM orders WHERE created_at > now() - interval '1 day'
2026-10-03 19:57:40.355 UTC [5347] LOG:  duration: 2789.822 ms  execute <unnamed>: SELECT o.id, o.total, c.name
	FROM orders o
	JOIN customers c ON c.id = o.customer_id
	WHERE o.status = $1
	ORDER BY o.created_at DESC
2026-10-03 19:57:40.355 UTC [5347] DETAIL:  parameters: $1 = 'PENDING'
2026-10-03 19:57:46.072 UTC [5155] LOG:  duration: 133.59 ms  statement: SELECT count(*) FROM orders WHERE created_at > now() - interval '1 day'
2026-10-03 19:57:46.161 UTC [5069] LOG:  duration: 899.779 ms  statement: SELECT count(*) FROM orders WHERE created_at > now() - interval '1 day'
2026-10-03 19:57:50.126 UTC [5059] LOG:  duration: 2346.695 ms  execute <unnamed>: SELECT o.id, o.total, c.name
	FROM orders o
	JOIN customers c ON c.id = o.customer_id
	WHERE o.status = $1
	ORDER BY o.created_at DESC
2026-10-03 19:57:50.126 UTC [5059] DETAIL:  parameters: $1 = 'PENDING'
2026-10-03 19:57:52.216 UTC [5038] ERROR:  duplicate key value violates unique constraint "orders_pkey"
2026-10-03 19:57:52.216 UTC [5038] DETAIL:  Key (id)=(10878) already exists.
2026-10-03 19:57:52.216 UTC [5038] STATEMENT:  INSERT INTO orders (id, customer_id, total) VALUES ($1, $2, $3)
2026-10-03 19:57:54.383 UTC [27] LOG:  checkpoint starting: time
2026-10-03 19:57:54.383 UTC [27] LOG:  checkpoint complete: wrote 77 buffers (0.5%); 0 WAL file(s) added, 0 removed, 0 recycled; write=6.4 s, sync=0.004 s, total=6.5 s
2026-10-03 19:57:56.228 UTC [4952] LOG:  duration: 514.127 ms  statement: SELECT count(*) FROM orders WHERE created_at > now() - interval '1 day'
2026-10-03 19:58:01.419 UTC [5160] LOG:  duration: 128.708 ms  statement: SELECT count(*) FROM orders WHERE created_at > now() - interval '1 day'
2026-10-03 19:58:02.127 UTC [5164] LOG:  duration: 176.136 ms  statement: SELECT count(*) FROM orders WHERE created_at > now() - interval '1 day'
2026-10-03 19:58:02.167 UTC [5105] LOG:  duration: 1860.109 ms  execute <unnamed>: SELECT o.id, o.total, c.name
	FROM orders o
	JOIN customers c ON c.id = o.customer_id
	WHERE o.status = $1
	ORDER BY o.created_at DESC
2026-10-03 19:58:02.167 UTC [5105] DETAIL:  parameters: $1 = 'PENDING'
2026-10-03 19:58:05.316 UTC [5175] ERROR:  duplicate key value violates unique constraint "orders_pkey"
2026-10-03 19:58:05.316 UTC [5175] DETAIL:  Key (id)=(10097) already exists.
2026-10-03 19:58:05.316 UTC [5175] STATEMENT:  INSERT INTO orders (id, customer_id, total) VALUES ($1, $2, $3)
2026-10-03 19:58:06.437 UTC [5220] LOG:  duration: 1093.832 ms  execute <unnamed>: SELECT o.id, o.total, c.name
	FROM orders o
	JOIN customers c ON c.id = o.customer_id
	WHERE o.status = $1
	ORDER BY o.created_at DESC
2026-10-03 19:58:06.437 UTC [5220] DETAIL:  parameters: $1 = 'PENDING'
2026-10-03 19:58:07.251 UTC [5101] LOG:  connection received: host=10.0.3.5 port=53318
2026-10-03 19:58:07.251 UTC [5101] LOG:  connection authorized: user=shop database=shop
2026-10-03 19:58:08.085 UTC [5168] LOG:  duration: 46.809 ms  statement: SELECT count(*) FROM orders WHERE created_at > now() - interval '1 day'
2026-10-03 19:58:08.111 UTC [5197] LOG:  duration: 377.200 ms  statement: SELECT count(*) FROM orders WHERE created_at > now() - interval '1 day'
2026-10-03 19:58:10.199 UTC [5393] ERROR:  duplicate key value violates unique constraint "orders_pkey"
2026-10-03 19:58:10.199 UTC [5393] DETAIL:  Key (id)=(10438) already exists.
2026-10-03 19:58:10.199 UTC [5393] STATEMENT:  INSERT INTO orders (id, customer_id, total) VALUES ($1, $2, $3)
2026-10-03 19:58:12.356 UTC [5316] LOG:  duration: 604.138 ms  statement: SELECT count(*) FROM orders WHERE created_at > now() - interval '1 day'
2026-10-03 19:58:15.238 UTC [5077] ERROR:  duplicate key value violates unique constraint "orders_pkey"
2026-10-03 19:58:15.238 UTC [5077] DETAIL:  Key (id)=(10274) already exists.
2026-10-03 19:58:15.238 UTC [5077] STATEMENT:  INSERT INTO orders (id, customer_id, total) VALUES ($1, $2, $3)
2026-10-03 19:58:15.403 UTC [5164] LOG:  duration: 6.867 ms  statement: SELECT count(*) FROM orders WHERE created_at > now() - interval '1 day'
2026-10-03 19:58:16.079 UTC [4982] LOG:  duration: 230.64 ms  statement: SELECT count(*) FROM orders WHERE created_at > now() - interval '1 day'
2026-10-03 19:58:16.358 UTC [4975] LOG:  connection received: host=10.0.3.5 port=51554
2026-10-03 19:58:16.358 UTC [4975] LOG:  connection authorized: user=shop database=shop
2026-10-03 19:58:17.267 UTC [5276] LOG:  duration: 745.101 ms  statement: SELECT count(*) FROM orders WHERE created_at > now() - interval '1 day'
2026-10-03 19:58:19.432 UTC [5239] LOG:  connection received: host=10.0.3.5 port=53050
2026-10-03 19:58:19.432 UTC [5239] LOG:  connection authorized: user=shop database=shop
2026-10-03 19:58:19.563 UTC [4918] LOG:  duration: 898.556 ms  statement: SELECT count(*) FROM orders WHERE created_at > now() - interval '1 day'
2026-10-03 19:58:39.131 UTC [5272] LOG:  duration: 70.492 ms  statement: SELECT count(*) FROM orders WHERE created_at > now() - interval '1 day'
2026-10-03 19:58:39.186 UTC [5201] LOG:  duration: 2856.51 ms  execute <unnamed>: SELECT o.id, o.total, c.name
	FROM orders o
	JOIN customers c ON c.id = o.customer_id
	WHERE o.status = $1
	ORDER BY o.created_at DESC
2026-10-03 19:58:39.186 UTC [5201] DETAIL:  parameters: $1 = 'PENDING'
2026-10-03 19:58:39.263 UTC [5104] LOG:  connection received: host=10.0.3.5 port=57735
2026-10-03 19:58:39.263 UTC [5104] LOG:  connection authorized: user=shop database=shop
2026-10-03 19:58:40.712 UTC [4914] ERROR:  duplicate key value violates unique constraint "orders_pkey"
2026-10-03 19:58:40.712 UTC [4914] DETAIL:  Key (id)=(10253) already exists.
2026-10-03 19:58:40.712 UTC [4914] STATEMENT:  INSERT INTO orders (id, customer_id, total) VALUES ($1, $2, $3)
2026-10-03 19:58:40.912 UTC [4943] LOG:  duration: 90.883 ms  statement: SELECT count(*) FROM orders WHERE created_at > now() - interval '1 day'
2026-10-03 19:58:40.945 UTC [4931] LOG:  duration: 857.643 ms  statement: SELECT count(*) FROM orders WHERE created_at > now() - interval '1 day'
2026-10-03 19:58:40.999 UTC [5008] LOG:  duration: 119.766 ms  statement: SELECT count(*) FROM orders WHERE created_at > now() - interval '1 day'
2026-10-03 19:58:40.999 UTC [5166] LOG:  duration: 568.511 ms  statement: SELECT count(*) FROM orders WHERE created_at > now() - interval '1 day'
2026-10-03 19:58:41.999 UTC [5374] LOG:  duration: 586.871 ms  statement: SELECT count(*) FROM orders WHERE created_at > now() - interval '1 day'
2026-10-03 19:58:41.999 UTC [4938] ERROR:  duplicate key value violates unique constraint "orders_pkey"
2026-10-03 19:58:41.999 UTC [4938] DETAIL:  Key (id)=(10386) already exists.
2026-10-03 19:58:41.999 UTC [4938] STATEMENT:  INSERT INTO orders (id, customer_id, total) VALUES ($1, $2, $3)
2026-10-03 19:58:41.999 UTC [4953] LOG:  duration: 378.864 ms  statement: SELECT count(*) FROM orders WHERE created_at > now() - interval '1 day'
2026-10-03 19:58:42.515 UTC [5347] LOG:  connection received: host=10.0.3.5 port=50347
2026-10-03 19:58:42.515 UTC [5347] LOG:  connection authorized: user=shop database=shop
2026-10-03 19:58:42.999 UTC [5002] LOG:  duration: 3304.302 ms  execute <unnamed>: SELECT o.id, o.total, c.name
	FROM orders o
	JOIN customers c ON c.id = o.customer_id
	WHERE o.status = $1
	ORDER BY o.created_at DESC
2026-10-03 19:58:42.999 UTC [5002] DETAIL:  parameters: $1 = 'PENDING'
2026-10-03 19:58:43.014 UTC [4916] LOG:  duration: 45.114 ms  statement: SELECT count(*) FROM orders WHERE created_at > now() - interval '1 day'
2026-10-03 19:58:43.272 UTC [5398] FATAL:  remaining connection slots are reserved for non-replication superuser connections
2026-10-03 19:58:43.490 UTC [5069] LOG:  duration: 2428.497 ms  execute <unnamed>: SELECT o.id, o.total, c.name
	FROM orders o
	JOIN customers c ON c.id = o.customer_id
	WHERE o.status = $1
	ORDER BY o.created_at DESC
2026-10-03 19:58:43.490 UTC [5069] DETAIL:  parameters: $1 = 'PENDING'
2026-10-03 19:58:43.580 UTC [5376] LOG:  duration: 584.813 ms  statement: SELECT count(*) FROM orders WHERE created_at > now() - interval '1 day'
2026-10-03 19:58:43.980 UTC [5173] LOG:  duration: 600.157 ms  statement: SELECT count(*) FROM orders WHERE created_at > now() - interval '1 day'
2026-10-03 19:58:44.502 UTC [5267] LOG:  duration: 550.270 ms  statement: SELECT count(*) FROM orders WHERE created_at > now() - interval '1 day'
2026-10-03 19:58:44.932 UTC [5072] LOG:  duration: 208.769 ms  statement: SELECT count(*) FROM orders WHERE created_at > now() - interval '1 day'
2026-10-03 19:58:44.999 UTC [5106] LOG:  duration: 449.420 ms  statement: SELECT count(*) FROM orders WHERE created_at > now() - interval '1 day'
2026-10-03 19:58:46.509 UTC [5037] FATAL:  remaining connection slots are reserved for non-replication superuser connections
2026-10-03 19:58:46.853 UTC [4914] LOG:  duration: 1577.308 ms  execute <unnamed>: SELECT o.id, o.total, c.name
	FROM orders o
	JOIN customers c ON c.id = o.customer_id
	WHERE o.status = $1
	ORDER BY o.created_at DESC
2026-10-03 19:58:46.853 UTC [4914] DETAIL:  parameters: $1 = 'PENDING'
2026-10-03 19:58:46.999 UTC [5397] LOG:  duration: 312.190 ms  statement: SELECT count(*) FROM orders WHERE created_at > now() - interval '1 day'
2026-10-03 19:58:47.130 UTC [5222] LOG:  duration: 809.329 ms  statement: SELECT count(*) FROM orders WHERE created_at > now() - interval '1 day'
2026-10-03 19:58:48.153 UTC [4916] LOG:  duration: 718.397 ms  statement: SELECT count(*) FROM orders WHERE created_at > now() - interval '1 day'
2026-10-03 19:58:48.359 UTC [4964] LOG:  duration: 1642.318 ms  execute <unnamed>: SELECT o.id, o.total, c.name
	FROM orders o
	JOIN customers c ON c.id = o.customer_id
	WHERE o.status = $1
	ORDER BY o.created_at DESC
2026-10-03 19:58:48.359 UTC [4964] DETAIL:  parameters: $1 = 'PENDING'
2026-10-03 19:58:48.678 UTC [5247] LOG:  duration: 757.100 ms  statement: SELECT count(*) FROM orders WHERE created_at > now() - interval '1 day'
2026-10-03 19:58:48.842 UTC [5073] LOG:  duration: 889.569 ms  statement: SELECT count(*) FROM orders WHERE created_at > now() - interval '1 day'
2026-10-03 19:58:49.999 UTC [5098] LOG:  connection received: host=10.0.3.5 port=55392
2026-10-03 19:58:49.999 UTC [5098] LOG:  connection authorized: user=shop database=shop
2026-10-03 19:58:50.297 UTC [5259] LOG:  connection received: host=10.0.3.5 port=51832
2026-10-03 19:58:50.297 UTC [5259] LOG:  connection authorized: user=shop database=shop
2026-10-03 19:58:50.611 UTC [4991] LOG:  duration: 309.187 ms  statement: SELECT count(*) FROM orders WHERE created_at > now() - interval '1 day'
2026-10-03 19:58:51.296 UTC [5132] LOG:  duration: 684.863 ms  statement: SELECT count(*) FROM orders WHERE created_at > now() - interval '1 day'
2026-10-03 19:58:52.289 UTC [4907] LOG:  duration: 400.311 ms  statement: SELECT count(*) FROM orders WHERE created_at > now() - interval '1 day'
2026-10-03 19:58:52.999 UTC [5291] FATAL:  remaining connection slots are reserved for non-replication superuser connections
2026-10-03 19:58:53.136 UTC [4985] LOG:  duration: 589.56 ms  statement: SELECT count(*) FROM orders WHERE created_at > now() - interval '1 day'
2026-10-03 19:58:53.285 UTC [5385] LOG:  duration: 538.457 ms  statement: SELECT count(*) FROM orders WHERE created_at > now() - interval '1 day'
2026-10-03 19:58:53.854 UTC [5210] LOG:  connection received: host=10.0.3.5 port=52900
2026-10-03 19:58:53.854 UTC [5210] LOG:  connection authorized: user=shop database=shop
2026-10-03 19:58:53.946 UTC [5081] ERROR:  duplicate key value violates unique constraint "orders_pkey"
2026-10-03 19:58:53.946 UTC [5081] DETAIL:  Key (id)=(10862) already exists.
2026-10-03 19:58:53.946 UTC [5081] STATEMENT:  INSERT INTO orders (id, customer_id, total) VALUES ($1, $2, $3)
2026-10-03 19:58:54.999 UTC [5266] ERROR:  duplicate key value violates unique constraint "orders_pkey"
2026-10-03 19:58:54.999 UTC [5266] DETAIL:  Key (id)=(10869) already exists.
2026-10-03 19:58:54.999 UTC [5266] STATEMENT:  INSERT INTO orders (id, customer_id, total) VALUES ($1, $2, $3)
2026-10-03 19:58:56.108 UTC [4900] LOG:  duration: 694.578 ms  statement: SELECT count(*) FROM orders WHERE created_at > now() - interval '1 day'
2026-10-03 19:58:56.204 UTC [27] LOG:  checkpoint starting: time
2026-10-03 19:58:56.204 UTC [27] LOG:  checkpoint complete: wrote 95 buffers (0.2%); 0 WAL file(s) added, 0 removed, 0 recycled; write=6.1 s, sync=0.003 s, total=6.1 s
2026-10-03 19:58:56.812 UTC [5154] LOG:  duration: 42.740 ms  statement: SELECT count(*) FROM orders WHERE created_at > now() - interval '1 day'
2026-10-03 19:58:57.392 UTC [27] LOG:  checkpoint starting: time
2026-10-03 19:58:57.392 UTC [27] LOG:  checkpoint complete: wrote 155 buffers (0.6%); 0 WAL file(s) added, 0 removed, 0 recycled; write=6.4 s, sync=0.002 s, total=6.6 s
2026-10-03 19:58:57.748 UTC [5055] LOG:  connection received: host=10.0.3.5 port=55382
2026-10-03 19:58:57.748 UTC [5055] LOG:  connection authorized: user=shop database=shop
2026-10-03 19:58:57.850 UTC [5021] LOG:  connection received: host=10.0.3.5 port=50652
2026-10-03 19:58:57.850 UTC [5021] LOG:  connection authorized: user=shop database=shop
2026-10-03 19:58:57.999 UTC [4913] LOG:  duration: 53.554 ms  statement: SELECT count(*) FROM orders WHERE created_at > now() - interval '1 day'
2026-10-03 19:58:57.999 UTC [5390] LOG:  duration: 185.818 ms  statement: SELECT count(*) FROM orders WHERE created_at > now() - interval '1 day'
2026-10-03 19:58:58.388 UTC [5326] LOG:  connection received: host=10.0.3.5 port=56510
2026-10-03 19:58:58.388 UTC [5326] LOG:  connection authorized: user=shop database=shop
2026-10-03 19:58:58.999 UTC [5383] LOG:  duration: 864.759 ms  statement: SELECT count(*) FROM orders WHERE created_at > now() - interval '1 day'
2026-10-03 19:58:59.123 UTC [5233] LOG:  duration: 152.274 ms  statement: SELECT count(*) FROM orders WHERE created_at > now() - interval '1 day'
2026-10-03 19:58:59.424 UTC [4975] LOG:  connection received: host=10.0.3.5 port=57204
2026-10-03 19:58:59.424 UTC [4975] LOG:  connection authorized: user=shop database=shop
2026-10-03 19:58:59.467 UTC [5245] LOG:  connection received: host=10.0.3.5 port=52652
2026-10-03 19:58:59.467 UTC [5245] LOG:  connection authorized: user=shop database=shop
2026-10-03 19:58:59.602 UTC [5034] LOG:  duration: 551.376 ms  statement: SELECT count(*) FROM orders WHERE created_at > now() - interval '1 day'
2026-10-03 19:58:59.707 UTC [5336] LOG:  connection received: host=10.0.3.5 port=57285
2026-10-03 19:58:59.707 UTC [5336] LOG:  connection authorized: user=shop database=shop
2026-10-03 19:58:59.999 UTC [5354] LOG:  duration: 606.733 ms  statement: SELECT count(*) FROM orders WHERE created_at > now() - interval '1 day'
2026-10-03 19:59:00.252 UTC [5023] LOG:  duration: 223.139 ms  statement: SELECT count(*) FROM orders WHERE created_at > now() - interval '1 day'
2026-10-03 19:59:00.682 UTC [5127] LOG:  duration: 614.492 ms  statement: SELECT count(*) FROM orders WHERE created_at > now() - interval '1 day'
2026-10-03 19:59:00.994 UTC [5063] LOG:  connection received: host=10.0.3.5 port=52778
2026-10-03 19:59:00.994 UTC [5063] LOG:  connection authorized: user=shop database=shop
2026-10-03 19:59:00.999 UTC [5367] LOG:  duration: 411.830 ms  statement: SELECT count(*) FROM orders WHERE created_at > now() - interval '1 day'
2026-10-03 19:59:00.999 UTC [5385] ERROR:  duplicate key value violates unique constraint "orders_pkey"
2026-10-03 19:59:00.999 UTC [5385] DETAIL:  Key (id)=(10736) already exists.
2026-10-03 19:59:00.999 UTC [5385] STATEMENT:  INSERT INTO orders (id, customer_id, total) VALUES ($1, $2, $3)
2026-10-03 19:59:01.960 UTC [5162] LOG:  duration: 3219.169 ms  execute <unnamed>: SELECT o.id, o.total, c.name
	FROM orders o
	JOIN customers c ON c.id = o.customer_id
	WHERE o.status = $1
	ORDER BY o.created_at DESC
2026-10-03 19:59:01.960 UTC [5162] DETAIL:  parameters: $1 = 'PENDING'
2026-10-03 19:59:02.999 UTC [5265] LOG:  duration: 659.579 ms  statement: SELECT count(*) FROM orders WHERE created_at > now() - interval '1 day'
2026-10-03 19:59:02.999 UTC [5024] LOG:  duration: 2872.747 ms  execute <unnamed>: SELECT o.id, o.total, c.name
	FROM orders o
	JOIN customers c ON c.id = o.customer_id
	WHERE o.status = $1
	ORDER BY o.created_at DESC
2026-10-03 19:59:02.999 UTC [5024] DETAIL:  parameters: $1 = 'PENDING'
2026-10-03 19:59:04.999 UTC [5219] LOG:  duration: 3381.508 ms  execute <unnamed>: SELECT o.id, o.total, c.name
	FROM orders o
	JOIN customers c ON c.id = o.customer_id
	WHERE o.status = $1
	ORDER BY o.created_at DESC
2026-10-03 19:59:04.999 UTC [5219] DETAIL:  parameters: $1 = 'PENDING'
2026-10-03 19:59:04.999 UTC [5351] FATAL:  remaining connection slots are reserved for non-replication superuser connections
2026-10-03 19:59:05.346 UTC [5355] ERROR:  duplicate key value violates unique constraint "orders_pkey"
2026-10-03 19:59:05.346 UTC [5355] DETAIL:  Key (id)=(10304) already exists.
2026-10-03 19:59:05.346 UTC [5355] STATEMENT:  INSERT INTO orders (id, customer_id, total) VALUES ($1, $2, $3)
2026-10-03 19:59:05.673 UTC [5182] ERROR:  duplicate key value violates unique constraint "orders_pkey"
2026-10-03 19:59:05.673 UTC [5182] DETAIL:  Key (id)=(10854) already exists.
2026-10-03 19:59:05.673 UTC [5182] STATEMENT:  INSERT INTO orders (id, customer_id, total) VALUES ($1, $2, $3)
2026-10-03 19:59:05.785 UTC [5228] LOG:  connection received: host=10.0.3.5 port=56675
2026-10-03 19:59:05.785 UTC [5228] LOG:  connection authorized: user=shop database=shop
2026-10-03 19:59:05.999 UTC [5093] LOG:  duration: 891.429 ms  statement: SELECT count(*) FROM orders WHERE created_at > now() - interval '1 day'
2026-10-03 19:59:05.999 UTC [5324] LOG:  duration: 299.64 ms  statement: SELECT count(*) FROM orders WHERE created_at > now() - interval '1 day'
2026-10-03 19:59:06.187 UTC [5228] LOG:  duration: 658.787 ms  statement: SELECT count(*) FROM orders WHERE created_at > now() - interval '1 day'
2026-10-03 19:59:06.275 UTC [5060] ERROR:  duplicate key value violates unique constraint "orders_pkey"
2026-10-03 19:59:06.275 UTC [5060] DETAIL:  Key (id)=(10771) already exists.
2026-10-03 19:59:06.275 UTC [5060] STATEMENT:  INSERT INTO orders (id, customer_id, total) VALUES ($1, $2, $3)
2026-10-03 19:59:06.841 UTC [4967] LOG:  duration: 481.372 ms  statement: SELECT count(*) FROM orders WHERE created_at > now() - interval '1 day'
2026-10-03 19:59:06.856 UTC [5371] LOG:  connection received: host=10.0.3.5 port=54842
2026-10-03 19:59:06.856 UTC [5371] LOG:  connection authorized: user=shop database=shop
2026-10-03 19:59:06.862 UTC [5396] LOG:  duration: 87.462 ms  statement: SELECT count(*) FROM orders WHERE created_at > now() - interval '1 day'
2026-10-03 19:59:06.874 UTC [5212] LOG:  duration: 273.314 ms  statement: SELECT count(*) FROM orders WHERE created_at > now() - interval '1 day'
2026-10-03 19:59:07.213 UTC [4938] LOG:  duration: 107.371 ms  statement: SELECT count(*) FROM orders WHERE created_at > now() - interval '1 day'
2026-10-03 19:59:07.271 UTC [5237] LOG:  duration: 476.448 ms  statement: SELECT count(*) FROM orders WHERE created_at > now() - interval '1 day'
2026-10-03 19:59:07.417 UTC [5308] LOG:  connection received: host=10.0.3.5 port=53729
2026-10-03 19:59:07.417 UTC [5308] LOG:  connection authorized: user=shop database=shop
2026-10-03 19:59:07.454 UTC [4910] LOG:  connection received: host=10.0.3.5 port=51933
2026-10-03 19:59:07.454 UTC [4910] LOG:  connection authorized: user=shop database=shop
2026-10-03 19:59:07.935 UTC [5129] LOG:  duration: 138.134 ms  statement: SELECT count(*) FROM orders WHERE created_at > now() - interval '1 day'
2026-10-03 19:59:08.386 UTC [4955] LOG:  connection received: host=10.0.3.5 port=54590
2026-10-03 19:59:08.386 UTC [4955] LOG:  connection authorized: user=shop database=shop
2026-10-03 19:59:09.127 UTC [5259] ERROR:  duplicate key value violates unique constraint "orders_pkey"
2026-10-03 19:59:09.127 UTC [5259] DETAIL:  Key (id)=(10535) already exists.
2026-10-03 19:59:09.127 UTC [5259] STATEMENT:  INSERT INTO orders (id, customer_id, total) VALUES ($1, $2, $3)
2026-10-03 19:59:09.168 UTC [5224] LOG:  connection received: host=10.0.3.5 port=58748
2026-10-03 19:59:09.168 UTC [5224] LOG:  connection authorized: user=shop database=shop
2026-10-03 19:59:09.999 UTC [5212] LOG:  connection received: host=10.0.3.5 port=50078
2026-10-03 19:59:09.999 UTC [5212] LOG:  connection authorized: user=shop database=shop
2026-10-03 19:59:10.528 UTC [5381] LOG:  connection received: host=10.0.3.5 port=50384
2026-10-03 19:59:10.528 UTC [5381] LOG:  connection authorized: user=shop database=shop
2026-10-03 19:59:10.633 UTC [5189] LOG:  duration: 2096.176 ms  execute <unnamed>: SELECT o.id, o.total, c.name
	FROM orders o
	JOIN customers c ON c.id = o.customer_id
	WHERE o.status = $1
	ORDER BY o.created_at DESC
2026-10-03 19:59:10.633 UTC [5189] DETAIL:  parameters: $1 = 'PENDING'
2026-10-03 19:59:11.091 UTC [5100] LOG:  connection received: host=10.0.3.5 port=54382
2026-10-03 19:59:11.091 UTC [5100] LOG:  connection authorized: user=shop database=shop
2026-10-03 19:59:11.138 UTC [5379] LOG:  connection received: host=10.0.3.5 port=52267
2026-10-03 19:59:11.138 UTC [5379] LOG:  connection authorized: user=shop database=shop
2026-10-03 19:59:11.290 UTC [5388] LOG:  duration: 33.852 ms  statement: SELECT count(*) FROM orders WHERE created_at > now() - interval '1 day'
2026-10-03 19:59:12.999 UTC [4943] LOG:  connection received: host=10.0.3.5 port=51273
2026-10-03 19:59:12.999 UTC [4943] LOG:  connection authorized: user=shop database=shop
2026-10-03 19:59:12.999 UTC [4919] FATAL:  remaining connection slots are reserved for non-replication superuser connections
2026-10-03 19:59:13.177 UTC [5304] LOG:  duration: 353.625 ms  statement: SELECT count(*) FROM orders WHERE created_at > now() - interval '1 day'
2026-10-03 19:59:13.289 UTC [4931] LOG:  connection received: host=10.0.3.5 port=50765
2026-10-03 19:59:13.289 UTC [4931] LOG:  connection authorized: user=shop database=shop
2026-10-03 19:59:13.703 UTC [5194] ERROR:  duplicate key value violates unique constraint "orders_pkey"
2026-10-03 19:59:13.703 UTC [5194] DETAIL:  Key (id)=(10888) already exists.
2026-10-03 19:59:13.703 UTC [5194] STATEMENT:  INSERT INTO orders (id, customer_id, total) VALUES ($1, $2, $3)
2026-10-03 19:59:13.999 UTC [5067] LOG:  duration: 833.70 ms  statement: SELECT count(*) FROM orders WHERE created_at > now() - interval '1 day'
2026-10-03 19:59:14.019 UTC [5082] LOG:  duration: 3001.100 ms  execute <unnamed>: SELECT o.id, o.total, c.name
	FROM orders o
	JOIN customers c ON c.id = o.customer_id
	WHERE o.status = $1
	ORDER BY o.created_at DESC
2026-10-03 19:59:14.019 UTC [5082] DETAIL:  parameters: $1 = 'PENDING'
2026-10-03 19:59:14.184 UTC [5174] LOG:  duration: 615.385 ms  statement: SELECT count(*) FROM orders WHERE created_at > now() - interval '1 day'
2026-10-03 19:59:14.956 UTC [5053] LOG:  duration: 346.88 ms  statement: SELECT count(*) FROM orders WHERE created_at > now() - interval '1 day'
2026-10-03 19:59:14.999 UTC [5020] LOG:  connection received: host=10.0.3.5 port=55819
2026-10-03 19:59:14.999 UTC [5020] LOG:  connection authorized: user=shop database=shop
2026-10-03 19:59:15.570 UTC [5353] LOG:  duration: 349.342 ms  statement: SELECT count(*) FROM orders WHERE created_at > now() - interval '1 day'
2026-10-03 19:59:15.704 UTC [4941] LOG:  duration: 1498.585 ms  execute <unnamed>: SELECT o.id, o.total, c.name
	FROM orders o
	JOIN customers c ON c.id = o.customer_id
	WHERE o.status = $1
	ORDER BY o.created_at DESC
2026-10-03 19:59:15.704 UTC [4941] DETAIL:  parameters: $1 = 'PENDING'
2026-10-03 19:59:15.911 UTC [5126] LOG:  duration: 597.254 ms  statement: SELECT count(*) FROM orders WHERE created_at > now() - interval '1 day'
2026-10-03 19:59:15.999 UTC [5318] LOG:  duration: 333.369 ms  statement: SELECT count(*) FROM orders WHERE created_at > now() - interval '1 day'
2026-10-03 19:59:15.999 UTC [5273] LOG:  duration: 1190.166 ms  execute <unnamed>: SELECT o.id, o.total, c.name
	FROM orders o
	JOIN customers c ON c.id = o.customer_id
	WHERE o.status = $1
	ORDER BY o.created_at DESC
2026-10-03 19:59:15.999 UTC [5273] DETAIL:  parameters: $1 = 'PENDING'
2026-10-03 19:59:16.171 UTC [5104] LOG:  duration: 1532.815 ms  execute <unnamed>: SELECT o.id, o.total, c.name
	FROM orders o
	JOIN customers c ON c.id = o.customer_id
	WHERE o.status = $1
	ORDER BY o.created_at DESC
2026-10-03 19:59:16.171 UTC [5104] DETAIL:  parameters: $1 = 'PENDING'
2026-10-03 19:59:16.670 UTC [4940] ERROR:  duplicate key value violates unique constraint "orders_pkey"
2026-10-03 19:59:16.670 UTC [4940] DETAIL:  Key (id)=(10660) already exists.
2026-10-03 19:59:16.670 UTC [4940] STATEMENT:  INSERT INTO orders (id, customer_id, total) VALUES ($1, $2, $3)
2026-10-03 19:59:16.972 UTC [5183] LOG:  connection received: host=10.0.3.5 port=57951
2026-10-03 19:59:16.972 UTC [5183] LOG:  connection authorized: user=shop database=shop
2026-10-03 19:59:17.855 UTC [5379] LOG:  duration: 640.449 ms  statement: SELECT count(*) FROM orders WHERE created_at > now() - interval '1 day'
2026-10-03 19:59:17.999 UTC [5261] LOG:  connection received: host=10.0.3.5 port=56662
2026-10-03 19:59:17.999 UTC [5261] LOG:  connection authorized: user=shop database=shop
2026-10-03 19:59:18.319 UTC [27] LOG:  checkpoint starting: time
2026-10-03 19:59:18.319 UTC [27] LOG:  checkpoint complete: wrote 125 buffers (0.3%); 0 WAL file(s) added, 0 removed, 0 recycled; write=6.1 s, sync=0.005 s, total=6.3 s
2026-10-03 19:59:18.967 UTC [5258] LOG:  duration: 1496.260 ms  execute <unnamed>: SELECT o.id, o.total, c.name
	FROM orders o
	JOIN customers c ON c.id = o.customer_id
	WHERE o.status = $1
	ORDER BY o.created_at DESC
2026-10-03 19:59:18.967 UTC [5258] DETAIL:  parameters: $1 = 'PENDING'
2026-10-03 19:59:18.986 UTC [5325] LOG:  duration: 516.627 ms  statement: SELECT count(*) FROM orders WHERE created_at > now() - interval '1 day'
2026-10-03 19:59:18.999 UTC [5053] LOG:  duration: 507.448 ms  statement: SELECT count(*) FROM orders WHERE created_at > now() - interval '1 day'
2026-10-03 19:59:19.471 UTC [5163] LOG:  duration: 803.489 ms  statement: SELECT count(*) FROM orders WHERE created_at > now() - interval '1 day'
2026-10-03 19:59:19.960 UTC [4907] LOG:  duration: 381.888 ms  statement: SELECT count(*) FROM orders WHERE created_at > now() - interval '1 day'
2026-10-03 19:59:19.999 UTC [5365] LOG:  duration: 185.455 ms  statement: SELECT count(*) FROM orders WHERE created_at > now() - interval '1 day'
2026-10-03 19:59:20.546 UTC [5238] LOG:  duration: 1530.630 ms  execute <unnamed>: SELECT o.id, o.total, c.name
	FROM orders o
	JOIN customers c ON c.id = o.customer_id
	WHERE o.status = $1
	ORDER BY o.created_at DESC
2026-10-03 19:59:20.546 UTC [5238] DETAIL:  parameters: $1 = 'PENDING'
2026-10-03 19:59:20.602 UTC [27] LOG:  checkpoint starting: time
2026-10-03 19:59:20.602 UTC [27] LOG:  checkpoint complete: wrote 162 buffers (0.2%); 0 WAL file(s) added, 0 removed, 0 recycled; write=6.3 s, sync=0.003 s, total=6.3 s
2026-10-03 19:59:20.999 UTC [5293] LOG:  connection received: host=10.0.3.5 port=52627
2026-10-03 19:59:20.999 UTC [5293] LOG:  connection authorized: user=shop database=shop
2026-10-03 19:59:20.999 UTC [4902] LOG:  duration: 1427.725 ms  execute <unnamed>: SELECT o.id, o.total, c.name
	FROM orders o
	JOIN customers c ON c.id = o.customer_id
	WHERE o.status = $1
	ORDER BY o.created_at DESC
2026-10-03 19:59:20.999 UTC [4902] DETAIL:  parameters: $1 = 'PENDING'
2026-10-03 19:59:21.175 UTC [5396] ERROR:  duplicate key value violates unique constraint "orders_pkey"
2026-10-03 19:59:21.175 UTC [5396] DETAIL:  Key (id)=(10200) already exists.
2026-10-03 19:59:21.175 UTC [5396] STATEMENT:  INSERT INTO orders (id, customer_id, total) VALUES ($1, $2, $3)
2026-10-03 19:59:21.854 UTC [5262] LOG:  duration: 895.746 ms  statement: SELECT count(*) FROM orders WHERE created_at > now() - interval '1 day'
2026-10-03 19:59:21.999 UTC [5287] LOG:  duration: 285.102 ms  statement: SELECT count(*) FROM orders WHERE created_at > now() - interval '1 day'
2026-10-03 19:59:22.213 UTC [5141] LOG:  duration: 1100.8 ms  execute <unnamed>: SELECT o.id, o.total, c.name
	FROM orders o
	JOIN customers c ON c.id = o.customer_id
	WHERE o.status = $1
	ORDER BY o.created_at DESC
2026-10-03 19:59:22.213 UTC [5141] DETAIL:  parameters: $1 = 'PENDING'
2026-10-03 19:59:23.079 UTC [5389] ERROR:  duplicate key value violates unique constraint "orders_pkey"
2026-10-03 19:59:23.079 UTC [5389] DETAIL:  Key (id)=(10782) already exists.
2026-10-03 19:59:23.079 UTC [5389] STATEMENT:  INSERT INTO orders (id, customer_id, total) VALUES ($1, $2, $3)
2026-10-03 19:59:23.593 UTC [4955] LOG:  duration: 1597.189 ms  execute <unnamed>: SELECT o.id, o.total, c.name
	FROM orders o
	JOIN customers c ON c.id = o.customer_id
	WHERE o.status = $1
	ORDER BY o.created_at DESC
2026-10-03 19:59:23.593 UTC [4955] DETAIL:  parameters: $1 = 'PENDING'
2026-10-03 19:59:23.791 UTC [4948] LOG:  duration: 519.348 ms  statement: SELECT count(*) FROM orders WHERE created_at > now() - interval '1 day'
2026-10-03 19:59:25.999 UTC [4979] LOG:  connection received: host=10.0.3.5 port=57108
2026-10-03 19:59:25.999 UTC [4979] LOG:  connection authorized: user=shop database=shop
2026-10-03 19:59:26.958 UTC [5201] LOG:  connection received: host=10.0.3.5 port=51838
2026-10-03 19:59:26.958 UTC [5201] LOG:  connection authorized: user=shop database=shop
2026-10-03 19:59:26.999 UTC [5110] LOG:  connection received: host=10.0.3.5 port=55568
2026-10-03 19:59:26.999 UTC [5110] LOG:  connection authorized: user=shop database=shop
2026-10-03 19:59:27.225 UTC [5139] LOG:  connection received: host=10.0.3.5 port=55113
2026-10-03 19:59:27.225 UTC [5139] LOG:  connection authorized: user=shop database=shop
2026-10-03 19:59:28.331 UTC [5021] LOG:  duration: 220.713 ms  statement: SELECT count(*) FROM orders WHERE created_at > now() - interval '1 day'
2026-10-03 19:59:28.999 UTC [5246] LOG:  duration: 349.482 ms  statement: SELECT count(*) FROM orders WHERE created_at > now() - interval '1 day'
2026-10-03 19:59:29.260 UTC [5255] LOG:  duration: 1376.63 ms  execute <unnamed>: SELECT o.id, o.total, c.name
	FROM orders o
	JOIN customers c ON c.id = o.customer_id
	WHERE o.status = $1
	ORDER BY o.created_at DESC
2026-10-03 19:59:29.260 UTC [5255] DETAIL:  parameters: $1 = 'PENDING'
2026-10-03 19:59:29.447 UTC [5049] LOG:  duration: 484.590 ms  statement: SELECT count(*) FROM orders WHERE created_at > now() - interval '1 day'
2026-10-03 19:59:29.457 UTC [5218] LOG:  connection received: host=10.0.3.5 port=57979
2026-10-03 19:59:29.457 UTC [5218] LOG:  connection authorized: user=shop database=shop
2026-10-03 19:59:29.965 UTC [5020] LOG:  duration: 218.109 ms  statement: SELECT count(*) FROM orders WHERE created_at > now() - interval '1 day'
2026-10-03 19:59:30.496 UTC [5237] LOG:  duration: 1271.71 ms  execute <unnamed>: SELECT o.id, o.total, c.name
	FROM orders o
	JOIN customers c ON c.id = o.customer_id
	WHERE o.status = $1
	ORDER BY o.created_at DESC
2026-10-03 19:59:30.496 UTC [5237] DETAIL:  parameters: $1 = 'PENDING'
2026-10-03 19:59:30.564 UTC [5071] LOG:  duration: 2437.533 ms  execute <unnamed>: SELECT o.id, o.total, c.name
	FROM orders o
	JOIN customers c ON c.id = o.customer_id
	WHERE o.status = $1
	ORDER BY o.created_at DESC
2026-10-03 19:59:30.564 UTC [5071] DETAIL:  parameters: $1 = 'PENDING'
2026-10-03 19:59:30.966 UTC [5023] LOG:  connection received: host=10.0.3.5 port=50840
2026-10-03 19:59:30.966 UTC [5023] LOG:  connection authorized: user=shop database=shop
2026-10-03 19:59:30.999 UTC [5310] LOG:  duration: 856.720 ms  statement: SELECT count(*) FROM orders WHERE created_at > now() - interval '1 day'
2026-10-03 19:59:31.681 UTC [5247] LOG:  duration: 562.423 ms  statement: SELECT count(*) FROM orders WHERE created_at > now() - interval '1 day'
2026-10-03 19:59:31.827 UTC [5144] LOG:  connection received: host=10.0.3.5 port=53752
2026-10-03 19:59:31.827 UTC [5144] LOG:  connection authorized: user=shop database=shop
2026-10-03 19:59:31.841 UTC [5236] LOG:  duration: 69.4 ms  statement: SELECT count(*) FROM orders WHERE created_at > now() - interval '1 day'
2026-10-03 19:59:31.999 UTC [5087] LOG:  duration: 784.740 ms  statement: SELECT count(*) FROM orders WHERE created_at > now() - interval '1 day'
2026-10-03 19:59:32.795 UTC [4919] ERROR:  duplicate key value violates unique constraint "orders_pkey"
2026-10-03 19:59:32.795 UTC [4919] DETAIL:  Key (id)=(10460) already exists.
2026-10-03 19:59:32.795 UTC [4919] STATEMENT:  INSERT INTO orders (id, customer_id, total) VALUES ($1, $2, $3)
2026-10-03 19:59:32.999 UTC [5386] LOG:  duration: 703.157 ms  statement: SELECT count(*) FROM orders WHERE created_at > now() - interval '1 day'
2026-10-03 19:59:33.873 UTC [27] LOG:  checkpoint starting: time
2026-10-03 19:59:33.873 UTC [27] LOG:  checkpoint complete: wrote 150 buffers (0.7%); 0 WAL file(s) added, 0 removed, 0 recycled; write=6.8 s, sync=0.002 s, total=6.4 s
2026-10-03 19:59:33.999 UTC [5075] LOG:  duration: 897.293 ms  statement: SELECT count(*) FROM orders WHERE created_at > now() - interval '1 day'
2026-10-03 19:59:34.647 UTC [5024] LOG:  duration: 721.423 ms  statement: SELECT count(*) FROM orders WHERE created_at > now() - interval '1 day'
2026-10-03 19:59:34.999 UTC [5389] LOG:  duration: 880.98 ms  statement: SELECT count(*) FROM orders WHERE created_at > now() - interval '1 day'
2026-10-03 19:59:35.263 UTC [5241] LOG:  connection received: host=10.0.3.5 port=50138
2026-10-03 19:59:35.263 UTC [5241] LOG:  connection authorized: user=shop database=shop
2026-10-03 19:59:36.412 UTC [5261] LOG:  duration: 59.827 ms  statement: SELECT count(*) FROM orders WHERE created_at > now() - interval '1 day'
2026-10-03 19:59:36.477 UTC [5116] LOG:  duration: 871.290 ms  statement: SELECT count(*) FROM orders WHERE created_at > now() - interval '1 day'
2026-10-03 19:59:36.999 UTC [5377] ERROR:  duplicate key value violates unique constraint "orders_pkey"
2026-10-03 19:59:36.999 UTC [5377] DETAIL:  Key (id)=(10894) already exists.
2026-10-03 19:59:36.999 UTC [5377] STATEMENT:  INSERT INTO orders (id, customer_id, total) VALUES ($1, $2, $3)
2026-10-03 19:59:36.999 UTC [5281] LOG:  duration: 1882.11 ms  execute <unnamed>: SELECT o.id, o.total, c.name
	FROM orders o
	JOIN customers c ON c.id = o.customer_id
	WHERE o.status = $1
	ORDER BY o.created_at DESC
2026-10-03 19:59:36.999 UTC [5281] DETAIL:  parameters: $1 = 'PENDING'
2026-10-03 19:59:37.999 UTC [5377] LOG:  duration: 649.395 ms  statement: SELECT count(*) FROM orders WHERE created_at > now() - interval '1 day'
2026-10-03 19:59:38.132 UTC [4957] LOG:  duration: 320.334 ms  statement: SELECT count(*) FROM orders WHERE created_at > now() - interval '1 day'
2026-10-03 19:59:38.619 UTC [5181] LOG:  connection received: host=10.0.3.5 port=50370
2026-10-03 19:59:38.619 UTC [5181] LOG:  connection authorized: user=shop database=shop
2026-10-03 19:59:38.878 UTC [5370] LOG:  connection received: host=10.0.3.5 port=53511
2026-10-03 19:59:38.878 UTC [5370] LOG:  connection authorized: user=shop database=shop
2026-10-03 19:59:38.999 UTC [5094] LOG:  duration: 552.748 ms  statement: SELECT count(*) FROM orders WHERE created_at > now() - interval '1 day'
2026-10-03 19:59:48.477 UTC [5291] LOG:  duration: 27.241 ms  statement: SELECT count(*) FROM orders WHERE created_at > now() - interval '1 day'
2026-10-03 19:59:49.432 UTC [4900] LOG:  duration: 2019.175 ms  execute <unnamed>: SELECT o.id, o.total, c.name
	FROM orders o
	JOIN customers c ON c.id = o.customer_id
	WHERE o.status = $1
	ORDER BY o.created_at DESC
2026-10-03 19:59:49.432 UTC [4900] DETAIL:  parameters: $1 = 'PENDING'
2026-10-03 19:59:49.635 UTC [5144] LOG:  connection received: host=10.0.3.5 port=53570
2026-10-03 19:59:49.635 UTC [5144] LOG:  connection authorized: user=shop database=shop
2026-10-03 19:59:49.999 UTC [5145] LOG:  duration: 154.70 ms  statement: SELECT count(*) FROM orders WHERE created_at > now() - interval '1 day'
2026-10-03 19:59:50.523 UTC [5019] LOG:  connection received: host=10.0.3.5 port=50408
2026-10-03 19:59:50.523 UTC [5019] LOG:  connection authorized: user=shop database=shop
2026-10-03 19:59:50.999 UTC [4953] LOG:  connection received: host=10.0.3.5 port=58651
2026-10-03 19:59:50.999 UTC [4953] LOG:  connection authorized: user=shop database=shop
2026-10-03 19:59:50.999 UTC [4957] LOG:  duration: 786.744 ms  statement: SELECT count(*) FROM orders WHERE created_at > now() - interval '1 day'
2026-10-03 19:59:51.999 UTC [4927] LOG:  duration: 457.802 ms  statement: SELECT count(*) FROM orders WHERE created_at > now() - interval '1 day'
2026-10-03 19:59:52.179 UTC [5173] LOG:  duration: 207.500 ms  statement: SELECT count(*) FROM orders WHERE created_at > now() - interval '1 day'
2026-10-03 19:59:52.605 UTC [5125] LOG:  duration: 3.114 ms  statement: SELECT count(*) FROM orders WHERE created_at > now() - interval '1 day'
2026-10-03 19:59:52.892 UTC [4990] ERROR:  duplicate key value violates unique constraint "orders_pkey"
2026-10-03 19:59:52.892 UTC [4990] DETAIL:  Key (id)=(10571) already exists.
2026-10-03 19:59:52.892 UTC [4990] STATEMENT:  INSERT INTO orders (id, customer_id, total) VALUES ($1, $2, $3)
2026-10-03 19:59:52.920 UTC [5213] LOG:  duration: 172.511 ms  statement: SELECT count(*) FROM orders WHERE created_at > now() - interval '1 day'
2026-10-03 19:59:52.999 UTC [5219] LOG:  duration: 406.795 ms  statement: SELECT count(*) FROM orders WHERE created_at > now() - interval '1 day'
2026-10-03 19:59:52.999 UTC [5189] LOG:  duration: 782.706 ms  statement: SELECT count(*) FROM orders WHERE created_at > now() - interval '1 day'
2026-10-03 19:59:54.424 UTC [5360] ERROR:  duplicate key value violates unique constraint "orders_pkey"
2026-10-03 19:59:54.424 UTC [5360] DETAIL:  Key (id)=(10401) already exists.
2026-10-03 19:59:54.424 UTC [5360] STATEMENT:  INSERT INTO orders (id, customer_id, total) VALUES ($1, $2, $3)
2026-10-03 19:59:54.505 UTC [4943] LOG:  duration: 50.783 ms  statement: SELECT count(*) FROM orders WHERE created_at > now() - interval '1 day'
2026-10-03 19:59:55.531 UTC [4974] LOG:  connection received: host=10.0.3.5 port=53124
2026-10-03 19:59:55.531 UTC [4974] LOG:  connection authorized: user=shop database=shop
2026-10-03 19:59:55.596 UTC [4958] LOG:  duration: 161.423 ms  statement: SELECT count(*) FROM orders WHERE created_at > now() - interval '1 day'
2026-10-03 19:59:55.885 UTC [5304] LOG:  duration: 73.80 ms  statement: SELECT count(*) FROM orders WHERE created_at > now() - interval '1 day'
2026-10-03 19:59:56.037 UTC [5080] LOG:  duration: 535.353 ms  statement: SELECT count(*) FROM orders WHERE created_at > now() - interval '1 day'
2026-10-03 19:59:56.471 UTC [4999] LOG:  connection received: host=10.0.3.5 port=55720
2026-10-03 19:59:56.471 UTC [4999] LOG:  connection authorized: user=shop database=shop
2026-10-03 19:59:57.596 UTC [5021] LOG:  duration: 237.614 ms  statement: SELECT count(*) FROM orders WHERE created_at > now() - interval '1 day'
2026-10-03 19:59:57.883 UTC [4965] ERROR:  duplicate key value violates unique constraint "orders_pkey"
2026-10-03 19:59:57.883 UTC [4965] DETAIL:  Key (id)=(10491) already exists.
2026-10-03 19:59:57.883 UTC [4965] STATEMENT:  INSERT INTO orders (id, customer_id, total) VALUES ($1, $2, $3)
2026-10-03 19:59:58.104 UTC [5054] LOG:  connection received: host=10.0.3.5 port=53145
2026-10-03 19:59:58.104 UTC [5054] LOG:  connection authorized: user=shop database=shop
2026-10-03 19:59:58.999 UTC [5230] LOG:  duration: 89.553 ms  statement: SELECT count(*) FROM orders WHERE created_at > now() - interval '1 day'
2026-10-03 19:59:58.999 UTC [5215] LOG:  connection received: host=10.0.3.5 port=58410
2026-10-03 19:59:58.999 UTC [5215] LOG:  connection authorized: user=shop database=shop
2026-10-03 20:00:00.811 UTC [5240] LOG:  connection received: host=10.0.3.5 port=54744
2026-10-03 20:00:00.811 UTC [5240] LOG:  connection authorized: user=shop database=shop
2026-10-03 20:00:00.999 UTC [5284] LOG:  duration: 3448.738 ms  execute <unnamed>: SELECT o.id, o.total, c.name
	FROM orders o
	JOIN customers c ON c.id = o.customer_id
	WHERE o.status = $1
	ORDER BY o.created_at DESC
2026-10-03 20:00:00.999 UTC [5284] DETAIL:  parameters: $1 = 'PENDING'
2026-10-03 20:00:02.487 UTC [4985] LOG:  duration: 204.0 ms  statement: SELECT count(*) FROM orders WHERE created_at > now() - interval '1 day'
2026-10-03 20:00:02.999 UTC [5116] ERROR:  duplicate key value violates unique constraint "orders_pkey"
2026-10-03 20:00:02.999 UTC [5116] DETAIL:  Key (id)=(10099) already exists.
2026-10-03 20:00:02.999 UTC [5116] STATEMENT:  INSERT INTO orders (id, customer_id, total) VALUES ($1, $2, $3)
2026-10-03 20:00:02.999 UTC [5070] LOG:  duration: 426.633 ms  statement: SELECT count(*) FROM orders WHERE created_at > now() - interval '1 day'
2026-10-03 20:00:03.999 UTC [5087] LOG:  duration: 74.558 ms  statement: SELECT count(*) FROM orders WHERE created_at > now() - interval '1 day'
2026-10-03 20:00:04.845 UTC [4928] LOG:  connection received: host=10.0.3.5 port=53563
2026-10-03 20:00:04.845 UTC [4928] LOG:  connection authorized: user=shop database=shop
2026-10-03 20:00:05.388 UTC [5020] LOG:  connection received: host=10.0.3.5 port=54499
2026-10-03 20:00:05.388 UTC [5020] LOG:  connection authorized: user=shop database=shop
2026-10-03 20:00:05.393 UTC [5059] LOG:  connection received: host=10.0.3.5 port=51952
2026-10-03 20:00:05.393 UTC [5059] LOG:  connection authorized: user=shop database=shop
2026-10-03 20:00:05.551 UTC [5001] LOG:  connection received: host=10.0.3.5 port=57796
2026-10-03 20:00:05.551 UTC [5001] LOG:  connection authorized: user=shop database=shop
2026-10-03 20:00:05.627 UTC [4936] LOG:  connection received: host=10.0.3.5 port=50141
2026-10-03 20:00:05.627 UTC [4936] LOG:  connection authorized: user=shop database=shop
2026-10-03 20:00:05.809 UTC [4911] LOG:  duration: 298.340 ms  statement: SELECT count(*) FROM orders WHERE created_at > now() - interval '1 day'
2026-10-03 20:00:05.999 UTC [5143] LOG:  duration: 556.896 ms  statement: SELECT count(*) FROM orders WHERE created_at > now() - interval '1 day'
2026-10-03 20:00:07.129 UTC [5186] LOG:  duration: 708.289 ms  statement: SELECT count(*) FROM orders WHERE created_at > now() - interval '1 day'
2026-10-03 20:00:08.340 UTC [5346] LOG:  duration: 571.190 ms  statement: SELECT count(*) FROM orders WHERE created_at > now() - interval '1 day'
2026-10-03 20:00:09.156 UTC [5076] FATAL:  remaining connection slots are reserved for non-replication superuser connections
2026-10-03 20:00:09.213 UTC [5164] LOG:  duration: 183.450 ms  statement: SELECT count(*) FROM orders WHERE created_at > now() - interval '1 day'
2026-10-03 20:00:09.337 UTC [5132] LOG:  duration: 2425.725 ms  execute <unnamed>: SELECT o.id, o.total, c.name
	FROM orders o
	JOIN customers c ON c.id = o.customer_id
	WHERE o.status = $1
	ORDER BY o.created_at DESC
2026-10-03 20:00:09.337 UTC [5132] DETAIL:  parameters: $1 = 'PENDING'
2026-10-03 20:00:09.343 UTC [4977] LOG:  duration: 118.143 ms  statement: SELECT count(*) FROM orders WHERE created_at > now() - interval '1 day'
2026-10-03 20:00:09.436 UTC [5377] LOG:  duration: 352.348 ms  statement: SELECT count(*) FROM orders WHERE created_at > now() - interval '1 day'
2026-10-03 20:00:10.079 UTC [5082] LOG:  duration: 824.730 ms  statement: SELECT count(*) FROM orders WHERE created_at > now() - interval '1 day'
2026-10-03 20:00:10.661 UTC [5359] LOG:  duration: 2144.244 ms  execute <unnamed>: SELECT o.id, o.total, c.name
	FROM orders o
	JOIN customers c ON c.id = o.customer_id
	WHERE o.status = $1
	ORDER BY o.created_at DESC
2026-10-03 20:00:10.661 UTC [5359] DETAIL:  parameters: $1 = 'PENDING'
2026-10-03 20:00:11.999 UTC [5260] LOG:  connection received: host=10.0.3.5 port=56091
2026-10-03 20:00:11.999 UTC [5260] LOG:  connection authorized: user=shop database=shop
2026-10-03 20:00:12.667 UTC [5207] ERROR:  duplicate key value violates unique constraint "orders_pkey"
2026-10-03 20:00:12.667 UTC [5207] DETAIL:  Key (id)=(10240) already exists.
2026-10-03 20:00:12.667 UTC [5207] STATEMENT:  INSERT INTO orders (id, customer_id, total) VALUES ($1, $2, $3)
2026-10-03 20:00:12.873 UTC [5391] LOG:  duration: 1819.148 ms  execute <unnamed>: SELECT o.id, o.total, c.name
	FROM orders o
	JOIN customers c ON c.id = o.customer_id
	WHERE o.status = $1
	ORDER BY o.created_at DESC
2026-10-03 20:00:12.873 UTC [5391] DETAIL:  parameters: $1 = 'PENDING'
2026-10-03 20:00:13.402 UTC [5046] ERROR:  duplicate key value violates unique constraint "orders_pkey"
2026-10-03 20:00:13.402 UTC [5046] DETAIL:  Key (id)=(10831) already exists.
2026-10-03 20:00:13.402 UTC [5046] STATEMENT:  INSERT INTO orders (id, customer_id, total) VALUES ($1, $2, $3)
2026-10-03 20:00:13.881 UTC [5385] ERROR:  duplicate key value violates unique constraint "orders_pkey"
2026-10-03 20:00:13.881 UTC [5385] DETAIL:  Key (id)=(10157) already exists.
2026-10-03 20:00:13.881 UTC [5385] STATEMENT:  INSERT INTO orders (id, customer_id, total) VALUES ($1, $2, $3)
2026-10-03 20:00:14.127 UTC [5216] ERROR:  duplicate key value violates unique constraint "orders_pkey"
2026-10-03 20:00:14.127 UTC [5216] DETAIL:  Key (id)=(10847) already exists.
2026-10-03 20:00:14.127 UTC [5216] STATEMENT:  INSERT INTO orders (id, customer_id, total) VALUES ($1, $2, $3)
2026-10-03 20:00:14.207 UTC [5385] LOG:  duration: 514.331 ms  statement: SELECT count(*) FROM orders WHERE created_at > now() - interval '1 day'
2026-10-03 20:00:14.999 UTC [5182] LOG:  duration: 384.584 ms  statement: SELECT count(*) FROM orders WHERE created_at > now() - interval '1 day'
2026-10-03 20:00:14.999 UTC [4982] ERROR:  duplicate key value violates unique constraint "orders_pkey"
2026-10-03 20:00:14.999 UTC [4982] DETAIL:  Key (id)=(10307) already exists.
2026-10-03 20:00:14.999 UTC [4982] STATEMENT:  INSERT INTO orders (id, customer_id, total) VALUES ($1, $2, $3)
2026-10-03 20:00:16.344 UTC [5106] LOG:  duration: 390.53 ms  statement: SELECT count(*) FROM orders WHERE created_at > now() - interval '1 day'
2026-10-03 20:00:16.605 UTC [5084] LOG:  duration: 278.347 ms  statement: SELECT count(*) FROM orders WHERE created_at > now() - interval '1 day'
2026-10-03 20:00:16.713 UTC [5374] ERROR:  duplicate key value violates unique constraint "orders_pkey"
2026-10-03 20:00:16.713 UTC [5374] DETAIL:  Key (id)=(10120) already exists.
2026-10-03 20:00:16.713 UTC [5374] STATEMENT:  INSERT INTO orders (id, customer_id, total) VALUES ($1, $2, $3)
2026-10-03 20:00:16.839 UTC [5034] LOG:  connection received: host=10.0.3.5 port=56513
2026-10-03 20:00:16.839 UTC [5034] LOG:  connection authorized: user=shop database=shop
2026-10-03 20:00:16.999 UTC [5136] LOG:  duration: 145.825 ms  statement: SELECT count(*) FROM orders WHERE created_at > now() - interval '1 day'
2026-10-03 20:00:16.999 UTC [5199] LOG:  duration: 792.179 ms  statement: SELECT count(*) FROM orders WHERE created_at > now() - interval '1 day'
2026-10-03 20:00:16.999 UTC [5232] LOG:  duration: 105.679 ms  statement: SELECT count(*) FROM orders WHERE created_at > now() - interval '1 day'
2026-10-03 20:00:17.266 UTC [5338] LOG:  duration: 508.284 ms  statement: SELECT count(*) FROM orders WHERE created_at > now() - interval '1 day'
2026-10-03 20:00:17.356 UTC [5310] LOG:  connection received: host=10.0.3.5 port=58723
2026-10-03 20:00:17.356 UTC [5310] LOG:  connection authorized: user=shop database=shop
2026-10-03 20:00:17.618 UTC [5130] LOG:  duration: 1.429 ms  statement: SELECT count(*) FROM orders WHERE created_at > now() - interval '1 day'
2026-10-03 20:00:17.960 UTC [5374] ERROR:  duplicate key value violates unique constraint "orders_pkey"
2026-10-03 20:00:17.960 UTC [5374] DETAIL:  Key (id)=(10583) already exists.
2026-10-03 20:00:17.960 UTC [5374] STATEMENT:  INSERT INTO orders (id, customer_id, total) VALUES ($1, $2, $3)
2026-10-03 20:00:18.052 UTC [4975] LOG:  duration: 3038.703 ms  execute <unnamed>: SELECT o.id, o.total, c.name
	FROM orders o
	JOIN customers c ON c.id = o.customer_id
	WHERE o.status = $1
	ORDER BY o.created_at DESC
2026-10-03 20:00:18.052 UTC [4975] DETAIL:  parameters: $1 = 'PENDING'
2026-10-03 20:00:18.657 UTC [4924] LOG:  connection received: host=10.0.3.5 port=50334
2026-10-03 20:00:18.657 UTC [4924] LOG:  connection authorized: user=shop database=shop
2026-10-03 20:00:18.750 UTC [5158] LOG:  duration: 596.816 ms  statement: SELECT count(*) FROM orders WHERE created_at > now() - interval '1 day'
2026-10-03 20:00:19.307 UTC [5276] LOG:  connection received: host=10.0.3.5 port=55692
2026-10-03 20:00:19.307 UTC [5276] LOG:  connection authorized: user=shop database=shop
2026-10-03 20:00:20.413 UTC [5214] LOG:  duration: 613.439 ms  statement: SELECT count(*) FROM orders WHERE created_at > now() - interval '1 day'
2026-10-03 20:00:20.999 UTC [4980] LOG:  duration: 2171.136 ms  execute <unnamed>: SELECT o.id, o.total, c.name
	FROM orders o
	JOIN customers c ON c.id = o.customer_id
	WHERE o.status = $1
	ORDER BY o.created_at DESC
2026-10-03 20:00:20.999 UTC [4980] DETAIL:  parameters: $1 = 'PENDING'
2026-10-03 20:00:20.999 UTC [5351] LOG:  connection received: host=10.0.3.5 port=50494
2026-10-03 20:00:20.999 UTC [5351] LOG:  connection authorized: user=shop database=shop
2026-10-03 20:00:21.075 UTC [5281] LOG:  duration: 235.788 ms  statement: SELECT count(*) FROM orders WHERE created_at > now() - interval '1 day'
2026-10-03 20:00:21.915 UTC [4948] FATAL:  remaining connection slots are reserved for non-replication superuser connections
2026-10-03 20:00:21.999 UTC [5349] LOG:  duration: 473.448 ms  statement: SELECT count(*) FROM orders WHERE created_at > now() - interval '1 day'
2026-10-03 20:00:23.425 UTC [4931] LOG:  duration: 678.298 ms  statement: SELECT count(*) FROM orders WHERE created_at > now() - interval '1 day'
2026-10-03 20:00:23.997 UTC [27] LOG:  checkpoint starting: time
2026-10-03 20:00:23.997 UTC [27] LOG:  checkpoint complete: wrote 185 buffers (0.3%); 0 WAL file(s) added, 0 removed, 0 recycled; write=6.0 s, sync=0.004 s, total=6.3 s
2026-10-03 20:00:23.999 UTC [5132] LOG:  connection received: host=10.0.3.5 port=56993
2026-10-03 20:00:23.999 UTC [5132] LOG:  connection authorized: user=shop database=shop
2026-10-03 20:00:24.806 UTC [5096] LOG:  connection received: host=10.0.3.5 port=58767
2026-10-03 20:00:24.806 UTC [5096] LOG:  connection authorized: user=shop database=shop
2026-10-03 20:00:26.181 UTC [5038] LOG:  duration: 45.181 ms  statement: SELECT count(*) FROM orders WHERE created_at > now() - interval '1 day'
2026-10-03 20:00:26.502 UTC [4992] LOG:  connection received: host=10.0.3.5 port=53997
2026-10-03 20:00:26.502 UTC [4992] LOG:  connection authorized: user=shop database=shop
2026-10-03 20:00:27.649 UTC [5010] LOG:  connection received: host=10.0.3.5 port=50893
2026-10-03 20:00:27.649 UTC [5010] LOG:  connection authorized: user=shop database=shop
2026-10-03 20:00:27.701 UTC [27] LOG:  checkpoint starting: time
2026-10-03 20:00:27.701 UTC [27] LOG:  checkpoint complete: wrote 82 buffers (0.6%); 0 WAL file(s) added, 0 removed, 0 recycled; write=6.8 s, sync=0.000 s, total=6.3 s
2026-10-03 20:00:27.708 UTC [5264] FATAL:  remaining connection slots are reserved for non-replication superuser connections
2026-10-03 20:00:28.745 UTC [5262] LOG:  connection received: host=10.0.3.5 port=56285
2026-10-03 20:00:28.745 UTC [5262] LOG:  connection authorized: user=shop database=shop
2026-10-03 20:00:28.999 UTC [5380] LOG:  duration: 0.21 ms  statement: SELECT count(*) FROM orders WHERE created_at > now() - interval '1 day'
2026-10-03 20:00:28.999 UTC [4927] LOG:  duration: 339.844 ms  statement: SELECT count(*) FROM orders WHERE created_at > now() - interval '1 day'
2026-10-03 20:00:29.197 UTC [5077] LOG:  connection received: host=10.0.3.5 port=54586
2026-10-03 20:00:29.197 UTC [5077] LOG:  connection authorized: user=shop database=shop
2026-10-03 20:00:29.387 UTC [5246] LOG:  duration: 529.534 ms  statement: SELECT count(*) FROM orders WHERE created_at > now() - interval '1 day'
2026-10-03 20:00:29.923 UTC [4956] LOG:  connection received: host=10.0.3.5 port=52684
2026-10-03 20:00:29.923 UTC [4956] LOG:  connection authorized: user=shop database=shop
2026-10-03 20:00:30.130 UTC [5263] LOG:  duration: 2551.300 ms  execute <unnamed>: SELECT o.id, o.total, c.name
	FROM orders o
	JOIN customers c ON c.id = o.customer_id
	WHERE o.status = $1
	ORDER BY o.created_at DESC
2026-10-03 20:00:30.130 UTC [5263] DETAIL:  parameters: $1 = 'PENDING'
2026-10-03 20:00:30.534 UTC [5014] LOG:  duration: 560.388 ms  statement: SELECT count(*) FROM orders WHERE created_at > now() - interval '1 day'
2026-10-03 20:00:31.927 UTC [5268] LOG:  duration: 2673.83 ms  execute <unnamed>: SELECT o.id, o.total, c.name
	FROM orders o
	JOIN customers c ON c.id = o.customer_id
	WHERE o.status = $1
	ORDER BY o.created_at DESC
2026-10-03 20:00:31.927 UTC [5268] DETAIL:  parameters: $1 = 'PENDING'
2026-10-03 20:00:32.292 UTC [5070] LOG:  duration: 877.242 ms  statement: SELECT count(*) FROM orders WHERE created_at > now() - interval '1 day'
2026-10-03 20:00:32.646 UTC [5268] LOG:  duration: 813.177 ms  statement: SELECT count(*) FROM orders WHERE created_at > now() - interval '1 day'
2026-10-03 20:00:32.916 UTC [5392] LOG:  connection received: host=10.0.3.5 port=50367
2026-10-03 20:00:32.916 UTC [5392] LOG:  connection authorized: user=shop database=shop
2026-10-03 20:00:33.613 UTC [5032] LOG:  connection received: host=10.0.3.5 port=50702
2026-10-03 20:00:33.613 UTC [5032] LOG:  connection authorized: user=shop database=shop
2026-10-03 20:00:33.659 UTC [4939] LOG:  duration: 556.92 ms  statement: SELECT count(*) FROM orders WHERE created_at > now() - interval '1 day'
2026-10-03 20:00:33.999 UTC [5145] LOG:  duration: 718.3 ms  statement: SELECT count(*) FROM orders WHERE created_at > now() - interval '1 day'
2026-10-03 20:00:34.237 UTC [5135] LOG:  duration: 448.335 ms  statement: SELECT count(*) FROM orders WHERE created_at > now() - interval '1 day'
2026-10-03 20:00:34.298 UTC [5248] LOG:  connection received: host=10.0.3.5 port=58711
2026-10-03 20:00:34.298 UTC [5248] LOG:  connection authorized: user=shop database=shop
2026-10-03 20:00:34.999 UTC [4916] FATAL:  remaining connection slots are reserved for non-replication superuser connections
2026-10-03 20:00:34.999 UTC [4951] LOG:  connection received: host=10.0.3.5 port=56246
2026-10-03 20:00:34.999 UTC [4951] LOG:  connection authorized: user=shop database=shop
2026-10-03 20:00:35.999 UTC [5376] LOG:  duration: 302.643 ms  statement: SELECT count(*) FROM orders WHERE created_at > now() - interval '1 day'
2026-10-03 20:00:36.924 UTC [5154] ERROR:  duplicate key value violates unique constraint "orders_pkey"
2026-10-03 20:00:36.924 UTC [5154] DETAIL:  Key (id)=(10340) already exists.
2026-10-03 20:00:36.924 UTC [5154] STATEMENT:  INSERT INTO orders (id, customer_id, total) VALUES ($1, $2, $3)
2026-10-03 20:00:36.999 UTC [5240] LOG:  duration: 23.515 ms  statement: SELECT count(*) FROM orders WHERE created_at > now() - interval '1 day'
2026-10-03 20:00:36.999 UTC [5199] LOG:  connection received: host=10.0.3.5 port=50162
2026-10-03 20:00:36.999 UTC [5199] LOG:  connection authorized: user=shop database=shop
2026-10-03 20:00:37.742 UTC [5067] LOG:  duration: 459.251 ms  statement: SELECT count(*) FROM orders WHERE created_at > now() - interval '1 day'
2026-10-03 20:00:38.267 UTC [4970] LOG:  duration: 278.756 ms  statement: SELECT count(*) FROM orders WHERE created_at > now() - interval '1 day'
2026-10-03 20:00:38.301 UTC [4904] LOG:  connection received: host=10.0.3.5 port=53496
2026-10-03 20:00:38.301 UTC [4904] LOG:  connection authorized: user=shop database=shop
2026-10-03 20:00:38.999 UTC [4998] ERROR:  duplicate key value violates unique constraint "orders_pkey"
2026-10-03 20:00:38.999 UTC [4998] DETAIL:  Key (id)=(10131) already exists.
2026-10-03 20:00:38.999 UTC [4998] STATEMENT:  INSERT INTO orders (id, customer_id, total) VALUES ($1, $2, $3)
2026-10-03 20:00:39.329 UTC [5160] LOG:  duration: 680.119 ms  statement: SELECT count(*) FROM orders WHERE created_at > now() - interval '1 day'
2026-10-03 20:00:39.500 UTC [5126] ERROR:  duplicate key value violates unique constraint "orders_pkey"
2026-10-03 20:00:39.500 UTC [5126] DETAIL:  Key (id)=(10432) already exists.
2026-10-03 20:00:39.500 UTC [5126] STATEMENT:  INSERT INTO orders (id, customer_id, total) VALUES ($1, $2, $3)
2026-10-03 20:00:39.897 UTC [5370] FATAL:  remaining connection slots are reserved for non-replication superuser connections
2026-10-03 20:00:39.999 UTC [4934] LOG:  duration: 285.493 ms  statement: SELECT count(*) FROM orders WHERE created_at > now() - interval '1 day'
2026-10-03 20:00:39.999 UTC [27] LOG:  checkpoint starting: time
2026-10-03 20:00:39.999 UTC [27] LOG:  checkpoint complete: wrote 52 buffers (0.6%); 0 WAL file(s) added, 0 removed, 0 recycled; write=6.1 s, sync=0.002 s, total=6.8 s
2026-10-03 20:00:39.999 UTC [5062] LOG:  connection received: host=10.0.3.5 port=50127
2026-10-03 20:00:39.999 UTC [5062] LOG:  connection authorized: user=shop database=shop
2026-10-03 20:00:39.999 UTC [4968] LOG:  duration: 277.357 ms  statement: SELECT count(*) FROM orders WHERE created_at > now() - interval '1 day'
2026-10-03 20:00:40.169 UTC [5261] LOG:  duration: 807.158 ms  statement: SELECT count(*) FROM orders WHERE created_at > now() - interval '1 day'
2026-10-03 20:00:40.460 UTC [5151] LOG:  duration: 433.679 ms  statement: SELECT count(*) FROM orders WHERE created_at > now() - interval '1 day'
2026-10-03 20:00:40.999 UTC [5199] LOG:  connection received: host=10.0.3.5 port=55490
2026-10-03 20:00:40.999 UTC [5199] LOG:  connection authorized: user=shop database=shop
2026-10-03 20:00:40.999 UTC [5272] LOG:  connection received: host=10.0.3.5 port=54688
2026-10-03 20:00:40.999 UTC [5272] LOG:  connection authorized: user=shop database=shop
2026-10-03 20:00:40.999 UTC [4975] LOG:  duration: 3189.388 ms  execute <unnamed>: SELECT o.id, o.total, c.name
	FROM orders o
	JOIN customers c ON c.id = o.customer_id
	WHERE o.status = $1
	ORDER BY o.created_at DESC
2026-10-03 20:00:40.999 UTC [4975] DETAIL:  parameters: $1 = 'PENDING'
2026-10-03 20:00:41.097 UTC [5380] LOG:  connection received: host=10.0.3.5 port=51278
2026-10-03 20:00:41.097 UTC [5380] LOG:  connection authorized: user=shop database=shop
2026-10-03 20:00:41.999 UTC [5066] LOG:  duration: 1177.536 ms  execute <unnamed>: SELECT o.id, o.total, c.name
	FROM orders o
	JOIN customers c ON c.id = o.customer_id
	WHERE o.status = $1
	ORDER BY o.created_at DESC
2026-10-03 20:00:41.999 UTC [5066] DETAIL:  parameters: $1 = 'PENDING'
2026-10-03 20:00:42.677 UTC [5103] LOG:  duration: 130.106 ms  statement: SELECT count(*) FROM orders WHERE created_at > now() - interval '1 day'
2026-10-03 20:00:42.999 UTC [27] LOG:  checkpoint starting: time
2026-10-03 20:00:42.999 UTC [27] LOG:  checkpoint complete: wrote 199 buffers (0.7%); 0 WAL file(s) added, 0 removed, 0 recycled; write=6.2 s, sync=0.008 s, total=6.6 s
2026-10-03 20:00:43.334 UTC [4908] LOG:  duration: 838.459 ms  statement: SELECT count(*) FROM orders WHERE created_at > now() - interval '1 day'
2026-10-03 20:00:43.821 UTC [5080] LOG:  duration: 3038.586 ms  execute <unnamed>: SELECT o.id, o.total, c.name
	FROM orders o
	JOIN customers c ON c.id = o.customer_id
	WHERE o.status = $1
	ORDER BY o.created_at DESC
2026-10-03 20:00:43.821 UTC [5080] DETAIL:  parameters: $1 = 'PENDING'
2026-10-03 20:00:43.886 UTC [5079] ERROR:  duplicate key value violates unique constraint "orders_pkey"
2026-10-03 20:00:43.886 UTC [5079] DETAIL:  Key (id)=(10387) already exists.
2026-10-03 20:00:43.886 UTC [5079] STATEMENT:  INSERT INTO orders (id, customer_id, total) VALUES ($1, $2, $3)
2026-10-03 20:00:43.999 UTC [4996] LOG:  duration: 529.410 ms  statement: SELECT count(*) FROM orders WHERE created_at > now() - interval '1 day'
2026-10-03 20:00:44.082 UTC [4933] LOG:  duration: 3092.856 ms  execute <unnamed>: SELECT o.id, o.total, c.name
	FROM orders o
	JOIN customers c ON c.id = o.customer_id
	WHERE o.status = $1
	ORDER BY o.created_at DESC
2026-10-03 20:00:44.082 UTC [4933] DETAIL:  parameters: $1 = 'PENDING'
2026-10-03 20:00:44.230 UTC [5215] LOG:  duration: 612.212 ms  statement: SELECT count(*) FROM orders WHERE created_at > now() - interval '1 day'
2026-10-03 20:00:46.630 UTC [5064] LOG:  duration: 265.65 ms  statement: SELECT count(*) FROM orders WHERE created_at > now() - interval '1 day'
2026-10-03 20:00:46.782 UTC [5035] LOG:  connection received: host=10.0.3.5 port=52882
2026-10-03 20:00:46.782 UTC [5035] LOG:  connection authorized: user=shop database=shop
2026-10-03 20:00:46.999 UTC [5041] LOG:  duration: 256.574 ms  statement: SELECT count(*) FROM orders WHERE created_at > now() - interval '1 day'
2026-10-03 20:02:06.999 UTC [5275] LOG:  duration: 624.15 ms  statement: SELECT count(*) FROM orders WHERE created_at > now() - interval '1 day'
2026-10-03 20:02:08.625 UTC [5104] LOG:  duration: 456.154 ms  statement: SELECT count(*) FROM orders WHERE created_at > now() - interval '1 day'
2026-10-03 20:02:09.297 UTC [5304] LOG:  duration: 72.342 ms  statement: SELECT count(*) FROM orders WHERE created_at > now() - interval '1 day'
2026-10-03 20:02:09.696 UTC [5082] LOG:  duration: 31.279 ms  statement: SELECT count(*) FROM orders WHERE created_at > now() - interval '1 day'
2026-10-03 20:02:11.185 UTC [5358] LOG:  duration: 793.508 ms  statement: SELECT count(*) FROM orders WHERE created_at > now() - interval '1 day'
2026-10-03 20:02:11.382 UTC [4992] LOG:  duration: 1958.844 ms  execute <unnamed>: SELECT o.id, o.total, c.name
	FROM orders o
	JOIN customers c ON c.id = o.customer_id
	WHERE o.status = $1
	ORDER BY o.created_at DESC
2026-10-03 20:02:11.382 UTC [4992] DETAIL:  parameters: $1 = 'PENDING'
2026-10-03 20:02:12.961 UTC [5010] LOG:  duration: 1178.98 ms  execute <unnamed>: SELECT o.id, o.total, c.name
	FROM orders o
	JOIN customers c ON c.id = o.customer_id
	WHERE o.status = $1
	ORDER BY o.created_at DESC
2026-10-03 20:02:12.961 UTC [5010] DETAIL:  parameters: $1 = 'PENDING'
2026-10-03 20:02:13.416 UTC [5125] LOG:  duration: 1324.864 ms  execute <unnamed>: SELECT o.id, o.total, c.name
	FROM orders o
	JOIN customers c ON c.id = o.customer_id
	WHERE o.status = $1
	ORDER BY o.created_at DESC
2026-10-03 20:02:13.416 UTC [5125] DETAIL:  parameters: $1 = 'PENDING'
2026-10-03 20:02:13.855 UTC [5094] LOG:  connection received: host=10.0.3.5 port=53003
2026-10-03 20:02:13.855 UTC [5094] LOG:  connection authorized: user=shop database=shop
2026-10-03 20:02:14.507 UTC [5332] LOG:  duration: 747.190 ms  statement: SELECT count(*) FROM orders WHERE created_at > now() - interval '1 day'
2026-10-03 20:02:14.525 UTC [27] LOG:  checkpoint starting: time
2026-10-03 20:02:14.525 UTC [27] LOG:  checkpoint complete: wrote 127 buffers (0.2%); 0 WAL file(s) added, 0 removed, 0 recycled; write=6.6 s, sync=0.008 s, total=6.1 s
2026-10-03 20:02:15.113 UTC [5322] LOG:  duration: 333.329 ms  statement: SELECT count(*) FROM orders WHERE created_at > now() - interval '1 day'
2026-10-03 20:02:15.280 UTC [5375] LOG:  connection received: host=10.0.3.5 port=57633
2026-10-03 20:02:15.280 UTC [5375] LOG:  connection authorized: user=shop database=shop
2026-10-03 20:02:15.393 UTC [5246] LOG:  duration: 394.336 ms  statement: SELECT count(*) FROM orders WHERE created_at > now() - interval '1 day'
2026-10-03 20:02:15.641 UTC [5139] LOG:  duration: 651.407 ms  statement: SELECT count(*) FROM orders WHERE created_at > now() - interval '1 day'
2026-10-03 20:02:15.999 UTC [5102] LOG:  duration: 226.864 ms  statement: SELECT count(*) FROM orders WHERE created_at > now() - interval '1 day'
2026-10-03 20:02:16.376 UTC [5314] LOG:  duration: 570.397 ms  statement: SELECT count(*) FROM orders WHERE created_at > now() - interval '1 day'
2026-10-03 20:02:16.999 UTC [5091] LOG:  duration: 377.291 ms  statement: SELECT count(*) FROM orders WHERE created_at > now() - interval '1 day'
2026-10-03 20:02:17.133 UTC [5132] LOG:  duration: 77.155 ms  statement: SELECT count(*) FROM orders WHERE created_at > now() - interval '1 day'
2026-10-03 20:02:17.365 UTC [5027] LOG:  duration: 105.221 ms  statement: SELECT count(*) FROM orders WHERE created_at > now() - interval '1 day'
2026-10-03 20:02:18.734 UTC [5133] LOG:  duration: 841.531 ms  statement: SELECT count(*) FROM orders WHERE created_at > now() - interval '1 day'
2026-10-03 20:02:19.312 UTC [5374] LOG:  connection received: host=10.0.3.5 port=56378
2026-10-03 20:02:19.312 UTC [5374] LOG:  connection authorized: user=shop database=shop
2026-10-03 20:02:19.999 UTC [5166] LOG:  duration: 70.513 ms  statement: SELECT count(*) FROM orders WHERE created_at > now() - interval '1 day'
2026-10-03 20:02:20.266 UTC [5115] LOG:  duration: 698.63 ms  statement: SELECT count(*) FROM orders WHERE created_at > now() - interval '1 day'
2026-10-03 20:02:20.939 UTC [5015] ERROR:  duplicate key value violates unique constraint "orders_pkey"
2026-10-03 20:02:20.939 UTC [5015] DETAIL:  Key (id)=(10857) already exists.
2026-10-03 20:02:20.939 UTC [5015] STATEMENT:  INSERT INTO orders (id, customer_id, total) VALUES ($1, $2, $3)
2026-10-03 20:02:21.040 UTC [4970] LOG:  connection received: host=10.0.3.5 port=54315
2026-10-03 20:02:21.040 UTC [4970] LOG:  connection authorized: user=shop database=shop
2026-10-03 20:02:21.416 UTC [5164] LOG:  duration: 281.705 ms  statement: SELECT count(*) FROM orders WHERE created_at > now() - interval '1 day'
2026-10-03 20:02:21.979 UTC [5265] LOG:  duration: 829.318 ms  statement: SELECT count(*) FROM orders WHERE created_at > now() - interval '1 day'
2026-10-03 20:02:21.999 UTC [5381] LOG:  duration: 651.824 ms  statement: SELECT count(*) FROM orders WHERE created_at > now() - interval '1 day'
2026-10-03 20:02:22.668 UTC [5352] LOG:  duration: 409.163 ms  statement: SELECT count(*) FROM orders WHERE created_at > now() - interval '1 day'
2026-10-03 20:02:22.999 UTC [5189] LOG:  connection received: host=10.0.3.5 port=50188
2026-10-03 20:02:22.999 UTC [5189] LOG:  connection authorized: user=shop database=shop
2026-10-03 20:02:23.951 UTC [4952] ERROR:  duplicate key value violates unique constraint "orders_pkey"
2026-10-03 20:02:23.951 UTC [4952] DETAIL:  Key (id)=(10616) already exists.
2026-10-03 20:02:23.951 UTC [4952] STATEMENT:  INSERT INTO orders (id, customer_id, total) VALUES ($1, $2, $3)
2026-10-03 20:02:25.999 UTC [5000] LOG:  duration: 41.432 ms  statement: SELECT count(*) FROM orders WHERE created_at > now() - interval '1 day'
2026-10-03 20:02:25.999 UTC [5260] LOG:  duration: 587.89 ms  statement: SELECT count(*) FROM orders WHERE created_at > now() - interval '1 day'
2026-10-03 20:02:26.356 UTC [5396] LOG:  duration: 559.404 ms  statement: SELECT count(*) FROM orders WHERE created_at > now() - interval '1 day'
2026-10-03 20:02:26.820 UTC [4932] LOG:  duration: 581.17 ms  statement: SELECT count(*) FROM orders WHERE created_at > now() - interval '1 day'
2026-10-03 20:02:27.504 UTC [5228] LOG:  duration: 169.687 ms  statement: SELECT count(*) FROM orders WHERE created_at > now() - interval '1 day'
2026-10-03 20:02:27.751 UTC [4923] LOG:  connection received: host=10.0.3.5 port=53757
2026-10-03 20:02:27.751 UTC [4923] LOG:  connection authorized: user=shop database=shop
2026-10-03 20:02:27.963 UTC [5202] LOG:  connection received: host=10.0.3.5 port=55169
2026-10-03 20:02:27.963 UTC [5202] LOG:  connection authorized: user=shop database=shop
2026-10-03 20:02:28.089 UTC [5097] LOG:  duration: 1085.267 ms  execute <unnamed>: SELECT o.id, o.total, c.name
	FROM orders o
	JOIN customers c ON c.id = o.customer_id
	WHERE o.status = $1
	ORDER BY o.created_at DESC
2026-10-03 20:02:28.089 UTC [5097] DETAIL:  parameters: $1 = 'PENDING'
2026-10-03 20:02:28.292 UTC [5056] FATAL:  remaining connection slots are reserved for non-replication superuser connections
2026-10-03 20:02:28.702 UTC [5202] LOG:  duration: 732.884 ms  statement: SELECT count(*) FROM orders WHERE created_at > now() - interval '1 day'
2026-10-03 20:02:28.889 UTC [5287] LOG:  duration: 280.26 ms  statement: SELECT count(*) FROM orders WHERE created_at > now() - interval '1 day'
2026-10-03 20:02:29.106 UTC [5057] LOG:  duration: 843.324 ms  statement: SELECT count(*) FROM orders WHERE created_at > now() - interval '1 day'
2026-10-03 20:02:29.206 UTC [5299] LOG:  duration: 412.486 ms  statement: SELECT count(*) FROM orders WHERE created_at > now() - interval '1 day'
2026-10-03 20:02:29.468 UTC [27] LOG:  checkpoint starting: time
2026-10-03 20:02:29.468 UTC [27] LOG:  checkpoint complete: wrote 178 buffers (0.6%); 0 WAL file(s) added, 0 removed, 0 recycled; write=6.3 s, sync=0.003 s, total=6.5 s
2026-10-03 20:02:29.999 UTC [4997] LOG:  duration: 2533.3 ms  execute <unnamed>: SELECT o.id, o.total, c.name
	FROM orders o
	JOIN customers c ON c.id = o.customer_id
	WHERE o.status = $1
	ORDER BY o.created_at DESC
2026-10-03 20:02:29.999 UTC [4997] DETAIL:  parameters: $1 = 'PENDING'
2026-10-03 20:02:29.999 UTC [5102] ERROR:  duplicate key value violates unique constraint "orders_pkey"
2026-10-03 20:02:29.999 UTC [5102] DETAIL:  Key (id)=(10195) already exists.
2026-10-03 20:02:29.999 UTC [5102] STATEMENT:  INSERT INTO orders (id, customer_id, total) VALUES ($1, $2, $3)
2026-10-03 20:02:30.337 UTC [5357] ERROR:  duplicate key value violates unique constraint "orders_pkey"
2026-10-03 20:02:30.337 UTC [5357] DETAIL:  Key (id)=(10518) already exists.
2026-10-03 20:02:30.337 UTC [5357] STATEMENT:  INSERT INTO orders (id, customer_id, total) VALUES ($1, $2, $3)
2026-10-03 20:02:30.566 UTC [27] LOG:  checkpoint starting: time
2026-10-03 20:02:30.566 UTC [27] LOG:  checkpoint complete: wrote 157 buffers (0.6%); 0 WAL file(s) added, 0 removed, 0 recycled; write=6.4 s, sync=0.008 s, total=6.0 s
2026-10-03 20:02:31.208 UTC [5026] LOG:  connection received: host=10.0.3.5 port=56740
2026-10-03 20:02:31.208 UTC [5026] LOG:  connection authorized: user=shop database=shop
2026-10-03 20:02:31.465 UTC [5250] LOG:  duration: 854.108 ms  statement: SELECT count(*) FROM orders WHERE created_at > now() - interval '1 day'
2026-10-03 20:02:31.615 UTC [5074] LOG:  duration: 752.428 ms  statement: SELECT count(*) FROM orders WHERE created_at > now() - interval '1 day'
2026-10-03 20:02:31.999 UTC [4971] LOG:  duration: 2718.312 ms  execute <unnamed>: SELECT o.id, o.total, c.name
	FROM orders o
	JOIN customers c ON c.id = o.customer_id
	WHERE o.status = $1
	ORDER BY o.created_at DESC
2026-10-03 20:02:31.999 UTC [4971] DETAIL:  parameters: $1 = 'PENDING'
2026-10-03 20:02:32.588 UTC [5388] LOG:  duration: 88.133 ms  statement: SELECT count(*) FROM orders WHERE created_at > now() - interval '1 day'
2026-10-03 20:02:32.887 UTC [5346] LOG:  duration: 388.520 ms  statement: SELECT count(*) FROM orders WHERE created_at > now() - interval '1 day'
2026-10-03 20:02:32.999 UTC [5346] FATAL:  remaining connection slots are reserved for non-replication superuser connections
2026-10-03 20:02:33.456 UTC [4965] FATAL:  remaining connection slots are reserved for non-replication superuser connections
2026-10-03 20:02:33.804 UTC [5224] LOG:  duration: 135.269 ms  statement: SELECT count(*) FROM orders WHERE created_at > now() - interval '1 day'
2026-10-03 20:02:34.330 UTC [4942] LOG:  duration: 577.322 ms  statement: SELECT count(*) FROM orders WHERE created_at > now() - interval '1 day'
2026-10-03 20:02:34.489 UTC [5187] FATAL:  remaining connection slots are reserved for non-replication superuser connections
2026-10-03 20:02:35.702 UTC [5201] LOG:  duration: 514.362 ms  statement: SELECT count(*) FROM orders WHERE created_at > now() - interval '1 day'
2026-10-03 20:02:35.834 UTC [5107] LOG:  duration: 454.29 ms  statement: SELECT count(*) FROM orders WHERE created_at > now() - interval '1 day'
2026-10-03 20:02:35.999 UTC [5393] LOG:  duration: 338.442 ms  statement: SELECT count(*) FROM orders WHERE created_at > now() - interval '1 day'
2026-10-03 20:02:36.256 UTC [5279] LOG:  duration: 94.128 ms  statement: SELECT count(*) FROM orders WHERE created_at > now() - interval '1 day'
2026-10-03 20:02:36.418 UTC [5148] LOG:  duration: 855.51 ms  statement: SELECT count(*) FROM orders WHERE created_at > now() - interval '1 day'
2026-10-03 20:02:37.373 UTC [4990] LOG:  connection received: host=10.0.3.5 port=56024
2026-10-03 20:02:37.373 UTC [4990] LOG:  connection authorized: user=shop database=shop
2026-10-03 20:02:37.686 UTC [5153] LOG:  duration: 617.164 ms  statement: SELECT count(*) FROM orders WHERE created_at > now() - interval '1 day'
2026-10-03 20:02:38.999 UTC [5044] LOG:  connection received: host=10.0.3.5 port=51561
2026-10-03 20:02:38.999 UTC [5044] LOG:  connection authorized: user=shop database=shop
2026-10-03 20:02:39.508 UTC [5373] LOG:  duration: 386.235 ms  statement: SELECT count(*) FROM orders WHERE created_at > now() - interval '1 day'
2026-10-03 20:02:39.740 UTC [5224] ERROR:  duplicate key value violates unique constraint "orders_pkey"
2026-10-03 20:02:39.740 UTC [5224] DETAIL:  Key (id)=(10754) already exists.
2026-10-03 20:02:39.740 UTC [5224] STATEMENT:  INSERT INTO orders (id, customer_id, total) VALUES ($1, $2, $3)
2026-10-03 20:02:39.999 UTC [5273] ERROR:  duplicate key value violates unique constraint "orders_pkey"
2026-10-03 20:02:39.999 UTC [5273] DETAIL:  Key (id)=(10119) already exists.
2026-10-03 20:02:39.999 UTC [5273] STATEMENT:  INSERT INTO orders (id, customer_id, total) VALUES ($1, $2, $3)
2026-10-03 20:02:40.999 UTC [5152] LOG:  duration: 625.178 ms  statement: SELECT count(*) FROM orders WHERE created_at > now() - interval '1 day'
2026-10-03 20:02:41.289 UTC [5066] LOG:  duration: 313.125 ms  statement: SELECT count(*) FROM orders WHERE created_at > now() - interval '1 day'
2026-10-03 20:02:42.637 UTC [5303] LOG:  duration: 301.103 ms  statement: SELECT count(*) FROM orders WHERE created_at > now() - interval '1 day'
2026-10-03 20:02:42.911 UTC [4977] FATAL:  remaining connection slots are reserved for non-replication superuser connections
2026-10-03 20:02:43.549 UTC [5023] ERROR:  duplicate key value violates unique constraint "orders_pkey"
2026-10-03 20:02:43.549 UTC [5023] DETAIL:  Key (id)=(10791) already exists.
2026-10-03 20:02:43.549 UTC [5023] STATEMENT:  INSERT INTO orders (id, customer_id, total) VALUES ($1, $2, $3)
2026-10-03 20:02:44.937 UTC [5360] LOG:  duration: 629.715 ms  statement: SELECT count(*) FROM orders WHERE created_at > now() - interval '1 day'
2026-10-03 20:02:45.186 UTC [5315] LOG:  connection received: host=10.0.3.5 port=51451
2026-10-03 20:02:45.186 UTC [5315] LOG:  connection authorized: user=shop database=shop
2026-10-03 20:02:45.746 UTC [5214] LOG:  duration: 421.313 ms  statement: SELECT count(*) FROM orders WHERE created_at > now() - interval '1 day'
2026-10-03 20:02:45.898 UTC [5012] LOG:  connection received: host=10.0.3.5 port=56352
2026-10-03 20:02:45.898 UTC [5012] LOG:  connection authorized: user=shop database=shop
2026-10-03 20:02:46.616 UTC [5273] LOG:  duration: 2254.707 ms  execute <unnamed>: SELECT o.id, o.total, c.name
	FROM orders o
	JOIN customers c ON c.id = o.customer_id
	WHERE o.status = $1
	ORDER BY o.created_at DESC
2026-10-03 20:02:46.616 UTC [5273] DETAIL:  parameters: $1 = 'PENDING'
2026-10-03 20:02:48.031 UTC [5268] LOG:  duration: 22.719 ms  statement: SELECT count(*) FROM orders WHERE created_at > now() - interval '1 day'
2026-10-03 20:02:48.151 UTC [5362] FATAL:  remaining connection slots are reserved for non-replication superuser connections
2026-10-03 20:02:48.520 UTC [5109] LOG:  duration: 654.197 ms  statement: SELECT count(*) FROM orders WHERE created_at > now() - interval '1 day'
2026-10-03 20:02:48.745 UTC [5196] LOG:  connection received: host=10.0.3.5 port=58231
2026-10-03 20:02:48.745 UTC [5196] LOG:  connection authorized: user=shop database=shop
2026-10-03 20:02:48.999 UTC [5023] ERROR:  duplicate key value violates unique constraint "orders_pkey"
2026-10-03 20:02:48.999 UTC [5023] DETAIL:  Key (id)=(10526) already exists.
2026-10-03 20:02:48.999 UTC [5023] STATEMENT:  INSERT INTO orders (id, customer_id, total) VALUES ($1, $2, $3)
2026-10-03 20:02:48.999 UTC [5024] LOG:  connection received: host=10.0.3.5 port=50126
2026-10-03 20:02:48.999 UTC [5024] LOG:  connection authorized: user=shop database=shop
2026-10-03 20:02:49.879 UTC [5311] LOG:  duration: 616.792 ms  statement: SELECT count(*) FROM orders WHERE created_at > now() - interval '1 day'
2026-10-03 20:02:49.999 UTC [5309] FATAL:  remaining connection slots are reserved for non-replication superuser connections
2026-10-03 20:02:50.800 UTC [4973] LOG:  duration: 150.571 ms  statement: SELECT count(*) FROM orders WHERE created_at > now() - interval '1 day'
2026-10-03 20:02:50.999 UTC [5343] LOG:  duration: 3295.746 ms  execute <unnamed>: SELECT o.id, o.total, c.name
	FROM orders o
	JOIN customers c ON c.id = o.customer_id
	WHERE o.status = $1
	ORDER BY o.created_at DESC
2026-10-03 20:02:50.999 UTC [5343] DETAIL:  parameters: $1 = 'PENDING'
2026-10-03 20:02:51.567 UTC [4931] LOG:  duration: 1997.498 ms  execute <unnamed>: SELECT o.id, o.total, c.name
	FROM orders o
	JOIN customers c ON c.id = o.customer_id
	WHERE o.status = $1
	ORDER BY o.created_at DESC
2026-10-03 20:02:51.567 UTC [4931] DETAIL:  parameters: $1 = 'PENDING'
2026-10-03 20:02:51.621 UTC [5325] LOG:  duration: 865.314 ms  statement: SELECT count(*) FROM orders WHERE created_at > now() - interval '1 day'
2026-10-03 20:02:52.806 UTC [5338] LOG:  duration: 883.755 ms  statement: SELECT count(*) FROM orders WHERE created_at > now() - interval '1 day'
2026-10-03 20:02:52.832 UTC [4947] LOG:  duration: 392.319 ms  statement: SELECT count(*) FROM orders WHERE created_at > now() - interval '1 day'
2026-10-03 20:02:52.999 UTC [5025] LOG:  duration: 227.508 ms  statement: SELECT count(*) FROM orders WHERE created_at > now() - interval '1 day'
2026-10-03 20:02:53.279 UTC [4988] LOG:  duration: 500.294 ms  statement: SELECT count(*) FROM orders WHERE created_at > now() - interval '1 day'
2026-10-03 20:02:53.846 UTC [5280] LOG:  duration: 22.280 ms  statement: SELECT count(*) FROM orders WHERE created_at > now() - interval '1 day'
2026-10-03 20:02:53.999 UTC [5077] LOG:  duration: 833.870 ms  statement: SELECT count(*) FROM orders WHERE created_at > now() - interval '1 day'
2026-10-03 20:02:54.100 UTC [5215] LOG:  connection received: host=10.0.3.5 port=50602
2026-10-03 20:02:54.100 UTC [5215] LOG:  connection authorized: user=shop database=shop
2026-10-03 20:02:54.259 UTC [4907] LOG:  duration: 193.834 ms  statement: SELECT count(*) FROM orders WHERE created_at > now() - interval '1 day'
2026-10-03 20:02:54.791 UTC [5338] LOG:  connection received: host=10.0.3.5 port=51511
2026-10-03 20:02:54.791 UTC [5338] LOG:  connection authorized: user=shop database=shop
2026-10-03 20:02:54.999 UTC [5380] LOG:  duration: 828.267 ms  statement: SELECT count(*) FROM orders WHERE created_at > now() - interval '1 day'
2026-10-03 20:02:55.134 UTC [4982] LOG:  duration: 2995.39 ms  execute <unnamed>: SELECT o.id, o.total, c.name
	FROM orders o
	JOIN customers c ON c.id = o.customer_id
	WHERE o.status = $1
	ORDER BY o.created_at DESC
2026-10-03 20:02:55.134 UTC [4982] DETAIL:  parameters: $1 = 'PENDING'
2026-10-03 20:02:55.154 UTC [4944] LOG:  connection received: host=10.0.3.5 port=52644
2026-10-03 20:02:55.154 UTC [4944] LOG:  connection authorized: user=shop database=shop
2026-10-03 20:02:55.999 UTC [5074] LOG:  duration: 487.274 ms  statement: SELECT count(*) FROM orders WHERE created_at > now() - interval '1 day'
2026-10-03 20:02:56.999 UTC [5342] FATAL:  remaining connection slots are reserved for non-replication superuser connections
2026-10-03 20:02:57.345 UTC [5327] LOG:  duration: 254.388 ms  statement: SELECT count(*) FROM orders WHERE created_at > now() - interval '1 day'
2026-10-03 20:02:58.334 UTC [5355] LOG:  duration: 756.780 ms  statement: SELECT count(*) FROM orders WHERE created_at > now() - interval '1 day'
2026-10-03 20:02:58.642 UTC [5290] LOG:  duration: 2900.270 ms  execute <unnamed>: SELECT o.id, o.total, c.name
	FROM orders o
	JOIN customers c ON c.id = o.customer_id
	WHERE o.status = $1
	ORDER BY o.created_at DESC
2026-10-03 20:02:58.642 UTC [5290] DETAIL:  parameters: $1 = 'PENDING'
2026-10-03 20:02:59.444 UTC [4934] LOG:  duration: 2567.150 ms  execute <unnamed>: SELECT o.id, o.total, c.name
	FROM orders o
	JOIN customers c ON c.id = o.customer_id
	WHERE o.status = $1
	ORDER BY o.created_at DESC
2026-10-03 20:02:59.444 UTC [4934] DETAIL:  parameters: $1 = 'PENDING'
2026-10-03 20:02:59.664 UTC [5095] LOG:  duration: 207.573 ms  statement: SELECT count(*) FROM orders WHERE created_at > now() - interval '1 day'
2026-10-03 20:02:59.999 UTC [5153] LOG:  duration: 472.239 ms  statement: SELECT count(*) FROM orders WHERE created_at > now() - interval '1 day'
2026-10-03 20:03:00.463 UTC [5004] FATAL:  remaining connection slots are reserved for non-replication superuser connections
2026-10-03 20:03:00.671 UTC [5036] LOG:  duration: 867.389 ms  statement: SELECT count(*) FROM orders WHERE created_at > now() - interval '1 day'
2026-10-03 20:03:00.999 UTC [5308] LOG:  duration: 415.81 ms  statement: SELECT count(*) FROM orders WHERE created_at > now() - interval '1 day'
2026-10-03 20:03:00.999 UTC [5168] LOG:  duration: 1131.714 ms  execute <unnamed>: SELECT o.id, o.total, c.name
	FROM orders o
	JOIN customers c ON c.id = o.customer_id
	WHERE o.status = $1
	ORDER BY o.created_at DESC
2026-10-03 20:03:00.999 UTC [5168] DETAIL:  parameters: $1 = 'PENDING'
2026-10-03 20:03:00.999 UTC [5273] LOG:  connection received: host=10.0.3.5 port=51518
2026-10-03 20:03:00.999 UTC [5273] LOG:  connection authorized: user=shop database=shop
2026-10-03 20:03:01.241 UTC [5300] LOG:  duration: 298.340 ms  statement: SELECT count(*) FROM orders WHERE created_at > now() - interval '1 day'
2026-10-03 20:03:01.684 UTC [5117] LOG:  duration: 64.653 ms  statement: SELECT count(*) FROM orders WHERE created_at > now() - interval '1 day'
2026-10-03 20:03:01.884 UTC [5045] LOG:  duration: 885.287 ms  statement: SELECT count(*) FROM orders WHERE created_at > now() - interval '1 day'
2026-10-03 20:03:01.999 UTC [5153] LOG:  duration: 547.46 ms  statement: SELECT count(*) FROM orders WHERE created_at > now() - interval '1 day'
2026-10-03 20:03:02.562 UTC [5302] LOG:  duration: 100.161 ms  statement: SELECT count(*) FROM orders WHERE created_at > now() - interval '1 day'
2026-10-03 20:03:02.841 UTC [5163] LOG:  connection received: host=10.0.3.5 port=55631
2026-10-03 20:03:02.841 UTC [5163] LOG:  connection authorized: user=shop database=shop
2026-10-03 20:03:03.144 UTC [5318] LOG:  duration: 90.448 ms  statement: SELECT count(*) FROM orders WHERE created_at > now() - interval '1 day'
2026-10-03 20:03:03.473 UTC [5208] LOG:  connection received: host=10.0.3.5 port=58071
2026-10-03 20:03:03.473 UTC [5208] LOG:  connection authorized: user=shop database=shop
2026-10-03 20:03:03.619 UTC [5165] LOG:  connection received: host=10.0.3.5 port=53382
2026-10-03 20:03:03.619 UTC [5165] LOG:  connection authorized: user=shop database=shop
2026-10-03 20:03:03.778 UTC [4990] LOG:  duration: 822.444 ms  statement: SELECT count(*) FROM orders WHERE created_at > now() - interval '1 day'
2026-10-03 20:03:03.999 UTC [5187] LOG:  duration: 412.491 ms  statement: SELECT count(*) FROM orders WHERE created_at > now() - interval '1 day'
2026-10-03 20:03:03.999 UTC [4960] LOG:  duration: 891.833 ms  statement: SELECT count(*) FROM orders WHERE created_at > now() - interval '1 day'
2026-10-03 20:03:05.356 UTC [4935] LOG:  duration: 558.822 ms  statement: SELECT count(*) FROM orders WHERE created_at > now() - interval '1 day'
2026-10-03 20:03:05.999 UTC [4977] LOG:  duration: 871.172 ms  statement: SELECT count(*) FROM orders WHERE created_at > now() - interval '1 day'
2026-10-03 20:03:06.350 UTC [5016] FATAL:  remaining connection slots are reserved for non-replication superuser connections
2026-10-03 20:03:06.999 UTC [4973] LOG:  connection received: host=10.0.3.5 port=54200
2026-10-03 20:03:06.999 UTC [4973] LOG:  connection authorized: user=shop database=shop
2026-10-03 20:03:07.144 UTC [5128] LOG:  connection received: host=10.0.3.5 port=57604
2026-10-03 20:03:07.144 UTC [5128] LOG:  connection authorized: user=shop database=shop
2026-10-03 20:03:07.562 UTC [5236] LOG:  duration: 526.606 ms  statement: SELECT count(*) FROM orders WHERE created_at > now() - interval '1 day'
2026-10-03 20:03:07.889 UTC [4975] LOG:  duration: 304.738 ms  statement: SELECT count(*) FROM orders WHERE created_at > now() - interval '1 day'
2026-10-03 20:03:07.999 UTC [27] LOG:  checkpoint starting: time
2026-10-03 20:03:07.999 UTC [27] LOG:  checkpoint complete: wrote 94 buffers (0.2%); 0 WAL file(s) added, 0 removed, 0 recycled; write=6.0 s, sync=0.006 s, total=6.7 s
2026-10-03 20:03:08.204 UTC [4991] LOG:  duration: 571.594 ms  statement: SELECT count(*) FROM orders WHERE created_at > now() - interval '1 day'
2026-10-03 20:03:08.368 UTC [5070] LOG:  connection received: host=10.0.3.5 port=53478
2026-10-03 20:03:08.368 UTC [5070] LOG:  connection authorized: user=shop database=shop
2026-10-03 20:03:08.977 UTC [4915] LOG:  connection received: host=10.0.3.5 port=51257
2026-10-03 20:03:08.977 UTC [4915] LOG:  connection authorized: user=shop database=shop
2026-10-03 20:03:08.999 UTC [5352] ERROR:  duplicate key value violates unique constraint "orders_pkey"
2026-10-03 20:03:08.999 UTC [5352] DETAIL:  Key (id)=(10250) already exists.
2026-10-03 20:03:08.999 UTC [5352] STATEMENT:  INSERT INTO orders (id, customer_id, total) VALUES ($1, $2, $3)
2026-10-03 20:03:09.724 UTC [5177] LOG:  duration: 581.618 ms  statement: SELECT count(*) FROM orders WHERE created_at > now() - interval '1 day'
2026-10-03 20:03:10.798 UTC [4933] LOG:  connection received: host=10.0.3.5 port=56440
2026-10-03 20:03:10.798 UTC [4933] LOG:  connection authorized: user=shop database=shop
2026-10-03 20:03:10.999 UTC [5234] LOG:  duration: 68.11 ms  statement: SELECT count(*) FROM orders WHERE created_at > now() - interval '1 day'
2026-10-03 20:03:11.556 UTC [4998] LOG:  connection received: host=10.0.3.5 port=58588
2026-10-03 20:03:11.556 UTC [4998] LOG:  connection authorized: user=shop database=shop
2026-10-03 20:03:12.313 UTC [5274] LOG:  duration: 301.757 ms  statement: SELECT count(*) FROM orders WHERE created_at > now() - interval '1 day'
2026-10-03 20:03:12.357 UTC [5060] FATAL:  remaining connection slots are reserved for non-replication superuser connections
2026-10-03 20:03:12.741 UTC [5124] LOG:  duration: 552.241 ms  statement: SELECT count(*) FROM orders WHERE created_at > now() - interval '1 day'
2026-10-03 20:03:12.999 UTC [4992] LOG:  duration: 336.494 ms  statement: SELECT count(*) FROM orders WHERE created_at > now() - interval '1 day'
2026-10-03 20:03:13.933 UTC [5361] LOG:  connection received: host=10.0.3.5 port=55221
2026-10-03 20:03:13.933 UTC [5361] LOG:  connection authorized: user=shop database=shop
2026-10-03 20:03:13.999 UTC [5092] LOG:  duration: 126.78 ms  statement: SELECT count(*) FROM orders WHERE created_at > now() - interval '1 day'
2026-10-03 20:03:14.403 UTC [5002] LOG:  duration: 770.762 ms  statement: SELECT count(*) FROM orders WHERE created_at > now() - interval '1 day'
2026-10-03 20:03:14.540 UTC [5262] LOG:  duration: 408.634 ms  statement: SELECT count(*) FROM orders WHERE created_at > now() - interval '1 day'
2026-10-03 20:03:14.999 UTC [5010] LOG:  connection received: host=10.0.3.5 port=54261
2026-10-03 20:03:14.999 UTC [5010] LOG:  connection authorized: user=shop database=shop
2026-10-03 20:03:15.313 UTC [5261] LOG:  duration: 480.380 ms  statement: SELECT count(*) FROM orders WHERE created_at > now() - interval '1 day'
2026-10-03 20:03:15.742 UTC [4909] LOG:  connection received: host=10.0.3.5 port=52556
2026-10-03 20:03:15.742 UTC [4909] LOG:  connection authorized: user=shop database=shop
2026-10-03 20:03:15.999 UTC [5380] LOG:  connection received: host=10.0.3.5 port=54491
2026-10-03 20:03:15.999 UTC [5380] LOG:  connection authorized: user=shop database=shop
2026-10-03 20:03:15.999 UTC [5020] LOG:  duration: 786.762 ms  statement: SELECT count(*) FROM orders WHERE created_at > now() - interval '1 day'
2026-10-03 20:03:16.342 UTC [5052] LOG:  connection received: host=10.0.3.5 port=58416
2026-10-03 20:03:16.342 UTC [5052] LOG:  connection authorized: user=shop database=shop
2026-10-03 20:03:16.394 UTC [5399] LOG:  duration: 306.301 ms  statement: SELECT count(*) FROM orders WHERE created_at > now() - interval '1 day'
2026-10-03 20:03:16.853 UTC [5014] ERROR:  duplicate key value violates unique constraint "orders_pkey"
2026-10-03 20:03:16.853 UTC [5014] DETAIL:  Key (id)=(10170) already exists.
2026-10-03 20:03:16.853 UTC [5014] STATEMENT:  INSERT INTO orders (id, customer_id, total) VALUES ($1, $2, $3)
2026-10-03 20:03:17.687 UTC [5077] LOG:  duration: 321.238 ms  statement: SELECT count(*) FROM orders WHERE created_at > now() - interval '1 day'
2026-10-03 20:03:17.999 UTC [4936] LOG:  connection received: host=10.0.3.5 port=50717
2026-10-03 20:03:17.999 UTC [4936] LOG:  connection authorized: user=shop database=shop
2026-10-03 20:03:17.999 UTC [5387] LOG:  duration: 523.26 ms  statement: SELECT count(*) FROM orders WHERE created_at > now() - interval '1 day'
2026-10-03 20:03:19.165 UTC [5254] ERROR:  duplicate key value violates unique constraint "orders_pkey"
2026-10-03 20:03:19.165 UTC [5254] DETAIL:  Key (id)=(10208) already exists.
2026-10-03 20:03:19.165 UTC [5254] STATEMENT:  INSERT INTO orders (id, customer_id, total) VALUES ($1, $2, $3)
2026-10-03 20:03:19.233 UTC [5068] LOG:  duration: 2764.884 ms  execute <unnamed>: SELECT o.id, o.total, c.name
	FROM orders o
	JOIN customers c ON c.id = o.customer_id
	WHERE o.status = $1
	ORDER BY o.created_at DESC
2026-10-03 20:03:19.233 UTC [5068] DETAIL:  parameters: $1 = 'PENDING'
2026-10-03 20:03:19.277 UTC [5011] LOG:  duration: 1829.710 ms  execute <unnamed>: SELECT o.id, o.total, c.name
	FROM orders o
	JOIN customers c ON c.id = o.customer_id
	WHERE o.status = $1
	ORDER BY o.created_at DESC
2026-10-03 20:03:19.277 UTC [5011] DETAIL:  parameters: $1 = 'PENDING'
2026-10-03 20:03:19.680 UTC [5245] LOG:  connection received: host=10.0.3.5 port=57070
2026-10-03 20:03:19.680 UTC [5245] LOG:  connection authorized: user=shop database=shop
2026-10-03 20:03:19.999 UTC [5193] LOG:  duration: 218.289 ms  statement: SELECT count(*) FROM orders WHERE created_at > now() - interval '1 day'
2026-10-03 20:03:19.999 UTC [5373] LOG:  duration: 443.719 ms  statement: SELECT count(*) FROM orders WHERE created_at > now() - interval '1 day'
2026-10-03 20:03:20.967 UTC [5102] LOG:  duration: 601.612 ms  statement: SELECT count(*) FROM orders WHERE created_at > now() - interval '1 day'
2026-10-03 20:03:20.999 UTC [4937] ERROR:  duplicate key value violates unique constraint "orders_pkey"
2026-10-03 20:03:20.999 UTC [4937] DETAIL:  Key (id)=(10254) already exists.
2026-10-03 20:03:20.999 UTC [4937] STATEMENT:  INSERT INTO orders (id, customer_id, total) VALUES ($1, $2, $3)
2026-10-03 20:03:20.999 UTC [5195] LOG:  duration: 3242.727 ms  execute <unnamed>: SELECT o.id, o.total, c.name
	FROM orders o
	JOIN customers c ON c.id = o.customer_id
	WHERE o.status = $1
	ORDER BY o.created_at DESC
2026-10-03 20:03:20.999 UTC [5195] DETAIL:  parameters: $1 = 'PENDING'
2026-10-03 20:03:21.853 UTC [5132] LOG:  duration: 621.454 ms  statement: SELECT count(*) FROM orders WHERE created_at > now() - interval '1 day'
2026-10-03 20:03:21.999 UTC [4912] ERROR:  duplicate key value violates unique constraint "orders_pkey"
2026-10-03 20:03:21.999 UTC [4912] DETAIL:  Key (id)=(10177) already exists.
2026-10-03 20:03:21.999 UTC [4912] STATEMENT:  INSERT INTO orders (id, customer_id, total) VALUES ($1, $2, $3)
2026-10-03 20:03:22.774 UTC [5194] LOG:  duration: 352.306 ms  statement: SELECT count(*) FROM orders WHERE created_at > now() - interval '1 day'
2026-10-03 20:03:23.768 UTC [5239] LOG:  duration: 1652.736 ms  execute <unnamed>: SELECT o.id, o.total, c.name
	FROM orders o
	JOIN customers c ON c.id = o.customer_id
	WHERE o.status = $1
	ORDER BY o.created_at DESC
2026-10-03 20:03:23.768 UTC [5239] DETAIL:  parameters: $1 = 'PENDING'
2026-10-03 20:03:23.999 UTC [5397] LOG:  duration: 2872.468 ms  execute <unnamed>: SELECT o.id, o.total, c.name
	FROM orders o
	JOIN customers c ON c.id = o.customer_id
	WHERE o.status = $1
	ORDER BY o.created_at DESC
2026-10-03 20:03:23.999 UTC [5397] DETAIL:  parameters: $1 = 'PENDING'
2026-10-03 20:03:24.803 UTC [5053] LOG:  duration: 641.170 ms  statement: SELECT count(*) FROM orders WHERE created_at > now() - interval '1 day'
2026-10-03 20:03:24.999 UTC [5238] LOG:  duration: 384.183 ms  statement: SELECT count(*) FROM orders WHERE created_at > now() - interval '1 day'
2026-10-03 20:03:25.691 UTC [4967] FATAL:  remaining connection slots are reserved for non-replication superuser connections
2026-10-03 20:03:26.999 UTC [27] LOG:  checkpoint starting: time
2026-10-03 20:03:26.999 UTC [27] LOG:  checkpoint complete: wrote 79 buffers (0.6%); 0 WAL file(s) added, 0 removed, 0 recycled; write=6.7 s, sync=0.008 s, total=6.0 s
2026-10-03 20:03:27.309 UTC [5142] LOG:  connection received: host=10.0.3.5 port=58913
2026-10-03 20:03:27.309 UTC [5142] LOG:  connection authorized: user=shop database=shop
2026-10-03 20:03:27.586 UTC [5394] FATAL:  remaining connection slots are reserved for non-replication superuser connections
2026-10-03 20:03:27.999 UTC [5257] LOG:  duration: 2204.115 ms  execute <unnamed>: SELECT o.id, o.total, c.name
	FROM orders o
	JOIN customers c ON c.id = o.customer_id
	WHERE o.status = $1
	ORDER BY o.created_at DESC
2026-10-03 20:03:27.999 UTC [5257] DETAIL:  parameters: $1 = 'PENDING'
2026-10-03 20:03:28.590 UTC [5036] LOG:  connection received: host=10.0.3.5 port=54090
2026-10-03 20:03:28.590 UTC [5036] LOG:  connection authorized: user=shop database=shop
2026-10-03 20:03:28.701 UTC [5241] LOG:  duration: 219.692 ms  statement: SELECT count(*) FROM orders WHERE created_at > now() - interval '1 day'
2026-10-03 20:03:28.999 UTC [5080] LOG:  duration: 745.42 ms  statement: SELECT count(*) FROM orders WHERE created_at > now() - interval '1 day'
2026-10-03 20:03:29.545 UTC [4936] LOG:  duration: 110.838 ms  statement: SELECT count(*) FROM orders WHERE created_at > now() - interval '1 day'
2026-10-03 20:03:29.999 UTC [5228] LOG:  duration: 357.830 ms  statement: SELECT count(*) FROM orders WHERE created_at > now() - interval '1 day'
2026-10-03 20:03:29.999 UTC [5395] LOG:  duration: 245.40 ms  statement: SELECT count(*) FROM orders WHERE created_at > now() - interval '1 day'
2026-10-03 20:03:30.191 UTC [4913] LOG:  duration: 513.878 ms  statement: SELECT count(*) FROM orders WHERE created_at > now() - interval '1 day'
2026-10-03 20:03:30.999 UTC [4950] LOG:  duration: 789.201 ms  statement: SELECT count(*) FROM orders WHERE created_at > now() - interval '1 day'
2026-10-03 20:03:30.999 UTC [5087] LOG:  duration: 538.234 ms  statement: SELECT count(*) FROM orders WHERE created_at > now() - interval '1 day'
2026-10-03 20:03:31.869 UTC [5063] LOG:  connection received: host=10.0.3.5 port=57731
2026-10-03 20:03:31.869 UTC [5063] LOG:  connection authorized: user=shop database=shop
2026-10-03 20:03:31.961 UTC [4908] LOG:  duration: 609.399 ms  statement: SELECT count(*) FROM orders WHERE created_at > now() - interval '1 day'
2026-10-03 20:03:32.628 UTC [5039] LOG:  duration: 875.659 ms  statement: SELECT count(*) FROM orders WHERE created_at > now() - interval '1 day'
2026-10-03 20:03:32.668 UTC [5226] LOG:  duration: 389.726 ms  statement: SELECT count(*) FROM orders WHERE created_at > now() - interval '1 day'
2026-10-03 20:03:32.999 UTC [5239] FATAL:  remaining connection slots are reserved for non-replication superuser connections
2026-10-03 20:03:33.999 UTC [5330] LOG:  duration: 726.58 ms  statement: SELECT count(*) FROM orders WHERE created_at > now() - interval '1 day'
2026-10-03 20:03:34.287 UTC [27] LOG:  checkpoint starting: time
2026-10-03 20:03:34.287 UTC [27] LOG:  checkpoint complete: wrote 53 buffers (0.2%); 0 WAL file(s) added, 0 removed, 0 recycled; write=6.5 s, sync=0.008 s, total=6.5 s
2026-10-03 20:03:34.321 UTC [5149] LOG:  duration: 319.594 ms  statement: SELECT count(*) FROM orders WHERE created_at > now() - interval '1 day'
2026-10-03 20:03:34.366 UTC [5157] LOG:  duration: 2112.258 ms  execute <unnamed>: SELECT o.id, o.total, c.name
	FROM orders o
	JOIN customers c ON c.id = o.customer_id
	WHERE o.status = $1
	ORDER BY o.created_at DESC
2026-10-03 20:03:34.366 UTC [5157] DETAIL:  parameters: $1 = 'PENDING'
2026-10-03 20:03:34.492 UTC [5085] LOG:  duration: 539.708 ms  statement: SELECT count(*) FROM orders WHERE created_at > now() - interval '1 day'
2026-10-03 20:03:34.653 UTC [27] LOG:  checkpoint starting: time
2026-10-03 20:03:34.653 UTC [27] LOG:  checkpoint complete: wrote 117 buffers (0.6%); 0 WAL file(s) added, 0 removed, 0 recycled; write=6.8 s, sync=0.005 s, total=6.1 s
2026-10-03 20:03:34.766 UTC [5314] LOG:  connection received: host=10.0.3.5 port=55151
2026-10-03 20:03:34.766 UTC [5314] LOG:  connection authorized: user=shop database=shop
2026-10-03 20:03:34.897 UTC [5169] ERROR:  duplicate key value violates unique constraint "orders_pkey"
2026-10-03 20:03:34.897 UTC [5169] DETAIL:  Key (id)=(10875) already exists.
2026-10-03 20:03:34.897 UTC [5169] STATEMENT:  INSERT INTO orders (id, customer_id, total) VALUES ($1, $2, $3)
2026-10-03 20:03:35.600 UTC [4991] ERROR:  duplicate key value violates unique constraint "orders_pkey"
2026-10-03 20:03:35.600 UTC [4991] DETAIL:  Key (id)=(10126) already exists.
2026-10-03 20:03:35.600 UTC [4991] STATEMENT:  INSERT INTO orders (id, customer_id, total) VALUES ($1, $2, $3)
2026-10-03 20:03:35.619 UTC [5244] LOG:  duration: 222.457 ms  statement: SELECT count(*) FROM orders WHERE created_at > now() - interval '1 day'
2026-10-03 20:03:35.999 UTC [4976] LOG:  duration: 517.50 ms  statement: SELECT count(*) FROM orders WHERE created_at > now() - interval '1 day'
2026-10-03 20:03:36.345 UTC [5279] LOG:  duration: 141.863 ms  statement: SELECT count(*) FROM orders WHERE created_at > now() - interval '1 day'
2026-10-03 20:03:36.381 UTC [5163] LOG:  duration: 718.71 ms  statement: SELECT count(*) FROM orders WHERE created_at > now() - interval '1 day'
2026-10-03 20:03:36.721 UTC [4935] LOG:  duration: 36.310 ms  statement: SELECT count(*) FROM orders WHERE created_at > now() - interval '1 day'
2026-10-03 20:03:36.999 UTC [5025] LOG:  connection received: host=10.0.3.5 port=57145
2026-10-03 20:03:36.999 UTC [5025] LOG:  connection authorized: user=shop database=shop
2026-10-03 20:03:37.999 UTC [4967] LOG:  duration: 3.371 ms  statement: SELECT count(*) FROM orders WHERE created_at > now() - interval '1 day'
2026-10-03 20:03:38.964 UTC [5388] FATAL:  remaining connection slots are reserved for non-replication superuser connections
2026-10-03 20:03:39.924 UTC [5305] ERROR:  duplicate key value violates unique constraint "orders_pkey"
2026-10-03 20:03:39.924 UTC [5305] DETAIL:  Key (id)=(10567) already exists.
2026-10-03 20:03:39.924 UTC [5305] STATEMENT:  INSERT INTO orders (id, customer_id, total) VALUES ($1, $2, $3)
2026-10-03 20:03:39.999 UTC [4996] LOG:  duration: 572.562 ms  statement: SELECT count(*) FROM orders WHERE created_at > now() - interval '1 day'
2026-10-03 20:03:40.041 UTC [5130] LOG:  connection received: host=10.0.3.5 port=53454
2026-10-03 20:03:40.041 UTC [5130] LOG:  connection authorized: user=shop database=shop
2026-10-03 20:03:40.189 UTC [5168] LOG:  connection received: host=10.0.3.5 port=50215
2026-10-03 20:03:40.189 UTC [5168] LOG:  connection authorized: user=shop database=shop
2026-10-03 20:03:40.408 UTC [5304] LOG:  duration: 138.460 ms  statement: SELECT count(*) FROM orders WHERE created_at > now() - interval '1 day'
2026-10-03 20:03:40.999 UTC [5048] LOG:  duration: 364.195 ms  statement: SELECT count(*) FROM orders WHERE created_at > now() - interval '1 day'
2026-10-03 20:03:42.463 UTC [5110] LOG:  duration: 753.695 ms  statement: SELECT count(*) FROM orders WHERE created_at > now() - interval '1 day'
2026-10-03 20:03:42.783 UTC [5282] LOG:  duration: 58.66 ms  statement: SELECT count(*) FROM orders WHERE created_at > now() - interval '1 day'
2026-10-03 20:03:42.855 UTC [5078] LOG:  duration: 104.406 ms  statement: SELECT count(*) FROM orders WHERE created_at > now() - interval '1 day'
2026-10-03 20:03:43.178 UTC [4950] ERROR:  duplicate key value violates unique constraint "orders_pkey"
2026-10-03 20:03:43.178 UTC [4950] DETAIL:  Key (id)=(10064) already exists.
2026-10-03 20:03:43.178 UTC [4950] STATEMENT:  INSERT INTO orders (id, customer_id, total) VALUES ($1, $2, $3)
2026-10-03 20:03:43.564 UTC [5333] LOG:  duration: 828.453 ms  statement: SELECT count(*) FROM orders WHERE created_at > now() - interval '1 day'
2026-10-03 20:03:43.895 UTC [5332] LOG:  duration: 3427.449 ms  execute <unnamed>: SELECT o.id, o.total, c.name
	FROM orders o
	JOIN customers c ON c.id = o.customer_id
	WHERE o.status = $1
	ORDER BY o.created_at DESC
2026-10-03 20:03:43.895 UTC [5332] DETAIL:  parameters: $1 = 'PENDING'
2026-10-03 20:03:43.999 UTC [5350] LOG:  duration: 682.639 ms  statement: SELECT count(*) FROM orders WHERE created_at > now() - interval '1 day'
2026-10-03 20:03:44.255 UTC [4978] ERROR:  duplicate key value violates unique constraint "orders_pkey"
2026-10-03 20:03:44.255 UTC [4978] DETAIL:  Key (id)=(10828) already exists.
2026-10-03 20:03:44.255 UTC [4978] STATEMENT:  INSERT INTO orders (id, customer_id, total) VALUES ($1, $2, $3)
2026-10-03 20:03:44.718 UTC [5116] LOG:  duration: 1825.502 ms  execute <unnamed>: SELECT o.id, o.total, c.name
	FROM orders o
	JOIN customers c ON c.id = o.customer_id
	WHERE o.status = $1
	ORDER BY o.created_at DESC
2026-10-03 20:03:44.718 UTC [5116] DETAIL:  parameters: $1 = 'PENDING'
2026-10-03 20:03:44.999 UTC [4986] LOG:  duration: 730.33 ms  statement: SELECT count(*) FROM orders WHERE created_at > now() - interval '1 day'
2026-10-03 20:03:45.012 UTC [5187] LOG:  duration: 1802.877 ms  execute <unnamed>: SELECT o.id, o.total, c.name
	FROM orders o
	JOIN customers c ON c.id = o.customer_id
	WHERE o.status = $1
	ORDER BY o.created_at DESC
2026-10-03 20:03:45.012 UTC [5187] DETAIL:  parameters: $1 = 'PENDING'
2026-10-03 20:03:45.655 UTC [5340] LOG:  duration: 813.853 ms  statement: SELECT count(*) FROM orders WHERE created_at > now() - interval '1 day'
2026-10-03 20:03:45.925 UTC [5068] LOG:  duration: 752.671 ms  statement: SELECT count(*) FROM orders WHERE created_at > now() - interval '1 day'
2026-10-03 20:03:46.146 UTC [5380] LOG:  duration: 889.287 ms  statement: SELECT count(*) FROM orders WHERE created_at > now() - interval '1 day'
2026-10-03 20:03:46.298 UTC [5106] LOG:  connection received: host=10.0.3.5 port=53399
2026-10-03 20:03:46.298 UTC [5106] LOG:  connection authorized: user=shop database=shop
2026-10-03 20:03:46.465 UTC [5090] ERROR:  duplicate key value violates unique constraint "orders_pkey"
2026-10-03 20:03:46.465 UTC [5090] DETAIL:  Key (id)=(10173) already exists.
2026-10-03 20:03:46.465 UTC [5090] STATEMENT:  INSERT INTO orders (id, customer_id, total) VALUES ($1, $2, $3)
2026-10-03 20:03:46.616 UTC [5069] LOG:  duration: 1411.47 ms  execute <unnamed>: SELECT o.id, o.total, c.name
	FROM orders o
	JOIN customers c ON c.id = o.customer_id
	WHERE o.status = $1
	ORDER BY o.created_at DESC
2026-10-03 20:03:46.616 UTC [5069] DETAIL:  parameters: $1 = 'PENDING'
2026-10-03 20:03:46.999 UTC [5365] LOG:  duration: 2586.85 ms  execute <unnamed>: SELECT o.id, o.total, c.name
	FROM orders o
	JOIN customers c ON c.id = o.customer_id
	WHERE o.status = $1
	ORDER BY o.created_at DESC
2026-10-03 20:03:46.999 UTC [5365] DETAIL:  parameters: $1 = 'PENDING'
2026-10-03 20:03:47.074 UTC [5222] LOG:  duration: 586.774 ms  statement: SELECT count(*) FROM orders WHERE created_at > now() - interval '1 day'
2026-10-03 20:03:47.343 UTC [4969] LOG:  duration: 215.437 ms  statement: SELECT count(*) FROM orders WHERE created_at > now() - interval '1 day'
2026-10-03 20:03:47.999 UTC [5276] LOG:  duration: 1294.418 ms  execute <unnamed>: SELECT o.id, o.total, c.name
	FROM orders o
	JOIN customers c ON c.id = o.customer_id
	WHERE o.status = $1
	ORDER BY o.created_at DESC
2026-10-03 20:03:47.999 UTC [5276] DETAIL:  parameters: $1 = 'PENDING'
2026-10-03 20:03:48.563 UTC [4931] LOG:  duration: 3277.485 ms  execute <unnamed>: SELECT o.id, o.total, c.name
	FROM orders o
	JOIN customers c ON c.id = o.customer_id
	WHERE o.status = $1
	ORDER BY o.created_at DESC
2026-10-03 20:03:48.563 UTC [4931] DETAIL:  parameters: $1 = 'PENDING'
2026-10-03 20:03:48.654 UTC [4953] LOG:  duration: 3002.113 ms  execute <unnamed>: SELECT o.id, o.total, c.name
	FROM orders o
	JOIN customers c ON c.id = o.customer_id
	WHERE o.status = $1
	ORDER BY o.created_at DESC
2026-10-03 20:03:48.654 UTC [4953] DETAIL:  parameters: $1 = 'PENDING'
2026-10-03 20:03:49.288 UTC [4935] LOG:  connection received: host=10.0.3.5 port=51773
2026-10-03 20:03:49.288 UTC [4935] LOG:  connection authorized: user=shop database=shop
2026-10-03 20:03:49.307 UTC [5015] LOG:  duration: 210.155 ms  statement: SELECT count(*) FROM orders WHERE created_at > now() - interval '1 day'
2026-10-03 20:03:49.999 UTC [5116] LOG:  duration: 768.28 ms  statement: SELECT count(*) FROM orders WHERE created_at > now() - interval '1 day'
2026-10-03 20:03:49.999 UTC [4957] ERROR:  duplicate key value violates unique constraint "orders_pkey"
2026-10-03 20:03:49.999 UTC [4957] DETAIL:  Key (id)=(10230) already exists.
2026-10-03 20:03:49.999 UTC [4957] STATEMENT:  INSERT INTO orders (id, customer_id, total) VALUES ($1, $2, $3)
2026-10-03 20:03:50.486 UTC [5213] LOG:  duration: 556.468 ms  statement: SELECT count(*) FROM orders WHERE created_at > now() - interval '1 day'
2026-10-03 20:03:50.497 UTC [5188] LOG:  duration: 675.191 ms  statement: SELECT count(*) FROM orders WHERE created_at > now() - interval '1 day'
2026-10-03 20:03:50.999 UTC [5150] FATAL:  remaining connection slots are reserved for non-replication superuser connections
2026-10-03 20:03:51.177 UTC [5023] LOG:  connection received: host=10.0.3.5 port=57934
2026-10-03 20:03:51.177 UTC [5023] LOG:  connection authorized: user=shop database=shop
2026-10-03 20:03:51.387 UTC [5097] LOG:  duration: 886.424 ms  statement: SELECT count(*) FROM orders WHERE created_at > now() - interval '1 day'
2026-10-03 20:03:51.585 UTC [5138] LOG:  connection received: host=10.0.3.5 port=53837
2026-10-03 20:03:51.585 UTC [5138] LOG:  connection authorized: user=shop database=shop
2026-10-03 20:03:51.660 UTC [5397] LOG:  duration: 82.446 ms  statement: SELECT count(*) FROM orders WHERE created_at > now() - interval '1 day'
2026-10-03 20:03:51.999 UTC [27] LOG:  checkpoint starting: time
2026-10-03 20:03:51.999 UTC [27] LOG:  checkpoint complete: wrote 91 buffers (0.5%); 0 WAL file(s) added, 0 removed, 0 recycled; write=6.3 s, sync=0.006 s, total=6.4 s
2026-10-03 20:03:52.980 UTC [5381] LOG:  duration: 2826.695 ms  execute <unnamed>: SELECT o.id, o.total, c.name
	FROM orders o
	JOIN customers c ON c.id = o.customer_id
	WHERE o.status = $1
	ORDER BY o.created_at DESC
2026-10-03 20:03:52.980 UTC [5381] DETAIL:  parameters: $1 = 'PENDING'
2026-10-03 20:03:53.168 UTC [4945] LOG:  duration: 73.830 ms  statement: SELECT count(*) FROM orders WHERE created_at > now() - interval '1 day'
2026-10-03 20:03:53.258 UTC [5270] LOG:  duration: 828.841 ms  statement: SELECT count(*) FROM orders WHERE created_at > now() - interval '1 day'
2026-10-03 20:03:54.621 UTC [5101] LOG:  duration: 411.69 ms  statement: SELECT count(*) FROM orders WHERE created_at > now() - interval '1 day'
2026-10-03 20:03:54.811 UTC [5390] LOG:  duration: 2244.222 ms  execute <unnamed>: SELECT o.id, o.total, c.name
	FROM orders o
	JOIN customers c ON c.id = o.customer_id
	WHERE o.status = $1
	ORDER BY o.created_at DESC
2026-10-03 20:03:54.811 UTC [5390] DETAIL:  parameters: $1 = 'PENDING'
2026-10-03 20:03:54.900 UTC [27] LOG:  checkpoint starting: time
2026-10-03 20:03:54.900 UTC [27] LOG:  checkpoint complete: wrote 139 buffers (0.1%); 0 WAL file(s) added, 0 removed, 0 recycled; write=6.5 s, sync=0.001 s, total=6.6 s
2026-10-03 20:03:55.999 UTC [5012] LOG:  connection received: host=10.0.3.5 port=51459
2026-10-03 20:03:55.999 UTC [5012] LOG:  connection authorized: user=shop database=shop
2026-10-03 20:03:56.999 UTC [5020] LOG:  connection received: host=10.0.3.5 port=53571
2026-10-03 20:03:56.999 UTC [5020] LOG:  connection authorized: user=shop database=shop
2026-10-03 20:03:57.396 UTC [5120] LOG:  duration: 437.348 ms  statement: SELECT count(*) FROM orders WHERE created_at > now() - interval '1 day'
2026-10-03 20:03:58.588 UTC [5285] FATAL:  remaining connection slots are reserved for non-replication superuser connections
2026-10-03 20:03:58.999 UTC [5294] ERROR:  duplicate key value violates unique constraint "orders_pkey"
2026-10-03 20:03:58.999 UTC [5294] DETAIL:  Key (id)=(10491) already exists.
2026-10-03 20:03:58.999 UTC [5294] STATEMENT:  INSERT INTO orders (id, customer_id, total) VALUES ($1, $2, $3)
2026-10-03 20:03:59.569 UTC [5246] LOG:  duration: 200.182 ms  statement: SELECT count(*) FROM orders WHERE created_at > now() - interval '1 day'
2026-10-03 20:03:59.883 UTC [5023] LOG:  duration: 426.431 ms  statement: SELECT count(*) FROM orders WHERE created_at > now() - interval '1 day'
2026-10-03 20:03:59.999 UTC [5085] ERROR:  duplicate key value violates unique constraint "orders_pkey"
2026-10-03 20:03:59.999 UTC [5085] DETAIL:  Key (id)=(10125) already exists.
2026-10-03 20:03:59.999 UTC [5085] STATEMENT:  INSERT INTO orders (id, customer_id, total) VALUES ($1, $2, $3)
2026-10-03 20:03:59.999 UTC [5290] LOG:  duration: 101.463 ms  statement: SELECT count(*) FROM orders WHERE created_at > now() - interval '1 day'
2026-10-03 20:04:01.679 UTC [5375] LOG:  connection received: host=10.0.3.5 port=51996
2026-10-03 20:04:01.679 UTC [5375] LOG:  connection authorized: user=shop database=shop
2026-10-03 20:04:01.893 UTC [5363] LOG:  duration: 348.32 ms  statement: SELECT count(*) FROM orders WHERE created_at > now() - interval '1 day'
2026-10-03 20:04:01.999 UTC [5128] LOG:  connection received: host=10.0.3.5 port=57325
2026-10-03 20:04:01.999 UTC [5128] LOG:  connection authorized: user=shop database=shop
2026-10-03 20:04:01.999 UTC [5180] LOG:  duration: 2552.132 ms  execute <unnamed>: SELECT o.id, o.total, c.name
	FROM orders o
	JOIN customers c ON c.id = o.customer_id
	WHERE o.status = $1
	ORDER BY o.created_at DESC
2026-10-03 20:04:01.999 UTC [5180] DETAIL:  parameters: $1 = 'PENDING'
2026-10-03 20:04:02.717 UTC [5319] LOG:  duration: 616.11 ms  statement: SELECT count(*) FROM orders WHERE created_at > now() - interval '1 day'
2026-10-03 20:04:02.999 UTC [5251] LOG:  connection received: host=10.0.3.5 port=52822
2026-10-03 20:04:02.999 UTC [5251] LOG:  connection authorized: user=shop database=shop
2026-10-03 20:04:02.999 UTC [4927] LOG:  connection received: host=10.0.3.5 port=50041
2026-10-03 20:04:02.999 UTC [4927] LOG:  connection authorized: user=shop database=shop
2026-10-03 20:04:03.056 UTC [27] LOG:  checkpoint starting: time
2026-10-03 20:04:03.056 UTC [27] LOG:  checkpoint complete: wrote 51 buffers (0.1%); 0 WAL file(s) added, 0 removed, 0 recycled; write=6.2 s, sync=0.008 s, total=6.0 s
2026-10-03 20:04:04.301 UTC [5307] LOG:  connection received: host=10.0.3.5 port=57358
2026-10-03 20:04:04.301 UTC [5307] LOG:  connection authorized: user=shop database=shop
2026-10-03 20:04:04.376 UTC [4910] LOG:  duration: 684.599 ms  statement: SELECT count(*) FROM orders WHERE created_at > now() - interval '1 day'
2026-10-03 20:04:04.999 UTC [4917] LOG:  duration: 331.890 ms  statement: SELECT count(*) FROM orders WHERE created_at > now() - interval '1 day'
2026-10-03 20:20:27.734 UTC [4908] LOG:  duration: 465.803 ms  statement: SELECT count(*) FROM orders WHERE created_at > now() - interval '1 day'
2026-10-03 20:20:28.089 UTC [5261] LOG:  duration: 738.790 ms  statement: SELECT count(*) FROM orders WHERE created_at > now() - interval '1 day'
2026-10-03 20:20:28.230 UTC [4949] LOG:  duration: 680.9 ms  statement: SELECT count(*) FROM orders WHERE created_at > now() - interval '1 day'
2026-10-03 20:20:28.343 UTC [4970] LOG:  duration: 530.92 ms  statement: SELECT count(*) FROM orders WHERE created_at > now() - interval '1 day'
2026-10-03 20:20:28.405 UTC [4933] LOG:  duration: 2946.280 ms  execute <unnamed>: SELECT o.id, o.total, c.name
	FROM orders o
	JOIN customers c ON c.id = o.customer_id
	WHERE o.status = $1
	ORDER BY o.created_at DESC
2026-10-03 20:20:28.405 UTC [4933] DETAIL:  parameters: $1 = 'PENDING'
2026-10-03 20:20:28.622 UTC [4995] LOG:  connection received: host=10.0.3.5 port=58804
2026-10-03 20:20:28.622 UTC [4995] LOG:  connection authorized: user=shop database=shop
2026-10-03 20:20:28.790 UTC [4969] ERROR:  duplicate key value violates unique constraint "orders_pkey"
2026-10-03 20:20:28.790 UTC [4969] DETAIL:  Key (id)=(10588) already exists.
2026-10-03 20:20:28.790 UTC [4969] STATEMENT:  INSERT INTO orders (id, customer_id, total) VALUES ($1, $2, $3)
2026-10-03 20:20:28.923 UTC [4913] ERROR:  duplicate key value violates unique constraint "orders_pkey"
2026-10-03 20:20:28.923 UTC [4913] DETAIL:  Key (id)=(10028) already exists.
2026-10-03 20:20:28.923 UTC [4913] STATEMENT:  INSERT INTO orders (id, customer_id, total) VALUES ($1, $2, $3)
2026-10-03 20:20:28.999 UTC [5186] ERROR:  duplicate key value violates unique constraint "orders_pkey"
2026-10-03 20:20:28.999 UTC [5186] DETAIL:  Key (id)=(10830) already exists.
2026-10-03 20:20:28.999 UTC [5186] STATEMENT:  INSERT INTO orders (id, customer_id, total) VALUES ($1, $2, $3)
2026-10-03 20:20:29.139 UTC [5196] LOG:  duration: 65.92 ms  statement: SELECT count(*) FROM orders WHERE created_at > now() - interval '1 day'
2026-10-03 20:20:30.016 UTC [5184] LOG:  duration: 2309.26 ms  execute <unnamed>: SELECT o.id, o.total, c.name
	FROM orders o
	JOIN customers c ON c.id = o.customer_id
	WHERE o.status = $1
	ORDER BY o.created_at DESC
2026-10-03 20:20:30.016 UTC [5184] DETAIL:  parameters: $1 = 'PENDING'
2026-10-03 20:20:30.319 UTC [4917] LOG:  duration: 2616.841 ms  execute <unnamed>: SELECT o.id, o.total, c.name
	FROM orders o
	JOIN customers c ON c.id = o.customer_id
	WHERE o.status = $1
	ORDER BY o.created_at DESC
2026-10-03 20:20:30.319 UTC [4917] DETAIL:  parameters: $1 = 'PENDING'
2026-10-03 20:20:30.660 UTC [4937] ERROR:  duplicate key value violates unique constraint "orders_pkey"
2026-10-03 20:20:30.660 UTC [4937] DETAIL:  Key (id)=(10457) already exists.
2026-10-03 20:20:30.660 UTC [4937] STATEMENT:  INSERT INTO orders (id, customer_id, total) VALUES ($1, $2, $3)
2026-10-03 20:20:30.764 UTC [4903] LOG:  connection received: host=10.0.3.5 port=50351
2026-10-03 20:20:30.764 UTC [4903] LOG:  connection authorized: user=shop database=shop
2026-10-03 20:20:30.849 UTC [5035] LOG:  duration: 1633.508 ms  execute <unnamed>: SELECT o.id, o.total, c.name
	FROM orders o
	JOIN customers c ON c.id = o.customer_id
	WHERE o.status = $1
	ORDER BY o.created_at DESC
2026-10-03 20:20:30.849 UTC [5035] DETAIL:  parameters: $1 = 'PENDING'
2026-10-03 20:20:30.999 UTC [5040] LOG:  duration: 573.808 ms  statement: SELECT count(*) FROM orders WHERE created_at > now() - interval '1 day'
2026-10-03 20:20:30.999 UTC [5171] LOG:  connection received: host=10.0.3.5 port=50002
2026-10-03 20:20:30.999 UTC [5171] LOG:  connection authorized: user=shop database=shop
2026-10-03 20:20:31.510 UTC [4918] LOG:  duration: 3455.68 ms  execute <unnamed>: SELECT o.id, o.total, c.name
	FROM orders o
	JOIN customers c ON c.id = o.customer_id
	WHERE o.status = $1
	ORDER BY o.created_at DESC
2026-10-03 20:20:31.510 UTC [4918] DETAIL:  parameters: $1 = 'PENDING'
2026-10-03 20:20:32.732 UTC [5252] LOG:  duration: 728.685 ms  statement: SELECT count(*) FROM orders WHERE created_at > now() - interval '1 day'
2026-10-03 20:20:33.124 UTC [4903] LOG:  connection received: host=10.0.3.5 port=57538
2026-10-03 20:20:33.124 UTC [4903] LOG:  connection authorized: user=shop database=shop
2026-10-03 20:20:33.197 UTC [27] LOG:  checkpoint starting: time
2026-10-03 20:20:33.197 UTC [27] LOG:  checkpoint complete: wrote 71 buffers (0.8%); 0 WAL file(s) added, 0 removed, 0 recycled; write=6.8 s, sync=0.001 s, total=6.1 s
2026-10-03 20:20:33.833 UTC [5336] LOG:  duration: 403.119 ms  statement: SELECT count(*) FROM orders WHERE created_at > now() - interval '1 day'
2026-10-03 20:20:33.905 UTC [5339] LOG:  duration: 302.762 ms  statement: SELECT count(*) FROM orders WHERE created_at > now() - interval '1 day'
2026-10-03 20:20:33.951 UTC [5255] LOG:  duration: 2390.275 ms  execute <unnamed>: SELECT o.id, o.total, c.name
	FROM orders o
	JOIN customers c ON c.id = o.customer_id
	WHERE o.status = $1
	ORDER BY o.created_at DESC
2026-10-03 20:20:33.951 UTC [5255] DETAIL:  parameters: $1 = 'PENDING'
2026-10-03 20:20:34.616 UTC [5017] LOG:  duration: 656.762 ms  statement: SELECT count(*) FROM orders WHERE created_at > now() - interval '1 day'
2026-10-03 20:20:34.999 UTC [5183] LOG:  duration: 611.876 ms  statement: SELECT count(*) FROM orders WHERE created_at > now() - interval '1 day'
2026-10-03 20:20:35.022 UTC [5356] LOG:  connection received: host=10.0.3.5 port=50781
2026-10-03 20:20:35.022 UTC [5356] LOG:  connection authorized: user=shop database=shop
2026-10-03 20:20:35.673 UTC [5374] LOG:  duration: 578.795 ms  statement: SELECT count(*) FROM orders WHERE created_at > now() - interval '1 day'
2026-10-03 20:20:35.999 UTC [5010] LOG:  duration: 351.417 ms  statement: SELECT count(*) FROM orders WHERE created_at > now() - interval '1 day'
2026-10-03 20:20:36.151 UTC [5088] LOG:  connection received: host=10.0.3.5 port=53264
2026-10-03 20:20:36.151 UTC [5088] LOG:  connection authorized: user=shop database=shop
2026-10-03 20:20:36.170 UTC [5113] ERROR:  duplicate key value violates unique constraint "orders_pkey"
2026-10-03 20:20:36.170 UTC [5113] DETAIL:  Key (id)=(10325) already exists.
2026-10-03 20:20:36.170 UTC [5113] STATEMENT:  INSERT INTO orders (id, customer_id, total) VALUES ($1, $2, $3)
2026-10-03 20:20:36.548 UTC [5376] LOG:  duration: 192.815 ms  statement: SELECT count(*) FROM orders WHERE created_at > now() - interval '1 day'
2026-10-03 20:20:36.711 UTC [5109] ERROR:  duplicate key value violates unique constraint "orders_pkey"
2026-10-03 20:20:36.711 UTC [5109] DETAIL:  Key (id)=(10327) already exists.
2026-10-03 20:20:36.711 UTC [5109] STATEMENT:  INSERT INTO orders (id, customer_id, total) VALUES ($1, $2, $3)
2026-10-03 20:20:36.999 UTC [4959] FATAL:  remaining connection slots are reserved for non-replication superuser connections
2026-10-03 20:20:38.272 UTC [5144] LOG:  duration: 149.199 ms  statement: SELECT count(*) FROM orders WHERE created_at > now() - interval '1 day'
2026-10-03 20:20:39.846 UTC [5050] LOG:  duration: 329.37 ms  statement: SELECT count(*) FROM orders WHERE created_at > now() - interval '1 day'
2026-10-03 20:20:40.116 UTC [5324] LOG:  duration: 577.461 ms  statement: SELECT count(*) FROM orders WHERE created_at > now() - interval '1 day'
2026-10-03 20:20:40.602 UTC [4937] LOG:  duration: 850.668 ms  statement: SELECT count(*) FROM orders WHERE created_at > now() - interval '1 day'
2026-10-03 20:20:40.747 UTC [5223] FATAL:  remaining connection slots are reserved for non-replication superuser connections
2026-10-03 20:20:40.999 UTC [5105] LOG:  duration: 3147.885 ms  execute <unnamed>: SELECT o.id, o.total, c.name
	FROM orders o
	JOIN customers c ON c.id = o.customer_id
	WHERE o.status = $1
	ORDER BY o.created_at DESC
2026-10-03 20:20:40.999 UTC [5105] DETAIL:  parameters: $1 = 'PENDING'
2026-10-03 20:20:42.096 UTC [4968] LOG:  connection received: host=10.0.3.5 port=53787
2026-10-03 20:20:42.096 UTC [4968] LOG:  connection authorized: user=shop database=shop
2026-10-03 20:20:42.498 UTC [5225] LOG:  duration: 634.740 ms  statement: SELECT count(*) FROM orders WHERE created_at > now() - interval '1 day'
2026-10-03 20:20:43.097 UTC [5277] FATAL:  remaining connection slots are reserved for non-replication superuser connections
2026-10-03 20:20:43.586 UTC [4902] LOG:  duration: 724.521 ms  statement: SELECT count(*) FROM orders WHERE created_at > now() - interval '1 day'
2026-10-03 20:20:43.777 UTC [5292] LOG:  duration: 171.227 ms  statement: SELECT count(*) FROM orders WHERE created_at > now() - interval '1 day'
2026-10-03 20:20:43.999 UTC [5342] LOG:  connection received: host=10.0.3.5 port=53698
2026-10-03 20:20:43.999 UTC [5342] LOG:  connection authorized: user=shop database=shop
2026-10-03 20:20:44.101 UTC [5161] LOG:  duration: 159.311 ms  statement: SELECT count(*) FROM orders WHERE created_at > now() - interval '1 day'
2026-10-03 20:20:44.161 UTC [4920] LOG:  connection received: host=10.0.3.5 port=54277
2026-10-03 20:20:44.161 UTC [4920] LOG:  connection authorized: user=shop database=shop
2026-10-03 20:20:44.375 UTC [5004] LOG:  duration: 179.213 ms  statement: SELECT count(*) FROM orders WHERE created_at > now() - interval '1 day'
2026-10-03 20:20:44.428 UTC [5350] LOG:  duration: 2057.187 ms  execute <unnamed>: SELECT o.id, o.total, c.name
	FROM orders o
	JOIN customers c ON c.id = o.customer_id
	WHERE o.status = $1
	ORDER BY o.created_at DESC
2026-10-03 20:20:44.428 UTC [5350] DETAIL:  parameters: $1 = 'PENDING'
2026-10-03 20:20:44.937 UTC [5084] ERROR:  duplicate key value violates unique constraint "orders_pkey"
2026-10-03 20:20:44.937 UTC [5084] DETAIL:  Key (id)=(10044) already exists.
2026-10-03 20:20:44.937 UTC [5084] STATEMENT:  INSERT INTO orders (id, customer_id, total) VALUES ($1, $2, $3)
2026-10-03 20:20:44.999 UTC [5061] LOG:  duration: 167.14 ms  statement: SELECT count(*) FROM orders WHERE created_at > now() - interval '1 day'
2026-10-03 20:20:45.367 UTC [5224] LOG:  duration: 291.838 ms  statement: SELECT count(*) FROM orders WHERE created_at > now() - interval '1 day'
2026-10-03 20:20:45.690 UTC [5222] LOG:  connection received: host=10.0.3.5 port=53068
2026-10-03 20:20:45.690 UTC [5222] LOG:  connection authorized: user=shop database=shop
2026-10-03 20:20:45.966 UTC [5205] LOG:  duration: 486.344 ms  statement: SELECT count(*) FROM orders WHERE created_at > now() - interval '1 day'
2026-10-03 20:20:46.215 UTC [5380] LOG:  duration: 638.551 ms  statement: SELECT count(*) FROM orders WHERE created_at > now() - interval '1 day'
2026-10-03 20:20:46.694 UTC [4974] LOG:  duration: 726.775 ms  statement: SELECT count(*) FROM orders WHERE created_at > now() - interval '1 day'
2026-10-03 20:20:47.918 UTC [5364] LOG:  duration: 204.181 ms  statement: SELECT count(*) FROM orders WHERE created_at > now() - interval '1 day'
2026-10-03 20:20:49.368 UTC [4990] LOG:  duration: 478.8 ms  statement: SELECT count(*) FROM orders WHERE created_at > now() - interval '1 day'
2026-10-03 20:20:49.617 UTC [5018] LOG:  connection received: host=10.0.3.5 port=52663
2026-10-03 20:20:49.617 UTC [5018] LOG:  connection authorized: user=shop database=shop
2026-10-03 20:20:49.999 UTC [5075] LOG:  duration: 437.121 ms  statement: SELECT count(*) FROM orders WHERE created_at > now() - interval '1 day'
2026-10-03 20:20:49.999 UTC [5389] LOG:  duration: 250.759 ms  statement: SELECT count(*) FROM orders WHERE created_at > now() - interval '1 day'
2026-10-03 20:20:50.129 UTC [4911] ERROR:  duplicate key value violates unique constraint "orders_pkey"
2026-10-03 20:20:50.129 UTC [4911] DETAIL:  Key (id)=(10409) already exists.
2026-10-03 20:20:50.129 UTC [4911] STATEMENT:  INSERT INTO orders (id, customer_id, total) VALUES ($1, $2, $3)
2026-10-03 20:20:50.577 UTC [5341] LOG:  duration: 16.65 ms  statement: SELECT count(*) FROM orders WHERE created_at > now() - interval '1 day'
2026-10-03 20:20:50.668 UTC [4974] LOG:  duration: 271.748 ms  statement: SELECT count(*) FROM orders WHERE created_at > now() - interval '1 day'
2026-10-03 20:20:51.615 UTC [4927] LOG:  connection received: host=10.0.3.5 port=52843
2026-10-03 20:20:51.615 UTC [4927] LOG:  connection authorized: user=shop database=shop
2026-10-03 20:20:51.999 UTC [5228] LOG:  duration: 50.242 ms  statement: SELECT count(*) FROM orders WHERE created_at > now() - interval '1 day'
2026-10-03 20:20:52.079 UTC [4962] LOG:  duration: 641.355 ms  statement: SELECT count(*) FROM orders WHERE created_at > now() - interval '1 day'
2026-10-03 20:20:52.468 UTC [27] LOG:  checkpoint starting: time
2026-10-03 20:20:52.468 UTC [27] LOG:  checkpoint complete: wrote 69 buffers (0.4%); 0 WAL file(s) added, 0 removed, 0 recycled; write=6.4 s, sync=0.007 s, total=6.8 s
2026-10-03 20:20:52.563 UTC [5348] LOG:  duration: 310.563 ms  statement: SELECT count(*) FROM orders WHERE created_at > now() - interval '1 day'
2026-10-03 20:20:53.375 UTC [5201] LOG:  duration: 497.482 ms  statement: SELECT count(*) FROM orders WHERE created_at > now() - interval '1 day'
2026-10-03 20:20:53.456 UTC [5344] LOG:  duration: 721.108 ms  statement: SELECT count(*) FROM orders WHERE created_at > now() - interval '1 day'
2026-10-03 20:20:53.999 UTC [5213] LOG:  duration: 512.598 ms  statement: SELECT count(*) FROM orders WHERE created_at > now() - interval '1 day'
2026-10-03 20:20:54.133 UTC [5031] LOG:  connection received: host=10.0.3.5 port=50719
2026-10-03 20:20:54.133 UTC [5031] LOG:  connection authorized: user=shop database=shop
2026-10-03 20:20:54.196 UTC [5092] LOG:  duration: 37.350 ms  statement: SELECT count(*) FROM orders WHERE created_at > now() - interval '1 day'
2026-10-03 20:20:54.482 UTC [4973] LOG:  duration: 144.765 ms  statement: SELECT count(*) FROM orders WHERE created_at > now() - interval '1 day'
2026-10-03 20:20:54.578 UTC [27] LOG:  checkpoint starting: time
2026-10-03 20:20:54.578 UTC [27] LOG:  checkpoint complete: wrote 132 buffers (0.3%); 0 WAL file(s) added, 0 removed, 0 recycled; write=6.8 s, sync=0.003 s, total=6.7 s
2026-10-03 20:20:54.914 UTC [5183] LOG:  duration: 494.335 ms  statement: SELECT count(*) FROM orders WHERE created_at > now() - interval '1 day'
2026-10-03 20:20:54.999 UTC [4977] LOG:  connection received: host=10.0.3.5 port=54152
2026-10-03 20:20:54.999 UTC [4977] LOG:  connection authorized: user=shop database=shop
2026-10-03 20:20:55.999 UTC [5359] LOG:  duration: 1730.546 ms  execute <unnamed>: SELECT o.id, o.total, c.name
	FROM orders o
	JOIN customers c ON c.id = o.customer_id
	WHERE o.status = $1
	ORDER BY o.created_at DESC
2026-10-03 20:20:55.999 UTC [5359] DETAIL:  parameters: $1 = 'PENDING'
2026-10-03 20:20:56.331 UTC [5335] LOG:  duration: 544.69 ms  statement: SELECT count(*) FROM orders WHERE created_at > now() - interval '1 day'
2026-10-03 20:20:56.468 UTC [5041] LOG:  connection received: host=10.0.3.5 port=52226
2026-10-03 20:20:56.468 UTC [5041] LOG:  connection authorized: user=shop database=shop
2026-10-03 20:20:56.999 UTC [5230] LOG:  connection received: host=10.0.3.5 port=52719
2026-10-03 20:20:56.999 UTC [5230] LOG:  connection authorized: user=shop database=shop
2026-10-03 20:20:57.275 UTC [5278] LOG:  duration: 2678.286 ms  execute <unnamed>: SELECT o.id, o.total, c.name
	FROM orders o
	JOIN customers c ON c.id = o.customer_id
	WHERE o.status = $1
	ORDER BY o.created_at DESC
2026-10-03 20:20:57.275 UTC [5278] DETAIL:  parameters: $1 = 'PENDING'
2026-10-03 20:20:58.494 UTC [5217] LOG:  duration: 450.446 ms  statement: SELECT count(*) FROM orders WHERE created_at > now() - interval '1 day'
2026-10-03 20:20:58.624 UTC [5153] LOG:  duration: 853.727 ms  statement: SELECT count(*) FROM orders WHERE created_at > now() - interval '1 day'
2026-10-03 20:20:58.999 UTC [5375] LOG:  duration: 787.794 ms  statement: SELECT count(*) FROM orders WHERE created_at > now() - interval '1 day'
2026-10-03 20:20:59.258 UTC [4957] ERROR:  duplicate key value violates unique constraint "orders_pkey"
2026-10-03 20:20:59.258 UTC [4957] DETAIL:  Key (id)=(10551) already exists.
2026-10-03 20:20:59.258 UTC [4957] STATEMENT:  INSERT INTO orders (id, customer_id, total) VALUES ($1, $2, $3)
2026-10-03 20:20:59.999 UTC [4972] LOG:  connection received: host=10.0.3.5 port=52941
2026-10-03 20:20:59.999 UTC [4972] LOG:  connection authorized: user=shop database=shop
2026-10-03 20:21:00.999 UTC [5241] LOG:  connection received: host=10.0.3.5 port=58852
2026-10-03 20:21:00.999 UTC [5241] LOG:  connection authorized: user=shop database=shop
2026-10-03 20:21:00.999 UTC [5030] LOG:  duration: 1682.398 ms  execute <unnamed>: SELECT o.id, o.total, c.name
	FROM orders o
	JOIN customers c ON c.id = o.customer_id
	WHERE o.status = $1
	ORDER BY o.created_at DESC
2026-10-03 20:21:00.999 UTC [5030] DETAIL:  parameters: $1 = 'PENDING'
2026-10-03 20:21:01.814 UTC [5342] LOG:  duration: 1373.23 ms  execute <unnamed>: SELECT o.id, o.total, c.name
	FROM orders o
	JOIN customers c ON c.id = o.customer_id
	WHERE o.status = $1
	ORDER BY o.created_at DESC
2026-10-03 20:21:01.814 UTC [5342] DETAIL:  parameters: $1 = 'PENDING'
2026-10-03 20:21:01.924 UTC [27] LOG:  checkpoint starting: time
2026-10-03 20:21:01.924 UTC [27] LOG:  checkpoint complete: wrote 128 buffers (0.1%); 0 WAL file(s) added, 0 removed, 0 recycled; write=6.7 s, sync=0.003 s, total=6.2 s
2026-10-03 20:21:02.148 UTC [27] LOG:  checkpoint starting: time
2026-10-03 20:21:02.148 UTC [27] LOG:  checkpoint complete: wrote 161 buffers (0.2%); 0 WAL file(s) added, 0 removed, 0 recycled; write=6.5 s, sync=0.004 s, total=6.6 s
2026-10-03 20:21:02.844 UTC [4954] LOG:  duration: 318.801 ms  statement: SELECT count(*) FROM orders WHERE created_at > now() - interval '1 day'
2026-10-03 20:21:02.999 UTC [5028] LOG:  duration: 338.507 ms  statement: SELECT count(*) FROM orders WHERE created_at > now() - interval '1 day'
2026-10-03 20:21:03.556 UTC [4987] LOG:  connection received: host=10.0.3.5 port=50396
2026-10-03 20:21:03.556 UTC [4987] LOG:  connection authorized: user=shop database=shop
2026-10-03 20:21:03.999 UTC [4995] LOG:  duration: 399.784 ms  statement: SELECT count(*) FROM orders WHERE created_at > now() - interval '1 day'
2026-10-03 20:21:03.999 UTC [4959] LOG:  duration: 565.487 ms  statement: SELECT count(*) FROM orders WHERE created_at > now() - interval '1 day'
2026-10-03 20:21:04.999 UTC [5350] LOG:  duration: 242.711 ms  statement: SELECT count(*) FROM orders WHERE created_at > now() - interval '1 day'
2026-10-03 20:21:05.481 UTC [5262] LOG:  duration: 867.800 ms  statement: SELECT count(*) FROM orders WHERE created_at > now() - interval '1 day'
2026-10-03 20:21:06.220 UTC [4917] LOG:  duration: 439.688 ms  statement: SELECT count(*) FROM orders WHERE created_at > now() - interval '1 day'
2026-10-03 20:21:07.139 UTC [5017] LOG:  duration: 96.810 ms  statement: SELECT count(*) FROM orders WHERE created_at > now() - interval '1 day'
2026-10-03 20:21:07.433 UTC [5012] LOG:  duration: 488.102 ms  statement: SELECT count(*) FROM orders WHERE created_at > now() - interval '1 day'
2026-10-03 20:21:07.910 UTC [5072] LOG:  connection received: host=10.0.3.5 port=52141
2026-10-03 20:21:07.910 UTC [5072] LOG:  connection authorized: user=shop database=shop
2026-10-03 20:21:08.356 UTC [5339] LOG:  duration: 1366.881 ms  execute <unnamed>: SELECT o.id, o.total, c.name
	FROM orders o
	JOIN customers c ON c.id = o.customer_id
	WHERE o.status = $1
	ORDER BY o.created_at DESC
2026-10-03 20:21:08.356 UTC [5339] DETAIL:  parameters: $1 = 'PENDING'
2026-10-03 20:21:10.522 UTC [5053] LOG:  connection received: host=10.0.3.5 port=52238
2026-10-03 20:21:10.522 UTC [5053] LOG:  connection authorized: user=shop database=shop
2026-10-03 20:21:11.244 UTC [5179] LOG:  duration: 178.315 ms  statement: SELECT count(*) FROM orders WHERE created_at > now() - interval '1 day'
2026-10-03 20:21:11.505 UTC [5033] LOG:  duration: 595.650 ms  statement: SELECT count(*) FROM orders WHERE created_at > now() - interval '1 day'
2026-10-03 20:21:11.999 UTC [4903] LOG:  connection received: host=10.0.3.5 port=50257
2026-10-03 20:21:11.999 UTC [4903] LOG:  connection authorized: user=shop database=shop
2026-10-03 20:21:12.097 UTC [5396] ERROR:  duplicate key value violates unique constraint "orders_pkey"
2026-10-03 20:21:12.097 UTC [5396] DETAIL:  Key (id)=(10514) already exists.
2026-10-03 20:21:12.097 UTC [5396] STATEMENT:  INSERT INTO orders (id, customer_id, total) VALUES ($1, $2, $3)
2026-10-03 20:21:12.999 UTC [4959] LOG:  duration: 867.292 ms  statement: SELECT count(*) FROM orders WHERE created_at > now() - interval '1 day'
2026-10-03 20:21:12.999 UTC [5072] LOG:  duration: 3444.244 ms  execute <unnamed>: SELECT o.id, o.total, c.name
	FROM orders o
	JOIN customers c ON c.id = o.customer_id
	WHERE o.status = $1
	ORDER BY o.created_at DESC
2026-10-03 20:21:12.999 UTC [5072] DETAIL:  parameters: $1 = 'PENDING'
2026-10-03 20:21:13.848 UTC [5186] LOG:  duration: 695.427 ms  statement: SELECT count(*) FROM orders WHERE created_at > now() - interval '1 day'
2026-10-03 20:21:13.936 UTC [5134] LOG:  duration: 498.364 ms  statement: SELECT count(*) FROM orders WHERE created_at > now() - interval '1 day'
2026-10-03 20:21:13.999 UTC [5208] LOG:  connection received: host=10.0.3.5 port=50227
2026-10-03 20:21:13.999 UTC [5208] LOG:  connection authorized: user=shop database=shop
2026-10-03 20:21:14.494 UTC [5261] FATAL:  remaining connection slots are reserved for non-replication superuser connections
2026-10-03 20:21:14.767 UTC [5094] LOG:  connection received: host=10.0.3.5 port=57961
2026-10-03 20:21:14.767 UTC [5094] LOG:  connection authorized: user=shop database=shop
2026-10-03 20:21:15.999 UTC [5078] LOG:  duration: 511.475 ms  statement: SELECT count(*) FROM orders WHERE created_at > now() - interval '1 day'
2026-10-03 20:21:16.237 UTC [5173] LOG:  connection received: host=10.0.3.5 port=55453
2026-10-03 20:21:16.237 UTC [5173] LOG:  connection authorized: user=shop database=shop
2026-10-03 20:21:16.414 UTC [5064] LOG:  duration: 551.408 ms  statement: SELECT count(*) FROM orders WHERE created_at > now() - interval '1 day'
2026-10-03 20:21:16.622 UTC [5309] LOG:  duration: 161.265 ms  statement: SELECT count(*) FROM orders WHERE created_at > now() - interval '1 day'
2026-10-03 20:21:17.346 UTC [5148] LOG:  duration: 2453.890 ms  execute <unnamed>: SELECT o.id, o.total, c.name
	FROM orders o
	JOIN customers c ON c.id = o.customer_id
	WHERE o.status = $1
	ORDER BY o.created_at DESC
2026-10-03 20:21:17.346 UTC [5148] DETAIL:  parameters: $1 = 'PENDING'
2026-10-03 20:21:17.672 UTC [5381] ERROR:  duplicate key value violates unique constraint "orders_pkey"
2026-10-03 20:21:17.672 UTC [5381] DETAIL:  Key (id)=(10322) already exists.
2026-10-03 20:21:17.672 UTC [5381] STATEMENT:  INSERT INTO orders (id, customer_id, total) VALUES ($1, $2, $3)
2026-10-03 20:21:17.859 UTC [5014] LOG:  duration: 85.785 ms  statement: SELECT count(*) FROM orders WHERE created_at > now() - interval '1 day'
2026-10-03 20:21:18.143 UTC [5165] LOG:  connection received: host=10.0.3.5 port=57756
2026-10-03 20:21:18.143 UTC [5165] LOG:  connection authorized: user=shop database=shop
2026-10-03 20:21:18.516 UTC [5347] LOG:  duration: 467.56 ms  statement: SELECT count(*) FROM orders WHERE created_at > now() - interval '1 day'
2026-10-03 20:21:18.746 UTC [5206] FATAL:  remaining connection slots are reserved for non-replication superuser connections
2026-10-03 20:21:19.163 UTC [4972] LOG:  duration: 697.278 ms  statement: SELECT count(*) FROM orders WHERE created_at > now() - interval '1 day'
2026-10-03 20:21:19.215 UTC [5385] LOG:  duration: 221.484 ms  statement: SELECT count(*) FROM orders WHERE created_at > now() - interval '1 day'
2026-10-03 20:21:19.569 UTC [5213] ERROR:  duplicate key value violates unique constraint "orders_pkey"
2026-10-03 20:21:19.569 UTC [5213] DETAIL:  Key (id)=(10058) already exists.
2026-10-03 20:21:19.569 UTC [5213] STATEMENT:  INSERT INTO orders (id, customer_id, total) VALUES ($1, $2, $3)
2026-10-03 20:21:19.646 UTC [5237] LOG:  duration: 889.766 ms  statement: SELECT count(*) FROM orders WHERE created_at > now() - interval '1 day'
2026-10-03 20:21:19.783 UTC [4953] LOG:  duration: 314.414 ms  statement: SELECT count(*) FROM orders WHERE created_at > now() - interval '1 day'
2026-10-03 20:21:19.999 UTC [5329] LOG:  duration: 355.352 ms  statement: SELECT count(*) FROM orders WHERE created_at > now() - interval '1 day'
2026-10-03 20:21:20.246 UTC [5305] LOG:  connection received: host=10.0.3.5 port=51739
2026-10-03 20:21:20.246 UTC [5305] LOG:  connection authorized: user=shop database=shop
2026-10-03 20:21:20.589 UTC [5095] LOG:  duration: 376.425 ms  statement: SELECT count(*) FROM orders WHERE created_at > now() - interval '1 day'
2026-10-03 20:21:20.716 UTC [5075] LOG:  duration: 95.94 ms  statement: SELECT count(*) FROM orders WHERE created_at > now() - interval '1 day'
2026-10-03 20:21:20.787 UTC [5395] LOG:  duration: 196.551 ms  statement: SELECT count(*) FROM orders WHERE created_at > now() - interval '1 day'
2026-10-03 20:21:20.921 UTC [4986] LOG:  duration: 87.728 ms  statement: SELECT count(*) FROM orders WHERE created_at > now() - interval '1 day'
2026-10-03 20:21:20.999 UTC [5364] LOG:  duration: 641.598 ms  statement: SELECT count(*) FROM orders WHERE created_at > now() - interval '1 day'
2026-10-03 20:21:20.999 UTC [5204] LOG:  duration: 3071.362 ms  execute <unnamed>: SELECT o.id, o.total, c.name
	FROM orders o
	JOIN customers c ON c.id = o.customer_id
	WHERE o.status = $1
	ORDER BY o.created_at DESC
2026-10-03 20:21:20.999 UTC [5204] DETAIL:  parameters: $1 = 'PENDING'
2026-10-03 20:21:22.628 UTC [5369] LOG:  duration: 405.738 ms  statement: SELECT count(*) FROM orders WHERE created_at > now() - interval '1 day'
2026-10-03 20:21:23.532 UTC [4961] LOG:  duration: 629.486 ms  statement: SELECT count(*) FROM orders WHERE created_at > now() - interval '1 day'
2026-10-03 20:21:23.999 UTC [5287] ERROR:  duplicate key value violates unique constraint "orders_pkey"
2026-10-03 20:21:23.999 UTC [5287] DETAIL:  Key (id)=(10305) already exists.
2026-10-03 20:21:23.999 UTC [5287] STATEMENT:  INSERT INTO orders (id, customer_id, total) VALUES ($1, $2, $3)
2026-10-03 20:21:24.502 UTC [5100] LOG:  duration: 213.261 ms  statement: SELECT count(*) FROM orders WHERE created_at > now() - interval '1 day'
2026-10-03 20:21:24.855 UTC [4968] LOG:  duration: 837.745 ms  statement: SELECT count(*) FROM orders WHERE created_at > now() - interval '1 day'
2026-10-03 20:21:25.149 UTC [5295] LOG:  duration: 328.466 ms  statement: SELECT count(*) FROM orders WHERE created_at > now() - interval '1 day'
2026-10-03 20:21:25.338 UTC [4979] LOG:  connection received: host=10.0.3.5 port=50665
2026-10-03 20:21:25.338 UTC [4979] LOG:  connection authorized: user=shop database=shop
2026-10-03 20:21:25.489 UTC [4928] LOG:  duration: 367.700 ms  statement: SELECT count(*) FROM orders WHERE created_at > now() - interval '1 day'
2026-10-03 20:21:25.752 UTC [5103] LOG:  duration: 865.284 ms  statement: SELECT count(*) FROM orders WHERE created_at > now() - interval '1 day'
2026-10-03 20:21:25.999 UTC [5049] LOG:  duration: 1819.231 ms  execute <unnamed>: SELECT o.id, o.total, c.name
	FROM orders o
	JOIN customers c ON c.id = o.customer_id
	WHERE o.status = $1
	ORDER BY o.created_at DESC
2026-10-03 20:21:25.999 UTC [5049] DETAIL:  parameters: $1 = 'PENDING'
2026-10-03 20:21:26.291 UTC [4918] LOG:  duration: 3238.461 ms  execute <unnamed>: SELECT o.id, o.total, c.name
	FROM orders o
	JOIN customers c ON c.id = o.customer_id
	WHERE o.status = $1
	ORDER BY o.created_at DESC
2026-10-03 20:21:26.291 UTC [4918] DETAIL:  parameters: $1 = 'PENDING'
2026-10-03 20:21:26.451 UTC [5353] ERROR:  duplicate key value violates unique constraint "orders_pkey"
2026-10-03 20:21:26.451 UTC [5353] DETAIL:  Key (id)=(10188) already exists.
2026-10-03 20:21:26.451 UTC [5353] STATEMENT:  INSERT INTO orders (id, customer_id, total) VALUES ($1, $2, $3)
2026-10-03 20:21:26.505 UTC [5144] LOG:  duration: 3207.461 ms  execute <unnamed>: SELECT o.id, o.total, c.name
	FROM orders o
	JOIN customers c ON c.id = o.customer_id
	WHERE o.status = $1
	ORDER BY o.created_at DESC
2026-10-03 20:21:26.505 UTC [5144] DETAIL:  parameters: $1 = 'PENDING'
2026-10-03 20:21:26.999 UTC [5374] LOG:  connection received: host=10.0.3.5 port=57530
2026-10-03 20:21:26.999 UTC [5374] LOG:  connection authorized: user=shop database=shop
2026-10-03 20:21:27.707 UTC [4953] LOG:  connection received: host=10.0.3.5 port=52807
2026-10-03 20:21:27.707 UTC [4953] LOG:  connection authorized: user=shop database=shop
2026-10-03 20:21:27.999 UTC [5306] LOG:  duration: 284.0 ms  statement: SELECT count(*) FROM orders WHERE created_at > now() - interval '1 day'
2026-10-03 20:21:28.314 UTC [5210] LOG:  duration: 474.103 ms  statement: SELECT count(*) FROM orders WHERE created_at > now() - interval '1 day'
2026-10-03 20:21:28.897 UTC [5069] LOG:  duration: 723.353 ms  statement: SELECT count(*) FROM orders WHERE created_at > now() - interval '1 day'
2026-10-03 20:21:28.999 UTC [5364] LOG:  duration: 254.312 ms  statement: SELECT count(*) FROM orders WHERE created_at > now() - interval '1 day'
2026-10-03 20:21:29.184 UTC [5304] LOG:  duration: 66.465 ms  statement: SELECT count(*) FROM orders WHERE created_at > now() - interval '1 day'
2026-10-03 20:21:29.299 UTC [5116] LOG:  duration: 694.682 ms  statement: SELECT count(*) FROM orders WHERE created_at > now() - interval '1 day'
2026-10-03 20:21:29.876 UTC [5373] LOG:  duration: 746.190 ms  statement: SELECT count(*) FROM orders WHERE created_at > now() - interval '1 day'
2026-10-03 20:21:30.182 UTC [4948] LOG:  duration: 133.169 ms  statement: SELECT count(*) FROM orders WHERE created_at > now() - interval '1 day'
2026-10-03 20:21:30.999 UTC [5287] LOG:  duration: 549.97 ms  statement: SELECT count(*) FROM orders WHERE created_at > now() - interval '1 day'
2026-10-03 20:21:30.999 UTC [5120] LOG:  duration: 363.751 ms  statement: SELECT count(*) FROM orders WHERE created_at > now() - interval '1 day'
2026-10-03 20:21:31.287 UTC [5179] FATAL:  remaining connection slots are reserved for non-replication superuser connections
2026-10-03 20:21:31.872 UTC [5136] LOG:  connection received: host=10.0.3.5 port=55647
2026-10-03 20:21:31.872 UTC [5136] LOG:  connection authorized: user=shop database=shop
2026-10-03 20:21:31.974 UTC [27] LOG:  checkpoint starting: time
2026-10-03 20:21:31.974 UTC [27] LOG:  checkpoint complete: wrote 111 buffers (0.4%); 0 WAL file(s) added, 0 removed, 0 recycled; write=6.4 s, sync=0.001 s, total=6.2 s
2026-10-03 20:21:31.999 UTC [5015] LOG:  duration: 358.765 ms  statement: SELECT count(*) FROM orders WHERE created_at > now() - interval '1 day'
2026-10-03 20:21:32.317 UTC [5178] LOG:  duration: 3176.285 ms  execute <unnamed>: SELECT o.id, o.total, c.name
	FROM orders o
	JOIN customers c ON c.id = o.customer_id
	WHERE o.status = $1
	ORDER BY o.created_at DESC
2026-10-03 20:21:32.317 UTC [5178] DETAIL:  parameters: $1 = 'PENDING'
2026-10-03 20:21:32.470 UTC [5052] LOG:  duration: 442.375 ms  statement: SELECT count(*) FROM orders WHERE created_at > now() - interval '1 day'
2026-10-03 20:21:32.805 UTC [5200] LOG:  connection received: host=10.0.3.5 port=57100
2026-10-03 20:21:32.805 UTC [5200] LOG:  connection authorized: user=shop database=shop
2026-10-03 20:21:33.604 UTC [5313] LOG:  connection received: host=10.0.3.5 port=52345
2026-10-03 20:21:33.604 UTC [5313] LOG:  connection authorized: user=shop database=shop
2026-10-03 20:21:33.715 UTC [5092] LOG:  duration: 220.663 ms  statement: SELECT count(*) FROM orders WHERE created_at > now() - interval '1 day'
2026-10-03 20:21:34.403 UTC [5256] LOG:  duration: 744.5 ms  statement: SELECT count(*) FROM orders WHERE created_at > now() - interval '1 day'
2026-10-03 20:21:34.999 UTC [5209] LOG:  duration: 734.499 ms  statement: SELECT count(*) FROM orders WHERE created_at > now() - interval '1 day'
2026-10-03 20:21:35.439 UTC [5224] LOG:  duration: 858.144 ms  statement: SELECT count(*) FROM orders WHERE created_at > now() - interval '1 day'
2026-10-03 20:21:35.999 UTC [5093] ERROR:  duplicate key value violates unique constraint "orders_pkey"
2026-10-03 20:21:35.999 UTC [5093] DETAIL:  Key (id)=(10578) already exists.
2026-10-03 20:21:35.999 UTC [5093] STATEMENT:  INSERT INTO orders (id, customer_id, total) VALUES ($1, $2, $3)
2026-10-03 20:21:36.709 UTC [5218] LOG:  connection received: host=10.0.3.5 port=50153
2026-10-03 20:21:36.709 UTC [5218] LOG:  connection authorized: user=shop database=shop
2026-10-03 20:21:36.966 UTC [5310] LOG:  duration: 388.143 ms  statement: SELECT count(*) FROM orders WHERE created_at > now() - interval '1 day'
2026-10-03 20:21:37.016 UTC [4900] ERROR:  duplicate key value violates unique constraint "orders_pkey"
2026-10-03 20:21:37.016 UTC [4900] DETAIL:  Key (id)=(10659) already exists.
2026-10-03 20:21:37.016 UTC [4900] STATEMENT:  INSERT INTO orders (id, customer_id, total) VALUES ($1, $2, $3)
2026-10-03 20:21:37.599 UTC [5043] LOG:  duration: 546.189 ms  statement: SELECT count(*) FROM orders WHERE created_at > now() - interval '1 day'
2026-10-03 20:21:37.731 UTC [27] LOG:  checkpoint starting: time
2026-10-03 20:21:37.731 UTC [27] LOG:  checkpoint complete: wrote 196 buffers (0.2%); 0 WAL file(s) added, 0 removed, 0 recycled; write=6.0 s, sync=0.002 s, total=6.1 s
2026-10-03 20:21:38.999 UTC [5139] LOG:  connection received: host=10.0.3.5 port=51972
2026-10-03 20:21:38.999 UTC [5139] LOG:  connection authorized: user=shop database=shop
2026-10-03 20:21:39.929 UTC [5067] LOG:  connection received: host=10.0.3.5 port=50272
2026-10-03 20:21:39.929 UTC [5067] LOG:  connection authorized: user=shop database=shop
2026-10-03 20:21:40.578 UTC [5308] LOG:  duration: 632.872 ms  statement: SELECT count(*) FROM orders WHERE created_at > now() - interval '1 day'
2026-10-03 20:21:40.873 UTC [4929] LOG:  connection received: host=10.0.3.5 port=55597
2026-10-03 20:21:40.873 UTC [4929] LOG:  connection authorized: user=shop database=shop
2026-10-03 20:21:40.999 UTC [5286] FATAL:  remaining connection slots are reserved for non-replication superuser connections
2026-10-03 20:21:41.999 UTC [5249] LOG:  connection received: host=10.0.3.5 port=54813
2026-10-03 20:21:41.999 UTC [5249] LOG:  connection authorized: user=shop database=shop
2026-10-03 20:21:42.482 UTC [5236] LOG:  duration: 202.171 ms  statement: SELECT count(*) FROM orders WHERE created_at > now() - interval '1 day'
2026-10-03 20:21:43.999 UTC [5162] LOG:  duration: 653.634 ms  statement: SELECT count(*) FROM orders WHERE created_at > now() - interval '1 day'
2026-10-03 20:21:44.250 UTC [5046] LOG:  duration: 591.240 ms  statement: SELECT count(*) FROM orders WHERE created_at > now() - interval '1 day'
2026-10-03 20:21:44.700 UTC [5021] LOG:  connection received: host=10.0.3.5 port=53147
2026-10-03 20:21:44.700 UTC [5021] LOG:  connection authorized: user=shop database=shop
2026-10-03 20:21:44.999 UTC [5077] LOG:  duration: 242.343 ms  statement: SELECT count(*) FROM orders WHERE created_at > now() - interval '1 day'
2026-10-03 20:21:45.211 UTC [5216] LOG:  duration: 1664.807 ms  execute <unnamed>: SELECT o.id, o.total, c.name
	FROM orders o
	JOIN customers c ON c.id = o.customer_id
	WHERE o.status = $1
	ORDER BY o.created_at DESC
2026-10-03 20:21:45.211 UTC [5216] DETAIL:  parameters: $1 = 'PENDING'
2026-10-03 20:21:45.227 UTC [5227] LOG:  duration: 1199.806 ms  execute <unnamed>: SELECT o.id, o.total, c.name
	FROM orders o
	JOIN customers c ON c.id = o.customer_id
	WHERE o.status = $1
	ORDER BY o.created_at DESC
2026-10-03 20:21:45.227 UTC [5227] DETAIL:  parameters: $1 = 'PENDING'
2026-10-03 20:21:45.452 UTC [5313] LOG:  connection received: host=10.0.3.5 port=50870
2026-10-03 20:21:45.452 UTC [5313] LOG:  connection authorized: user=shop database=shop
2026-10-03 20:21:45.537 UTC [5333] LOG:  duration: 548.81 ms  statement: SELECT count(*) FROM orders WHERE created_at > now() - interval '1 day'
2026-10-03 20:21:46.965 UTC [5043] LOG:  duration: 200.14 ms  statement: SELECT count(*) FROM orders WHERE created_at > now() - interval '1 day'
2026-10-03 20:21:48.109 UTC [5184] LOG:  connection received: host=10.0.3.5 port=51228
2026-10-03 20:21:48.109 UTC [5184] LOG:  connection authorized: user=shop database=shop
2026-10-03 20:21:48.618 UTC [27] LOG:  checkpoint starting: time
2026-10-03 20:21:48.618 UTC [27] LOG:  checkpoint complete: wrote 84 buffers (0.2%); 0 WAL file(s) added, 0 removed, 0 recycled; write=6.0 s, sync=0.007 s, total=6.4 s
2026-10-03 20:21:48.628 UTC [5267] LOG:  duration: 542.427 ms  statement: SELECT count(*) FROM orders WHERE created_at > now() - interval '1 day'
2026-10-03 20:21:48.676 UTC [4936] LOG:  duration: 1069.76 ms  execute <unnamed>: SELECT o.id, o.total, c.name
	FROM orders o
	JOIN customers c ON c.id = o.customer_id
	WHERE o.status = $1
	ORDER BY o.created_at DESC
2026-10-03 20:21:48.676 UTC [4936] DETAIL:  parameters: $1 = 'PENDING'
2026-10-03 20:21:48.724 UTC [5222] LOG:  duration: 362.419 ms  statement: SELECT count(*) FROM orders WHERE created_at > now() - interval '1 day'
2026-10-03 20:21:49.221 UTC [5367] LOG:  connection received: host=10.0.3.5 port=53627
2026-10-03 20:21:49.221 UTC [5367] LOG:  connection authorized: user=shop database=shop
2026-10-03 20:21:49.999 UTC [5060] LOG:  duration: 892.292 ms  statement: SELECT count(*) FROM orders WHERE created_at > now() - interval '1 day'
2026-10-03 20:21:49.999 UTC [5152] LOG:  duration: 737.83 ms  statement: SELECT count(*) FROM orders WHERE created_at > now() - interval '1 day'
2026-10-03 20:21:50.437 UTC [5316] LOG:  duration: 551.184 ms  statement: SELECT count(*) FROM orders WHERE created_at > now() - interval '1 day'
2026-10-03 20:21:51.609 UTC [4963] LOG:  connection received: host=10.0.3.5 port=52322
2026-10-03 20:21:51.609 UTC [4963] LOG:  connection authorized: user=shop database=shop
2026-10-03 20:21:52.890 UTC [5328] ERROR:  duplicate key value violates unique constraint "orders_pkey"
2026-10-03 20:21:52.890 UTC [5328] DETAIL:  Key (id)=(10267) already exists.
2026-10-03 20:21:52.890 UTC [5328] STATEMENT:  INSERT INTO orders (id, customer_id, total) VALUES ($1, $2, $3)
2026-10-03 20:21:53.137 UTC [5229] LOG:  duration: 579.591 ms  statement: SELECT count(*) FROM orders WHERE created_at > now() - interval '1 day'
2026-10-03 20:21:53.347 UTC [5104] LOG:  connection received: host=10.0.3.5 port=57356
2026-10-03 20:21:53.347 UTC [5104] LOG:  connection authorized: user=shop database=shop
2026-10-03 20:21:53.381 UTC [5239] LOG:  duration: 388.743 ms  statement: SELECT count(*) FROM orders WHERE created_at > now() - interval '1 day'
2026-10-03 20:21:53.730 UTC [5330] LOG:  duration: 2361.89 ms  execute <unnamed>: SELECT o.id, o.total, c.name
	FROM orders o
	JOIN customers c ON c.id = o.customer_id
	WHERE o.status = $1
	ORDER BY o.created_at DESC
2026-10-03 20:21:53.730 UTC [5330] DETAIL:  parameters: $1 = 'PENDING'
2026-10-03 20:21:53.930 UTC [5169] LOG:  duration: 84.388 ms  statement: SELECT count(*) FROM orders WHERE created_at > now() - interval '1 day'
2026-10-03 20:21:54.873 UTC [5344] LOG:  duration: 769.670 ms  statement: SELECT count(*) FROM orders WHERE created_at > now() - interval '1 day'
2026-10-03 20:21:54.974 UTC [4958] LOG:  duration: 636.323 ms  statement: SELECT count(*) FROM orders WHERE created_at > now() - interval '1 day'
2026-10-03 20:21:54.999 UTC [5365] LOG:  duration: 326.554 ms  statement: SELECT count(*) FROM orders WHERE created_at > now() - interval '1 day'
2026-10-03 20:21:55.707 UTC [4908] LOG:  duration: 1167.149 ms  execute <unnamed>: SELECT o.id, o.total, c.name
	FROM orders o
	JOIN customers c ON c.id = o.customer_id
	WHERE o.status = $1
	ORDER BY o.created_at DESC
2026-10-03 20:21:55.707 UTC [4908] DETAIL:  parameters: $1 = 'PENDING'
2026-10-03 20:21:56.999 UTC [5143] LOG:  duration: 76.867 ms  statement: SELECT count(*) FROM orders WHERE created_at > now() - interval '1 day'
2026-10-03 20:21:57.305 UTC [4953] ERROR:  duplicate key value violates unique constraint "orders_pkey"
2026-10-03 20:21:57.305 UTC [4953] DETAIL:  Key (id)=(10782) already exists.
2026-10-03 20:21:57.305 UTC [4953] STATEMENT:  INSERT INTO orders (id, customer_id, total) VALUES ($1, $2, $3)
2026-10-03 20:21:57.618 UTC [5015] LOG:  connection received: host=10.0.3.5 port=57688
2026-10-03 20:21:57.618 UTC [5015] LOG:  connection authorized: user=shop database=shop
2026-10-03 20:21:57.986 UTC [5088] ERROR:  duplicate key value violates unique constraint "orders_pkey"
2026-10-03 20:21:57.986 UTC [5088] DETAIL:  Key (id)=(10081) already exists.
2026-10-03 20:21:57.986 UTC [5088] STATEMENT:  INSERT INTO orders (id, customer_id, total) VALUES ($1, $2, $3)
2026-10-03 20:21:57.999 UTC [5236] LOG:  duration: 2812.741 ms  execute <unnamed>: SELECT o.id, o.total, c.name
	FROM orders o
	JOIN customers c ON c.id = o.customer_id
	WHERE o.status = $1
	ORDER BY o.created_at DESC
2026-10-03 20:21:57.999 UTC [5236] DETAIL:  parameters: $1 = 'PENDING'
2026-10-03 20:21:57.999 UTC [5115] LOG:  duration: 476.145 ms  statement: SELECT count(*) FROM orders WHERE created_at > now() - interval '1 day'
2026-10-03 20:21:58.513 UTC [5182] LOG:  duration: 896.458 ms  statement: SELECT count(*) FROM orders WHERE created_at > now() - interval '1 day'
2026-10-03 20:21:58.999 UTC [4907] LOG:  duration: 3336.533 ms  execute <unnamed>: SELECT o.id, o.total, c.name
	FROM orders o
	JOIN customers c ON c.id = o.customer_id
	WHERE o.status = $1
	ORDER BY o.created_at DESC
2026-10-03 20:21:58.999 UTC [4907] DETAIL:  parameters: $1 = 'PENDING'
2026-10-03 20:21:59.148 UTC [4917] LOG:  connection received: host=10.0.3.5 port=50722
2026-10-03 20:21:59.148 UTC [4917] LOG:  connection authorized: user=shop database=shop
2026-10-03 20:21:59.277 UTC [5036] LOG:  duration: 1629.206 ms  execute <unnamed>: SELECT o.id, o.total, c.name
	FROM orders o
	JOIN customers c ON c.id = o.customer_id
	WHERE o.status = $1
	ORDER BY o.created_at DESC
2026-10-03 20:21:59.277 UTC [5036] DETAIL:  parameters: $1 = 'PENDING'
2026-10-03 20:21:59.441 UTC [5249] LOG:  duration: 2025.146 ms  execute <unnamed>: SELECT o.id, o.total, c.name
	FROM orders o
	JOIN customers c ON c.id = o.customer_id
	WHERE o.status = $1
	ORDER BY o.created_at DESC
2026-10-03 20:21:59.441 UTC [5249] DETAIL:  parameters: $1 = 'PENDING'
2026-10-03 20:21:59.636 UTC [5035] LOG:  duration: 733.813 ms  statement: SELECT count(*) FROM orders WHERE created_at > now() - interval '1 day'
2026-10-03 20:21:59.836 UTC [5289] LOG:  connection received: host=10.0.3.5 port=50652
2026-10-03 20:21:59.836 UTC [5289] LOG:  connection authorized: user=shop database=shop
2026-10-03 20:21:59.999 UTC [5308] ERROR:  duplicate key value violates unique constraint "orders_pkey"
2026-10-03 20:21:59.999 UTC [5308] DETAIL:  Key (id)=(10629) already exists.
2026-10-03 20:21:59.999 UTC [5308] STATEMENT:  INSERT INTO orders (id, customer_id, total) VALUES ($1, $2, $3)
2026-10-03 20:22:00.999 UTC [5322] LOG:  duration: 584.487 ms  statement: SELECT count(*) FROM orders WHERE created_at > now() - interval '1 day'
2026-10-03 20:22:00.999 UTC [4969] LOG:  duration: 532.513 ms  statement: SELECT count(*) FROM orders WHERE created_at > now() - interval '1 day'
2026-10-03 20:22:01.999 UTC [4917] ERROR:  duplicate key value violates unique constraint "orders_pkey"
2026-10-03 20:22:01.999 UTC [4917] DETAIL:  Key (id)=(10078) already exists.
2026-10-03 20:22:01.999 UTC [4917] STATEMENT:  INSERT INTO orders (id, customer_id, total) VALUES ($1, $2, $3)
2026-10-03 20:22:01.999 UTC [5025] LOG:  connection received: host=10.0.3.5 port=56503
2026-10-03 20:22:01.999 UTC [5025] LOG:  connection authorized: user=shop database=shop
2026-10-03 20:22:02.769 UTC [5191] LOG:  duration: 848.117 ms  statement: SELECT count(*) FROM orders WHERE created_at > now() - interval '1 day'
2026-10-03 20:22:02.999 UTC [5029] LOG:  duration: 689.304 ms  statement: SELECT count(*) FROM orders WHERE created_at > now() - interval '1 day'
2026-10-03 20:22:03.638 UTC [5300] LOG:  duration: 227.655 ms  statement: SELECT count(*) FROM orders WHERE created_at > now() - interval '1 day'
2026-10-03 20:22:03.999 UTC [5371] LOG:  duration: 383.576 ms  statement: SELECT count(*) FROM orders WHERE created_at > now() - interval '1 day'
2026-10-03 20:22:03.999 UTC [5037] LOG:  duration: 2074.211 ms  execute <unnamed>: SELECT o.id, o.total, c.name
	FROM orders o
	JOIN customers c ON c.id = o.customer_id
	WHERE o.status = $1
	ORDER BY o.created_at DESC
2026-10-03 20:22:03.999 UTC [5037] DETAIL:  parameters: $1 = 'PENDING'
2026-10-03 20:22:04.999 UTC [5154] LOG:  duration: 391.318 ms  statement: SELECT count(*) FROM orders WHERE created_at > now() - interval '1 day'
2026-10-03 20:22:05.999 UTC [4900] LOG:  duration: 520.628 ms  statement: SELECT count(*) FROM orders WHERE created_at > now() - interval '1 day'
2026-10-03 20:22:06.207 UTC [4951] FATAL:  remaining connection slots are reserved for non-replication superuser connections
2026-10-03 20:22:06.778 UTC [5361] LOG:  duration: 763.500 ms  statement: SELECT count(*) FROM orders WHERE created_at > now() - interval '1 day'
2026-10-03 20:22:06.815 UTC [5234] LOG:  duration: 294.519 ms  statement: SELECT count(*) FROM orders WHERE created_at > now() - interval '1 day'
2026-10-03 20:22:06.828 UTC [4977] LOG:  connection received: host=10.0.3.5 port=54365
2026-10-03 20:22:06.828 UTC [4977] LOG:  connection authorized: user=shop database=shop
2026-10-03 20:22:07.914 UTC [5309] LOG:  connection received: host=10.0.3.5 port=53154
2026-10-03 20:22:07.914 UTC [5309] LOG:  connection authorized: user=shop database=shop
2026-10-03 20:22:08.570 UTC [27] LOG:  checkpoint starting: time
2026-10-03 20:22:08.570 UTC [27] LOG:  checkpoint complete: wrote 169 buffers (0.0%); 0 WAL file(s) added, 0 removed, 0 recycled; write=6.3 s, sync=0.002 s, total=6.6 s
2026-10-03 20:22:08.672 UTC [4964] LOG:  duration: 675.496 ms  statement: SELECT count(*) FROM orders WHERE created_at > now() - interval '1 day'
2026-10-03 20:22:08.737 UTC [4941] LOG:  duration: 322.870 ms  statement: SELECT count(*) FROM orders WHERE created_at > now() - interval '1 day'
2026-10-03 20:22:08.999 UTC [5272] LOG:  duration: 147.489 ms  statement: SELECT count(*) FROM orders WHERE created_at > now() - interval '1 day'
2026-10-03 20:22:09.311 UTC [5021] LOG:  duration: 281.624 ms  statement: SELECT count(*) FROM orders WHERE created_at > now() - interval '1 day'
2026-10-03 20:22:09.621 UTC [5112] FATAL:  remaining connection slots are reserved for non-replication superuser connections
2026-10-03 20:22:09.999 UTC [4919] LOG:  duration: 2953.804 ms  execute <unnamed>: SELECT o.id, o.total, c.name
	FROM orders o
	JOIN customers c ON c.id = o.customer_id
	WHERE o.status = $1
	ORDER BY o.created_at DESC
2026-10-03 20:22:09.999 UTC [4919] DETAIL:  parameters: $1 = 'PENDING'
2026-10-03 20:22:10.082 UTC [5057] LOG:  duration: 718.430 ms  statement: SELECT count(*) FROM orders WHERE created_at > now() - interval '1 day'
2026-10-03 20:22:10.755 UTC [27] LOG:  checkpoint starting: time
2026-10-03 20:22:10.755 UTC [27] LOG:  checkpoint complete: wrote 106 buffers (0.4%); 0 WAL file(s) added, 0 removed, 0 recycled; write=6.2 s, sync=0.006 s, total=6.0 s
2026-10-03 20:22:10.828 UTC [5118] LOG:  duration: 718.734 ms  statement: SELECT count(*) FROM orders WHERE created_at > now() - interval '1 day'
2026-10-03 20:22:10.999 UTC [5033] LOG:  duration: 46.877 ms  statement: SELECT count(*) FROM orders WHERE created_at > now() - interval '1 day'
2026-10-03 20:22:11.330 UTC [5039] LOG:  duration: 379.466 ms  statement: SELECT count(*) FROM orders WHERE created_at > now() - interval '1 day'
2026-10-03 20:22:11.526 UTC [5216] LOG:  duration: 167.872 ms  statement: SELECT count(*) FROM orders WHERE created_at > now() - interval '1 day'
2026-10-03 20:22:11.991 UTC [4919] LOG:  duration: 70.460 ms  statement: SELECT count(*) FROM orders WHERE created_at > now() - interval '1 day'
2026-10-03 20:22:11.999 UTC [5390] LOG:  duration: 4.595 ms  statement: SELECT count(*) FROM orders WHERE created_at > now() - interval '1 day'
2026-10-03 20:22:11.999 UTC [5196] ERROR:  duplicate key value violates unique constraint "orders_pkey"
2026-10-03 20:22:11.999 UTC [5196] DETAIL:  Key (id)=(10575) already exists.
2026-10-03 20:22:11.999 UTC [5196] STATEMENT:  INSERT INTO orders (id, customer_id, total) VALUES ($1, $2, $3)
2026-10-03 20:22:12.344 UTC [5375] LOG:  duration: 48.246 ms  statement: SELECT count(*) FROM orders WHERE created_at > now() - interval '1 day'
2026-10-03 20:22:12.586 UTC [5326] LOG:  duration: 610.289 ms  statement: SELECT count(*) FROM orders WHERE created_at > now() - interval '1 day'
2026-10-03 20:22:13.425 UTC [5117] LOG:  duration: 673.202 ms  statement: SELECT count(*) FROM orders WHERE created_at > now() - interval '1 day'
2026-10-03 20:22:13.944 UTC [5369] LOG:  connection received: host=10.0.3.5 port=56732
2026-10-03 20:22:13.944 UTC [5369] LOG:  connection authorized: user=shop database=shop
2026-10-03 20:22:14.355 UTC [4976] LOG:  connection received: host=10.0.3.5 port=50792
2026-10-03 20:22:14.355 UTC [4976] LOG:  connection authorized: user=shop database=shop
2026-10-03 20:22:14.971 UTC [5389] LOG:  duration: 218.810 ms  statement: SELECT count(*) FROM orders WHERE created_at > now() - interval '1 day'
2026-10-03 20:22:14.999 UTC [4977] ERROR:  duplicate key value violates unique constraint "orders_pkey"
2026-10-03 20:22:14.999 UTC [4977] DETAIL:  Key (id)=(10317) already exists.
2026-10-03 20:22:14.999 UTC [4977] STATEMENT:  INSERT INTO orders (id, customer_id, total) VALUES ($1, $2, $3)
2026-10-03 20:22:15.133 UTC [5234] LOG:  duration: 183.520 ms  statement: SELECT count(*) FROM orders WHERE created_at > now() - interval '1 day'
2026-10-03 20:22:15.723 UTC [5079] LOG:  duration: 1185.232 ms  execute <unnamed>: SELECT o.id, o.total, c.name
	FROM orders o
	JOIN customers c ON c.id = o.customer_id
	WHERE o.status = $1
	ORDER BY o.created_at DESC
2026-10-03 20:22:15.723 UTC [5079] DETAIL:  parameters: $1 = 'PENDING'
2026-10-03 20:22:16.957 UTC [5080] LOG:  duration: 233.21 ms  statement: SELECT count(*) FROM orders WHERE created_at > now() - interval '1 day'
2026-10-03 20:22:18.644 UTC [5212] LOG:  duration: 334.129 ms  statement: SELECT count(*) FROM orders WHERE created_at > now() - interval '1 day'
2026-10-03 20:22:19.296 UTC [5039] LOG:  duration: 878.269 ms  statement: SELECT count(*) FROM orders WHERE created_at > now() - interval '1 day'
2026-10-03 20:22:19.395 UTC [4932] LOG:  duration: 548.80 ms  statement: SELECT count(*) FROM orders WHERE created_at > now() - interval '1 day'
2026-10-03 20:22:19.591 UTC [27] LOG:  checkpoint starting: time
2026-10-03 20:22:19.591 UTC [27] LOG:  checkpoint complete: wrote 133 buffers (0.3%); 0 WAL file(s) added, 0 removed, 0 recycled; write=6.4 s, sync=0.007 s, total=6.1 s
2026-10-03 20:22:19.999 UTC [5291] LOG:  duration: 541.5 ms  statement: SELECT count(*) FROM orders WHERE created_at > now() - interval '1 day'
2026-10-03 20:22:20.420 UTC [4965] LOG:  duration: 470.853 ms  statement: SELECT count(*) FROM orders WHERE created_at > now() - interval '1 day'
2026-10-03 20:22:20.535 UTC [5236] LOG:  connection received: host=10.0.3.5 port=57741
2026-10-03 20:22:20.535 UTC [5236] LOG:  connection authorized: user=shop database=shop
2026-10-03 20:22:21.481 UTC [5258] LOG:  duration: 106.477 ms  statement: SELECT count(*) FROM orders WHERE created_at > now() - interval '1 day'
2026-10-03 20:22:21.884 UTC [5178] LOG:  connection received: host=10.0.3.5 port=54554
2026-10-03 20:22:21.884 UTC [5178] LOG:  connection authorized: user=shop database=shop
2026-10-03 20:22:22.898 UTC [5206] LOG:  duration: 701.831 ms  statement: SELECT count(*) FROM orders WHERE created_at > now() - interval '1 day'
2026-10-03 20:22:22.995 UTC [5027] ERROR:  duplicate key value violates unique constraint "orders_pkey"
2026-10-03 20:22:22.995 UTC [5027] DETAIL:  Key (id)=(10481) already exists.
2026-10-03 20:22:22.995 UTC [5027] STATEMENT:  INSERT INTO orders (id, customer_id, total) VALUES ($1, $2, $3)
2026-10-03 20:22:22.999 UTC [5090] LOG:  duration: 782.530 ms  statement: SELECT count(*) FROM orders WHERE created_at > now() - interval '1 day'
2026-10-03 20:22:23.268 UTC [5326] ERROR:  duplicate key value violates unique constraint "orders_pkey"
2026-10-03 20:22:23.268 UTC [5326] DETAIL:  Key (id)=(10659) already exists.
2026-10-03 20:22:23.268 UTC [5326] STATEMENT:  INSERT INTO orders (id, customer_id, total) VALUES ($1, $2, $3)
2026-10-03 20:22:23.420 UTC [4947] LOG:  duration: 602.283 ms  statement: SELECT count(*) FROM orders WHERE created_at > now() - interval '1 day'
2026-10-03 20:22:24.250 UTC [5334] LOG:  duration: 300.412 ms  statement: SELECT count(*) FROM orders WHERE created_at > now() - interval '1 day'
2026-10-03 20:22:24.999 UTC [5233] LOG:  duration: 412.294 ms  statement: SELECT count(*) FROM orders WHERE created_at > now() - interval '1 day'
2026-10-03 20:22:25.370 UTC [5033] LOG:  connection received: host=10.0.3.5 port=54831
2026-10-03 20:22:25.370 UTC [5033] LOG:  connection authorized: user=shop database=shop
2026-10-03 20:22:25.999 UTC [5227] LOG:  duration: 365.99 ms  statement: SELECT count(*) FROM orders WHERE created_at > now() - interval '1 day'
2026-10-03 20:22:25.999 UTC [5016] LOG:  duration: 231.34 ms  statement: SELECT count(*) FROM orders WHERE created_at > now() - interval '1 day'
2026-10-03 20:22:26.613 UTC [4977] LOG:  duration: 583.601 ms  statement: SELECT count(*) FROM orders WHERE created_at > now() - interval '1 day'
2026-10-03 20:22:26.999 UTC [4981] ERROR:  duplicate key value violates unique constraint "orders_pkey"
2026-10-03 20:22:26.999 UTC [4981] DETAIL:  Key (id)=(10520) already exists.
2026-10-03 20:22:26.999 UTC [4981] STATEMENT:  INSERT INTO orders (id, customer_id, total) VALUES ($1, $2, $3)
2026-10-03 20:30:15.373 UTC [5108] LOG:  connection received: host=10.0.3.5 port=56920
2026-10-03 20:30:15.373 UTC [5108] LOG:  connection authorized: user=shop database=shop
2026-10-03 20:30:16.268 UTC [5222] LOG:  duration: 661.890 ms  statement: SELECT count(*) FROM orders WHERE created_at > now() - interval '1 day'
2026-10-03 20:30:16.414 UTC [27] LOG:  checkpoint starting: time
2026-10-03 20:30:16.414 UTC [27] LOG:  checkpoint complete: wrote 118 buffers (0.3%); 0 WAL file(s) added, 0 removed, 0 recycled; write=6.0 s, sync=0.000 s, total=6.4 s
2026-10-03 20:30:16.706 UTC [5139] LOG:  duration: 436.304 ms  statement: SELECT count(*) FROM orders WHERE created_at > now() - interval '1 day'
2026-10-03 20:30:16.771 UTC [5202] LOG:  duration: 172.880 ms  statement: SELECT count(*) FROM orders WHERE created_at > now() - interval '1 day'
2026-10-03 20:30:17.519 UTC [5392] LOG:  duration: 642.261 ms  statement: SELECT count(*) FROM orders WHERE created_at > now() - interval '1 day'
2026-10-03 20:30:17.820 UTC [5228] LOG:  connection received: host=10.0.3.5 port=58080
2026-10-03 20:30:17.820 UTC [5228] LOG:  connection authorized: user=shop database=shop
2026-10-03 20:30:18.191 UTC [4917] LOG:  duration: 1384.715 ms  execute <unnamed>: SELECT o.id, o.total, c.name
	FROM orders o
	JOIN customers c ON c.id = o.customer_id
	WHERE o.status = $1
	ORDER BY o.created_at DESC
2026-10-03 20:30:18.191 UTC [4917] DETAIL:  parameters: $1 = 'PENDING'
2026-10-03 20:30:18.220 UTC [5032] LOG:  duration: 277.753 ms  statement: SELECT count(*) FROM orders WHERE created_at > now() - interval '1 day'
2026-10-03 20:30:18.844 UTC [5019] LOG:  duration: 602.148 ms  statement: SELECT count(*) FROM orders WHERE created_at > now() - interval '1 day'
2026-10-03 20:30:18.974 UTC [5333] LOG:  connection received: host=10.0.3.5 port=57508
2026-10-03 20:30:18.974 UTC [5333] LOG:  connection authorized: user=shop database=shop
2026-10-03 20:30:19.139 UTC [5177] ERROR:  duplicate key value violates unique constraint "orders_pkey"
2026-10-03 20:30:19.139 UTC [5177] DETAIL:  Key (id)=(10408) already exists.
2026-10-03 20:30:19.139 UTC [5177] STATEMENT:  INSERT INTO orders (id, customer_id, total) VALUES ($1, $2, $3)
2026-10-03 20:30:19.273 UTC [4946] LOG:  duration: 124.173 ms  statement: SELECT count(*) FROM orders WHERE created_at > now() - interval '1 day'
2026-10-03 20:30:19.875 UTC [5264] LOG:  duration: 720.117 ms  statement: SELECT count(*) FROM orders WHERE created_at > now() - interval '1 day'
2026-10-03 20:30:19.999 UTC [5111] LOG:  duration: 181.581 ms  statement: SELECT count(*) FROM orders WHERE created_at > now() - interval '1 day'
2026-10-03 20:30:20.892 UTC [5397] LOG:  duration: 3204.47 ms  execute <unnamed>: SELECT o.id, o.total, c.name
	FROM orders o
	JOIN customers c ON c.id = o.customer_id
	WHERE o.status = $1
	ORDER BY o.created_at DESC
2026-10-03 20:30:20.892 UTC [5397] DETAIL:  parameters: $1 = 'PENDING'
2026-10-03 20:30:21.504 UTC [5005] LOG:  duration: 674.321 ms  statement: SELECT count(*) FROM orders WHERE created_at > now() - interval '1 day'
2026-10-03 20:30:21.999 UTC [5324] LOG:  duration: 169.461 ms  statement: SELECT count(*) FROM orders WHERE created_at > now() - interval '1 day'
2026-10-03 20:30:22.707 UTC [5177] FATAL:  remaining connection slots are reserved for non-replication superuser connections
2026-10-03 20:30:23.999 UTC [27] LOG:  checkpoint starting: time
2026-10-03 20:30:23.999 UTC [27] LOG:  checkpoint complete: wrote 116 buffers (0.0%); 0 WAL file(s) added, 0 removed, 0 recycled; write=6.3 s, sync=0.000 s, total=6.4 s
2026-10-03 20:30:24.100 UTC [4982] LOG:  duration: 741.479 ms  statement: SELECT count(*) FROM orders WHERE created_at > now() - interval '1 day'
2026-10-03 20:30:24.454 UTC [5029] LOG:  connection received: host=10.0.3.5 port=54638
2026-10-03 20:30:24.454 UTC [5029] LOG:  connection authorized: user=shop database=shop
2026-10-03 20:30:24.630 UTC [5332] LOG:  duration: 292.898 ms  statement: SELECT count(*) FROM orders WHERE created_at > now() - interval '1 day'
2026-10-03 20:30:24.775 UTC [5002] LOG:  duration: 803.842 ms  statement: SELECT count(*) FROM orders WHERE created_at > now() - interval '1 day'
2026-10-03 20:30:25.129 UTC [5010] LOG:  duration: 1762.236 ms  execute <unnamed>: SELECT o.id, o.total, c.name
	FROM orders o
	JOIN customers c ON c.id = o.customer_id
	WHERE o.status = $1
	ORDER BY o.created_at DESC
2026-10-03 20:30:25.129 UTC [5010] DETAIL:  parameters: $1 = 'PENDING'
2026-10-03 20:30:25.252 UTC [4949] LOG:  connection received: host=10.0.3.5 port=54519
2026-10-03 20:30:25.252 UTC [4949] LOG:  connection authorized: user=shop database=shop
2026-10-03 20:30:25.840 UTC [5140] ERROR:  duplicate key value violates unique constraint "orders_pkey"
2026-10-03 20:30:25.840 UTC [5140] DETAIL:  Key (id)=(10245) already exists.
2026-10-03 20:30:25.840 UTC [5140] STATEMENT:  INSERT INTO orders (id, customer_id, total) VALUES ($1, $2, $3)
2026-10-03 20:30:26.223 UTC [5277] LOG:  duration: 537.95 ms  statement: SELECT count(*) FROM orders WHERE created_at > now() - interval '1 day'
2026-10-03 20:30:26.353 UTC [5397] LOG:  connection received: host=10.0.3.5 port=58764
2026-10-03 20:30:26.353 UTC [5397] LOG:  connection authorized: user=shop database=shop
2026-10-03 20:30:26.652 UTC [5077] LOG:  duration: 159.206 ms  statement: SELECT count(*) FROM orders WHERE created_at > now() - interval '1 day'
2026-10-03 20:30:26.999 UTC [5004] LOG:  connection received: host=10.0.3.5 port=56475
2026-10-03 20:30:26.999 UTC [5004] LOG:  connection authorized: user=shop database=shop
2026-10-03 20:30:28.113 UTC [5295] ERROR:  duplicate key value violates unique constraint "orders_pkey"
2026-10-03 20:30:28.113 UTC [5295] DETAIL:  Key (id)=(10334) already exists.
2026-10-03 20:30:28.113 UTC [5295] STATEMENT:  INSERT INTO orders (id, customer_id, total) VALUES ($1, $2, $3)
2026-10-03 20:30:28.999 UTC [5362] LOG:  duration: 444.321 ms  statement: SELECT count(*) FROM orders WHERE created_at > now() - interval '1 day'
2026-10-03 20:30:29.794 UTC [5179] LOG:  duration: 258.633 ms  statement: SELECT count(*) FROM orders WHERE created_at > now() - interval '1 day'
2026-10-03 20:30:29.929 UTC [4933] FATAL:  remaining connection slots are reserved for non-replication superuser connections
2026-10-03 20:30:30.559 UTC [5310] LOG:  duration: 775.699 ms  statement: SELECT count(*) FROM orders WHERE created_at > now() - interval '1 day'
2026-10-03 20:30:30.615 UTC [5303] LOG:  duration: 152.111 ms  statement: SELECT count(*) FROM orders WHERE created_at > now() - interval '1 day'
2026-10-03 20:30:30.666 UTC [4921] LOG:  duration: 889.158 ms  statement: SELECT count(*) FROM orders WHERE created_at > now() - interval '1 day'
2026-10-03 20:30:31.120 UTC [5090] LOG:  duration: 835.528 ms  statement: SELECT count(*) FROM orders WHERE created_at > now() - interval '1 day'
2026-10-03 20:30:31.253 UTC [5196] LOG:  duration: 1936.347 ms  execute <unnamed>: SELECT o.id, o.total, c.name
	FROM orders o
	JOIN customers c ON c.id = o.customer_id
	WHERE o.status = $1
	ORDER BY o.created_at DESC
2026-10-03 20:30:31.253 UTC [5196] DETAIL:  parameters: $1 = 'PENDING'
2026-10-03 20:30:31.305 UTC [5051] LOG:  connection received: host=10.0.3.5 port=57679
2026-10-03 20:30:31.305 UTC [5051] LOG:  connection authorized: user=shop database=shop
2026-10-03 20:30:31.729 UTC [5160] LOG:  connection received: host=10.0.3.5 port=50033
2026-10-03 20:30:31.729 UTC [5160] LOG:  connection authorized: user=shop database=shop
2026-10-03 20:30:31.999 UTC [5335] LOG:  duration: 689.97 ms  statement: SELECT count(*) FROM orders WHERE created_at > now() - interval '1 day'
2026-10-03 20:30:32.105 UTC [5067] FATAL:  remaining connection slots are reserved for non-replication superuser connections
2026-10-03 20:30:32.144 UTC [4917] LOG:  connection received: host=10.0.3.5 port=58742
2026-10-03 20:30:32.144 UTC [4917] LOG:  connection authorized: user=shop database=shop
2026-10-03 20:30:32.308 UTC [5231] LOG:  connection received: host=10.0.3.5 port=53905
2026-10-03 20:30:32.308 UTC [5231] LOG:  connection authorized: user=shop database=shop
2026-10-03 20:30:32.999 UTC [5178] LOG:  duration: 1684.143 ms  execute <unnamed>: SELECT o.id, o.total, c.name
	FROM orders o
	JOIN customers c ON c.id = o.customer_id
	WHERE o.status = $1
	ORDER BY o.created_at DESC
2026-10-03 20:30:32.999 UTC [5178] DETAIL:  parameters: $1 = 'PENDING'
2026-10-03 20:30:33.999 UTC [4967] LOG:  duration: 717.314 ms  statement: SELECT count(*) FROM orders WHERE created_at > now() - interval '1 day'
2026-10-03 20:30:33.999 UTC [27] LOG:  checkpoint starting: time
2026-10-03 20:30:33.999 UTC [27] LOG:  checkpoint complete: wrote 152 buffers (0.8%); 0 WAL file(s) added, 0 removed, 0 recycled; write=6.2 s, sync=0.007 s, total=6.3 s
2026-10-03 20:30:34.565 UTC [4948] LOG:  duration: 558.411 ms  statement: SELECT count(*) FROM orders WHERE created_at > now() - interval '1 day'
2026-10-03 20:30:34.670 UTC [5038] LOG:  duration: 663.634 ms  statement: SELECT count(*) FROM orders WHERE created_at > now() - interval '1 day'
2026-10-03 20:30:35.249 UTC [5183] LOG:  connection received: host=10.0.3.5 port=55687
2026-10-03 20:30:35.249 UTC [5183] LOG:  connection authorized: user=shop database=shop
2026-10-03 20:30:35.474 UTC [5380] LOG:  duration: 498.298 ms  statement: SELECT count(*) FROM orders WHERE created_at > now() - interval '1 day'
2026-10-03 20:30:35.999 UTC [5074] ERROR:  duplicate key value violates unique constraint "orders_pkey"
2026-10-03 20:30:35.999 UTC [5074] DETAIL:  Key (id)=(10827) already exists.
2026-10-03 20:30:35.999 UTC [5074] STATEMENT:  INSERT INTO orders (id, customer_id, total) VALUES ($1, $2, $3)
2026-10-03 20:30:36.485 UTC [5310] ERROR:  duplicate key value violates unique constraint "orders_pkey"
2026-10-03 20:30:36.485 UTC [5310] DETAIL:  Key (id)=(10350) already exists.
2026-10-03 20:30:36.485 UTC [5310] STATEMENT:  INSERT INTO orders (id, customer_id, total) VALUES ($1, $2, $3)
2026-10-03 20:30:36.954 UTC [4999] LOG:  duration: 553.347 ms  statement: SELECT count(*) FROM orders WHERE created_at > now() - interval '1 day'
2026-10-03 20:30:38.203 UTC [5121] LOG:  duration: 601.517 ms  statement: SELECT count(*) FROM orders WHERE created_at > now() - interval '1 day'
2026-10-03 20:30:38.356 UTC [5245] LOG:  duration: 2577.647 ms  execute <unnamed>: SELECT o.id, o.total, c.name
	FROM orders o
	JOIN customers c ON c.id = o.customer_id
	WHERE o.status = $1
	ORDER BY o.created_at DESC
2026-10-03 20:30:38.356 UTC [5245] DETAIL:  parameters: $1 = 'PENDING'
2026-10-03 20:30:39.218 UTC [5306] LOG:  duration: 14.62 ms  statement: SELECT count(*) FROM orders WHERE created_at > now() - interval '1 day'
2026-10-03 20:30:39.567 UTC [5255] FATAL:  remaining connection slots are reserved for non-replication superuser connections
2026-10-03 20:30:39.590 UTC [4998] FATAL:  remaining connection slots are reserved for non-replication superuser connections
2026-10-03 20:30:39.999 UTC [5101] LOG:  duration: 263.651 ms  statement: SELECT count(*) FROM orders WHERE created_at > now() - interval '1 day'
2026-10-03 20:30:40.163 UTC [5136] LOG:  duration: 0.357 ms  statement: SELECT count(*) FROM orders WHERE created_at > now() - interval '1 day'
2026-10-03 20:30:40.437 UTC [4927] LOG:  duration: 165.843 ms  statement: SELECT count(*) FROM orders WHERE created_at > now() - interval '1 day'
2026-10-03 20:30:40.886 UTC [5073] LOG:  duration: 520.827 ms  statement: SELECT count(*) FROM orders WHERE created_at > now() - interval '1 day'
2026-10-03 20:30:41.568 UTC [5033] LOG:  duration: 1299.91 ms  execute <unnamed>: SELECT o.id, o.total, c.name
	FROM orders o
	JOIN customers c ON c.id = o.customer_id
	WHERE o.status = $1
	ORDER BY o.created_at DESC
2026-10-03 20:30:41.568 UTC [5033] DETAIL:  parameters: $1 = 'PENDING'
2026-10-03 20:30:41.861 UTC [5001] LOG:  duration: 136.31 ms  statement: SELECT count(*) FROM orders WHERE created_at > now() - interval '1 day'
2026-10-03 20:30:42.334 UTC [5297] LOG:  duration: 694.403 ms  statement: SELECT count(*) FROM orders WHERE created_at > now() - interval '1 day'
2026-10-03 20:30:42.863 UTC [5129] LOG:  duration: 613.81 ms  statement: SELECT count(*) FROM orders WHERE created_at > now() - interval '1 day'
2026-10-03 20:30:42.999 UTC [27] LOG:  checkpoint starting: time
2026-10-03 20:30:42.999 UTC [27] LOG:  checkpoint complete: wrote 109 buffers (0.8%); 0 WAL file(s) added, 0 removed, 0 recycled; write=6.7 s, sync=0.002 s, total=6.1 s
2026-10-03 20:30:43.194 UTC [5048] LOG:  duration: 48.334 ms  statement: SELECT count(*) FROM orders WHERE created_at > now() - interval '1 day'
2026-10-03 20:30:43.324 UTC [5100] LOG:  duration: 1281.318 ms  execute <unnamed>: SELECT o.id, o.total, c.name
	FROM orders o
	JOIN customers c ON c.id = o.customer_id
	WHERE o.status = $1
	ORDER BY o.created_at DESC
2026-10-03 20:30:43.324 UTC [5100] DETAIL:  parameters: $1 = 'PENDING'
2026-10-03 20:30:43.852 UTC [5113] FATAL:  remaining connection slots are reserved for non-replication superuser connections
2026-10-03 20:30:43.999 UTC [5072] LOG:  duration: 1385.249 ms  execute <unnamed>: SELECT o.id, o.total, c.name
	FROM orders o
	JOIN customers c ON c.id = o.customer_id
	WHERE o.status = $1
	ORDER BY o.created_at DESC
2026-10-03 20:30:43.999 UTC [5072] DETAIL:  parameters: $1 = 'PENDING'
2026-10-03 20:30:43.999 UTC [5231] LOG:  duration: 145.731 ms  statement: SELECT count(*) FROM orders WHERE created_at > now() - interval '1 day'
2026-10-03 20:30:44.720 UTC [5194] LOG:  duration: 96.438 ms  statement: SELECT count(*) FROM orders WHERE created_at > now() - interval '1 day'
2026-10-03 20:30:45.227 UTC [4964] ERROR:  duplicate key value violates unique constraint "orders_pkey"
2026-10-03 20:30:45.227 UTC [4964] DETAIL:  Key (id)=(10012) already exists.
2026-10-03 20:30:45.227 UTC [4964] STATEMENT:  INSERT INTO orders (id, customer_id, total) VALUES ($1, $2, $3)
2026-10-03 20:30:45.999 UTC [5112] ERROR:  duplicate key value violates unique constraint "orders_pkey"
2026-10-03 20:30:45.999 UTC [5112] DETAIL:  Key (id)=(10808) already exists.
2026-10-03 20:30:45.999 UTC [5112] STATEMENT:  INSERT INTO orders (id, customer_id, total) VALUES ($1, $2, $3)
2026-10-03 20:30:46.148 UTC [5167] LOG:  duration: 436.704 ms  statement: SELECT count(*) FROM orders WHERE created_at > now() - interval '1 day'
2026-10-03 20:30:46.879 UTC [4955] LOG:  duration: 294.614 ms  statement: SELECT count(*) FROM orders WHERE created_at > now() - interval '1 day'
2026-10-03 20:30:47.131 UTC [5063] LOG:  duration: 24.617 ms  statement: SELECT count(*) FROM orders WHERE created_at > now() - interval '1 day'
2026-10-03 20:30:47.451 UTC [5100] LOG:  duration: 143.554 ms  statement: SELECT count(*) FROM orders WHERE created_at > now() - interval '1 day'
2026-10-03 20:30:47.970 UTC [5299] LOG:  duration: 3443.114 ms  execute <unnamed>: SELECT o.id, o.total, c.name
	FROM orders o
	JOIN customers c ON c.id = o.customer_id
	WHERE o.status = $1
	ORDER BY o.created_at DESC
2026-10-03 20:30:47.970 UTC [5299] DETAIL:  parameters: $1 = 'PENDING'
2026-10-03 20:30:47.979 UTC [5321] LOG:  duration: 235.64 ms  statement: SELECT count(*) FROM orders WHERE created_at > now() - interval '1 day'
2026-10-03 20:30:47.999 UTC [4985] FATAL:  remaining connection slots are reserved for non-replication superuser connections
2026-10-03 20:30:48.553 UTC [5302] LOG:  duration: 3469.235 ms  execute <unnamed>: SELECT o.id, o.total, c.name
	FROM orders o
	JOIN customers c ON c.id = o.customer_id
	WHERE o.status = $1
	ORDER BY o.created_at DESC
2026-10-03 20:30:48.553 UTC [5302] DETAIL:  parameters: $1 = 'PENDING'
2026-10-03 20:30:48.925 UTC [5346] LOG:  duration: 2437.101 ms  execute <unnamed>: SELECT o.id, o.total, c.name
	FROM orders o
	JOIN customers c ON c.id = o.customer_id
	WHERE o.status = $1
	ORDER BY o.created_at DESC
2026-10-03 20:30:48.925 UTC [5346] DETAIL:  parameters: $1 = 'PENDING'
2026-10-03 20:30:48.999 UTC [5148] LOG:  duration: 28.586 ms  statement: SELECT count(*) FROM orders WHERE created_at > now() - interval '1 day'
2026-10-03 20:30:49.282 UTC [4930] LOG:  duration: 1758.503 ms  execute <unnamed>: SELECT o.id, o.total, c.name
	FROM orders o
	JOIN customers c ON c.id = o.customer_id
	WHERE o.status = $1
	ORDER BY o.created_at DESC
2026-10-03 20:30:49.282 UTC [4930] DETAIL:  parameters: $1 = 'PENDING'
2026-10-03 20:30:49.999 UTC [5398] LOG:  duration: 310.78 ms  statement: SELECT count(*) FROM orders WHERE created_at > now() - interval '1 day'
2026-10-03 20:30:49.999 UTC [5377] LOG:  duration: 64.644 ms  statement: SELECT count(*) FROM orders WHERE created_at > now() - interval '1 day'
2026-10-03 20:30:50.565 UTC [5066] LOG:  duration: 757.830 ms  statement: SELECT count(*) FROM orders WHERE created_at > now() - interval '1 day'
2026-10-03 20:30:50.999 UTC [5196] LOG:  connection received: host=10.0.3.5 port=53451
2026-10-03 20:30:50.999 UTC [5196] LOG:  connection authorized: user=shop database=shop
2026-10-03 20:30:51.896 UTC [27] LOG:  checkpoint starting: time
2026-10-03 20:30:51.896 UTC [27] LOG:  checkpoint complete: wrote 156 buffers (0.7%); 0 WAL file(s) added, 0 removed, 0 recycled; write=6.6 s, sync=0.002 s, total=6.0 s
2026-10-03 20:30:52.490 UTC [4946] LOG:  duration: 31.220 ms  statement: SELECT count(*) FROM orders WHERE created_at > now() - interval '1 day'
2026-10-03 20:30:53.547 UTC [4920] LOG:  duration: 167.277 ms  statement: SELECT count(*) FROM orders WHERE created_at > now() - interval '1 day'
2026-10-03 20:30:54.717 UTC [5149] ERROR:  duplicate key value violates unique constraint "orders_pkey"
2026-10-03 20:30:54.717 UTC [5149] DETAIL:  Key (id)=(10724) already exists.
2026-10-03 20:30:54.717 UTC [5149] STATEMENT:  INSERT INTO orders (id, customer_id, total) VALUES ($1, $2, $3)
2026-10-03 20:30:55.586 UTC [4961] FATAL:  remaining connection slots are reserved for non-replication superuser connections
2026-10-03 20:30:56.370 UTC [5017] LOG:  duration: 412.320 ms  statement: SELECT count(*) FROM orders WHERE created_at > now() - interval '1 day'
2026-10-03 20:30:57.817 UTC [27] LOG:  checkpoint starting: time
2026-10-03 20:30:57.817 UTC [27] LOG:  checkpoint complete: wrote 62 buffers (0.7%); 0 WAL file(s) added, 0 removed, 0 recycled; write=6.0 s, sync=0.008 s, total=6.2 s
2026-10-03 20:30:58.592 UTC [4960] LOG:  duration: 182.719 ms  statement: SELECT count(*) FROM orders WHERE created_at > now() - interval '1 day'
2026-10-03 20:30:58.999 UTC [5134] LOG:  duration: 578.315 ms  statement: SELECT count(*) FROM orders WHERE created_at > now() - interval '1 day'
2026-10-03 20:30:58.999 UTC [4989] LOG:  duration: 420.118 ms  statement: SELECT count(*) FROM orders WHERE created_at > now() - interval '1 day'
2026-10-03 20:30:59.711 UTC [5050] LOG:  duration: 725.776 ms  statement: SELECT count(*) FROM orders WHERE created_at > now() - interval '1 day'
2026-10-03 20:30:59.999 UTC [5191] LOG:  duration: 160.783 ms  statement: SELECT count(*) FROM orders WHERE created_at > now() - interval '1 day'
2026-10-03 20:31:00.285 UTC [4901] LOG:  duration: 1556.333 ms  execute <unnamed>: SELECT o.id, o.total, c.name
	FROM orders o
	JOIN customers c ON c.id = o.customer_id
	WHERE o.status = $1
	ORDER BY o.created_at DESC
2026-10-03 20:31:00.285 UTC [4901] DETAIL:  parameters: $1 = 'PENDING'
2026-10-03 20:31:01.036 UTC [4963] LOG:  duration: 437.782 ms  statement: SELECT count(*) FROM orders WHERE created_at > now() - interval '1 day'
2026-10-03 20:31:01.433 UTC [5037] LOG:  connection received: host=10.0.3.5 port=51598
2026-10-03 20:31:01.433 UTC [5037] LOG:  connection authorized: user=shop database=shop
2026-10-03 20:31:01.677 UTC [4966] LOG:  duration: 850.308 ms  statement: SELECT count(*) FROM orders WHERE created_at > now() - interval '1 day'
2026-10-03 20:31:01.999 UTC [4921] LOG:  duration: 464.364 ms  statement: SELECT count(*) FROM orders WHERE created_at > now() - interval '1 day'
2026-10-03 20:31:02.810 UTC [5359] LOG:  duration: 827.302 ms  statement: SELECT count(*) FROM orders WHERE created_at > now() - interval '1 day'
2026-10-03 20:31:02.999 UTC [5212] FATAL:  remaining connection slots are reserved for non-replication superuser connections
2026-10-03 20:31:03.376 UTC [5045] LOG:  duration: 3076.221 ms  execute <unnamed>: SELECT o.id, o.total, c.name
	FROM orders o
	JOIN customers c ON c.id = o.customer_id
	WHERE o.status = $1
	ORDER BY o.created_at DESC
2026-10-03 20:31:03.376 UTC [5045] DETAIL:  parameters: $1 = 'PENDING'
2026-10-03 20:31:04.549 UTC [5082] LOG:  duration: 484.687 ms  statement: SELECT count(*) FROM orders WHERE created_at > now() - interval '1 day'
2026-10-03 20:31:04.999 UTC [5040] LOG:  duration: 497.851 ms  statement: SELECT count(*) FROM orders WHERE created_at > now() - interval '1 day'
2026-10-03 20:31:05.637 UTC [5138] LOG:  duration: 565.437 ms  statement: SELECT count(*) FROM orders WHERE created_at > now() - interval '1 day'
2026-10-03 20:31:05.818 UTC [5313] LOG:  duration: 638.28 ms  statement: SELECT count(*) FROM orders WHERE created_at > now() - interval '1 day'
2026-10-03 20:31:06.944 UTC [4904] LOG:  duration: 162.195 ms  statement: SELECT count(*) FROM orders WHERE created_at > now() - interval '1 day'
2026-10-03 20:31:06.999 UTC [5276] LOG:  duration: 486.618 ms  statement: SELECT count(*) FROM orders WHERE created_at > now() - interval '1 day'
2026-10-03 20:31:07.407 UTC [5020] FATAL:  remaining connection slots are reserved for non-replication superuser connections
2026-10-03 20:31:07.537 UTC [4910] ERROR:  duplicate key value violates unique constraint "orders_pkey"
2026-10-03 20:31:07.537 UTC [4910] DETAIL:  Key (id)=(10882) already exists.
2026-10-03 20:31:07.537 UTC [4910] STATEMENT:  INSERT INTO orders (id, customer_id, total) VALUES ($1, $2, $3)
2026-10-03 20:31:08.922 UTC [5385] LOG:  connection received: host=10.0.3.5 port=50483
2026-10-03 20:31:08.922 UTC [5385] LOG:  connection authorized: user=shop database=shop
2026-10-03 20:31:09.726 UTC [5303] ERROR:  duplicate key value violates unique constraint "orders_pkey"
2026-10-03 20:31:09.726 UTC [5303] DETAIL:  Key (id)=(10614) already exists.
2026-10-03 20:31:09.726 UTC [5303] STATEMENT:  INSERT INTO orders (id, customer_id, total) VALUES ($1, $2, $3)
2026-10-03 20:31:09.792 UTC [5137] LOG:  duration: 168.568 ms  statement: SELECT count(*) FROM orders WHERE created_at > now() - interval '1 day'
2026-10-03 20:31:10.146 UTC [5039] LOG:  duration: 2068.235 ms  execute <unnamed>: SELECT o.id, o.total, c.name
	FROM orders o
	JOIN customers c ON c.id = o.customer_id
	WHERE o.status = $1
	ORDER BY o.created_at DESC
2026-10-03 20:31:10.146 UTC [5039] DETAIL:  parameters: $1 = 'PENDING'
2026-10-03 20:31:10.168 UTC [5016] ERROR:  duplicate key value violates unique constraint "orders_pkey"
2026-10-03 20:31:10.168 UTC [5016] DETAIL:  Key (id)=(10466) already exists.
2026-10-03 20:31:10.168 UTC [5016] STATEMENT:  INSERT INTO orders (id, customer_id, total) VALUES ($1, $2, $3)
2026-10-03 20:31:10.611 UTC [5173] LOG:  duration: 482.821 ms  statement: SELECT count(*) FROM orders WHERE created_at > now() - interval '1 day'
2026-10-03 20:31:11.557 UTC [5157] LOG:  connection received: host=10.0.3.5 port=52663
2026-10-03 20:31:11.557 UTC [5157] LOG:  connection authorized: user=shop database=shop
2026-10-03 20:31:11.874 UTC [5370] LOG:  duration: 179.599 ms  statement: SELECT count(*) FROM orders WHERE created_at > now() - interval '1 day'
2026-10-03 20:31:11.999 UTC [27] LOG:  checkpoint starting: time
2026-10-03 20:31:11.999 UTC [27] LOG:  checkpoint complete: wrote 109 buffers (0.5%); 0 WAL file(s) added, 0 removed, 0 recycled; write=6.3 s, sync=0.003 s, total=6.3 s
2026-10-03 20:31:12.092 UTC [4975] LOG:  connection received: host=10.0.3.5 port=57820
2026-10-03 20:31:12.092 UTC [4975] LOG:  connection authorized: user=shop database=shop
2026-10-03 20:31:12.999 UTC [4965] LOG:  duration: 2840.86 ms  execute <unnamed>: SELECT o.id, o.total, c.name
	FROM orders o
	JOIN customers c ON c.id = o.customer_id
	WHERE o.status = $1
	ORDER BY o.created_at DESC
2026-10-03 20:31:12.999 UTC [4965] DETAIL:  parameters: $1 = 'PENDING'
2026-10-03 20:31:12.999 UTC [5357] LOG:  connection received: host=10.0.3.5 port=54758
2026-10-03 20:31:12.999 UTC [5357] LOG:  connection authorized: user=shop database=shop
2026-10-03 20:31:13.130 UTC [5248] LOG:  duration: 382.65 ms  statement: SELECT count(*) FROM orders WHERE created_at > now() - interval '1 day'
2026-10-03 20:31:14.398 UTC [4939] FATAL:  remaining connection slots are reserved for non-replication superuser connections
2026-10-03 20:31:14.999 UTC [5063] LOG:  duration: 805.75 ms  statement: SELECT count(*) FROM orders WHERE created_at > now() - interval '1 day'
2026-10-03 20:31:15.158 UTC [5078] LOG:  duration: 450.502 ms  statement: SELECT count(*) FROM orders WHERE created_at > now() - interval '1 day'
2026-10-03 20:31:15.376 UTC [5181] FATAL:  remaining connection slots are reserved for non-replication superuser connections
2026-10-03 20:31:15.438 UTC [4934] LOG:  duration: 2878.31 ms  execute <unnamed>: SELECT o.id, o.total, c.name
	FROM orders o
	JOIN customers c ON c.id = o.customer_id
	WHERE o.status = $1
	ORDER BY o.created_at DESC
2026-10-03 20:31:15.438 UTC [4934] DETAIL:  parameters: $1 = 'PENDING'
2026-10-03 20:31:15.761 UTC [5386] LOG:  duration: 855.302 ms  statement: SELECT count(*) FROM orders WHERE created_at > now() - interval '1 day'
2026-10-03 20:31:15.999 UTC [5011] LOG:  connection received: host=10.0.3.5 port=51722
2026-10-03 20:31:15.999 UTC [5011] LOG:  connection authorized: user=shop database=shop
2026-10-03 20:31:16.469 UTC [5230] LOG:  connection received: host=10.0.3.5 port=57676
2026-10-03 20:31:16.469 UTC [5230] LOG:  connection authorized: user=shop database=shop
2026-10-03 20:31:17.092 UTC [5327] LOG:  duration: 505.317 ms  statement: SELECT count(*) FROM orders WHERE created_at > now() - interval '1 day'
2026-10-03 20:31:17.195 UTC [5106] LOG:  connection received: host=10.0.3.5 port=57343
2026-10-03 20:31:17.195 UTC [5106] LOG:  connection authorized: user=shop database=shop
2026-10-03 20:31:18.121 UTC [4987] LOG:  duration: 890.38 ms  statement: SELECT count(*) FROM orders WHERE created_at > now() - interval '1 day'
2026-10-03 20:31:18.999 UTC [5126] LOG:  connection received: host=10.0.3.5 port=57889
2026-10-03 20:31:18.999 UTC [5126] LOG:  connection authorized: user=shop database=shop
2026-10-03 20:31:19.040 UTC [5363] ERROR:  duplicate key value violates unique constraint "orders_pkey"
2026-10-03 20:31:19.040 UTC [5363] DETAIL:  Key (id)=(10342) already exists.
2026-10-03 20:31:19.040 UTC [5363] STATEMENT:  INSERT INTO orders (id, customer_id, total) VALUES ($1, $2, $3)
2026-10-03 20:31:19.240 UTC [5333] LOG:  connection received: host=10.0.3.5 port=51173
2026-10-03 20:31:19.240 UTC [5333] LOG:  connection authorized: user=shop database=shop
2026-10-03 20:31:19.961 UTC [5154] LOG:  duration: 1230.627 ms  execute <unnamed>: SELECT o.id, o.total, c.name
	FROM orders o
	JOIN customers c ON c.id = o.customer_id
	WHERE o.status = $1
	ORDER BY o.created_at DESC
2026-10-03 20:31:19.961 UTC [5154] DETAIL:  parameters: $1 = 'PENDING'
2026-10-03 20:31:19.999 UTC [4950] LOG:  duration: 804.705 ms  statement: SELECT count(*) FROM orders WHERE created_at > now() - interval '1 day'
2026-10-03 20:31:22.124 UTC [5178] LOG:  connection received: host=10.0.3.5 port=50542
2026-10-03 20:31:22.124 UTC [5178] LOG:  connection authorized: user=shop database=shop
2026-10-03 20:31:22.943 UTC [4913] LOG:  duration: 649.534 ms  statement: SELECT count(*) FROM orders WHERE created_at > now() - interval '1 day'
2026-10-03 20:31:22.960 UTC [5034] LOG:  duration: 778.768 ms  statement: SELECT count(*) FROM orders WHERE created_at > now() - interval '1 day'
2026-10-03 20:31:22.999 UTC [5147] LOG:  duration: 9.293 ms  statement: SELECT count(*) FROM orders WHERE created_at > now() - interval '1 day'
2026-10-03 20:31:23.050 UTC [5239] FATAL:  remaining connection slots are reserved for non-replication superuser connections
2026-10-03 20:31:23.166 UTC [5050] LOG:  duration: 2952.555 ms  execute <unnamed>: SELECT o.id, o.total, c.name
	FROM orders o
	JOIN customers c ON c.id = o.customer_id
	WHERE o.status = $1
	ORDER BY o.created_at DESC
2026-10-03 20:31:23.166 UTC [5050] DETAIL:  parameters: $1 = 'PENDING'
2026-10-03 20:31:23.359 UTC [5329] LOG:  connection received: host=10.0.3.5 port=56079
2026-10-03 20:31:23.359 UTC [5329] LOG:  connection authorized: user=shop database=shop
2026-10-03 20:31:24.813 UTC [5064] LOG:  duration: 213.813 ms  statement: SELECT count(*) FROM orders WHERE created_at > now() - interval '1 day'
2026-10-03 20:31:25.198 UTC [4998] LOG:  duration: 3443.212 ms  execute <unnamed>: SELECT o.id, o.total, c.name
	FROM orders o
	JOIN customers c ON c.id = o.customer_id
	WHERE o.status = $1
	ORDER BY o.created_at DESC
2026-10-03 20:31:25.198 UTC [4998] DETAIL:  parameters: $1 = 'PENDING'
2026-10-03 20:31:25.502 UTC [4978] LOG:  connection received: host=10.0.3.5 port=57657
2026-10-03 20:31:25.502 UTC [4978] LOG:  connection authorized: user=shop database=shop
2026-10-03 20:31:25.901 UTC [5330] LOG:  duration: 464.340 ms  statement: SELECT count(*) FROM orders WHERE created_at > now() - interval '1 day'
2026-10-03 20:31:25.924 UTC [5019] LOG:  duration: 715.301 ms  statement: SELECT count(*) FROM orders WHERE created_at > now() - interval '1 day'
2026-10-03 20:31:25.999 UTC [4924] LOG:  connection received: host=10.0.3.5 port=55455
2026-10-03 20:31:25.999 UTC [4924] LOG:  connection authorized: user=shop database=shop
2026-10-03 20:31:26.314 UTC [5104] LOG:  duration: 249.470 ms  statement: SELECT count(*) FROM orders WHERE created_at > now() - interval '1 day'
2026-10-03 20:31:27.125 UTC [5245] LOG:  duration: 537.259 ms  statement: SELECT count(*) FROM orders WHERE created_at > now() - interval '1 day'
2026-10-03 20:31:27.405 UTC [5074] LOG:  duration: 441.354 ms  statement: SELECT count(*) FROM orders WHERE created_at > now() - interval '1 day'
2026-10-03 20:31:27.832 UTC [5358] LOG:  duration: 778.225 ms  statement: SELECT count(*) FROM orders WHERE created_at > now() - interval '1 day'
2026-10-03 20:31:27.987 UTC [5048] LOG:  duration: 2815.835 ms  execute <unnamed>: SELECT o.id, o.total, c.name
	FROM orders o
	JOIN customers c ON c.id = o.customer_id
	WHERE o.status = $1
	ORDER BY o.created_at DESC
2026-10-03 20:31:27.987 UTC [5048] DETAIL:  parameters: $1 = 'PENDING'
2026-10-03 20:31:27.999 UTC [4936] LOG:  connection received: host=10.0.3.5 port=56240
2026-10-03 20:31:27.999 UTC [4936] LOG:  connection authorized: user=shop database=shop
2026-10-03 20:31:28.147 UTC [5332] LOG:  duration: 389.831 ms  statement: SELECT count(*) FROM orders WHERE created_at > now() - interval '1 day'
2026-10-03 20:31:28.980 UTC [5321] LOG:  duration: 101.395 ms  statement: SELECT count(*) FROM orders WHERE created_at > now() - interval '1 day'
2026-10-03 20:31:29.162 UTC [27] LOG:  checkpoint starting: time
2026-10-03 20:31:29.162 UTC [27] LOG:  checkpoint complete: wrote 182 buffers (0.8%); 0 WAL file(s) added, 0 removed, 0 recycled; write=6.1 s, sync=0.004 s, total=6.5 s
2026-10-03 20:31:29.569 UTC [5298] LOG:  duration: 2786.576 ms  execute <unnamed>: SELECT o.id, o.total, c.name
	FROM orders o
	JOIN customers c ON c.id = o.customer_id
	WHERE o.status = $1
	ORDER BY o.created_at DESC
2026-10-03 20:31:29.569 UTC [5298] DETAIL:  parameters: $1 = 'PENDING'
2026-10-03 20:31:29.765 UTC [5125] LOG:  duration: 373.305 ms  statement: SELECT count(*) FROM orders WHERE created_at > now() - interval '1 day'
2026-10-03 20:31:29.837 UTC [5087] LOG:  duration: 3371.150 ms  execute <unnamed>: SELECT o.id, o.total, c.name
	FROM orders o
	JOIN customers c ON c.id = o.customer_id
	WHERE o.status = $1
	ORDER BY o.created_at DESC
2026-10-03 20:31:29.837 UTC [5087] DETAIL:  parameters: $1 = 'PENDING'
2026-10-03 20:31:29.942 UTC [4996] LOG:  duration: 726.300 ms  statement: SELECT count(*) FROM orders WHERE created_at > now() - interval '1 day'
2026-10-03 20:31:30.148 UTC [5054] LOG:  duration: 1021.313 ms  execute <unnamed>: SELECT o.id, o.total, c.name
	FROM orders o
	JOIN customers c ON c.id = o.customer_id
	WHERE o.status = $1
	ORDER BY o.created_at DESC
2026-10-03 20:31:30.148 UTC [5054] DETAIL:  parameters: $1 = 'PENDING'
2026-10-03 20:31:30.337 UTC [4967] LOG:  connection received: host=10.0.3.5 port=56878
2026-10-03 20:31:30.337 UTC [4967] LOG:  connection authorized: user=shop database=shop
2026-10-03 20:31:31.822 UTC [5121] LOG:  duration: 748.308 ms  statement: SELECT count(*) FROM orders WHERE created_at > now() - interval '1 day'
2026-10-03 20:31:31.899 UTC [4982] ERROR:  duplicate key value violates unique constraint "orders_pkey"
2026-10-03 20:31:31.899 UTC [4982] DETAIL:  Key (id)=(10489) already exists.
2026-10-03 20:31:31.899 UTC [4982] STATEMENT:  INSERT INTO orders (id, customer_id, total) VALUES ($1, $2, $3)
2026-10-03 20:31:32.405 UTC [5389] LOG:  connection received: host=10.0.3.5 port=55337
2026-10-03 20:31:32.405 UTC [5389] LOG:  connection authorized: user=shop database=shop
2026-10-03 20:31:32.701 UTC [5129] LOG:  duration: 2999.876 ms  execute <unnamed>: SELECT o.id, o.total, c.name
	FROM orders o
	JOIN customers c ON c.id = o.customer_id
	WHERE o.status = $1
	ORDER BY o.created_at DESC
2026-10-03 20:31:32.701 UTC [5129] DETAIL:  parameters: $1 = 'PENDING'
2026-10-03 20:31:32.787 UTC [5154] LOG:  connection received: host=10.0.3.5 port=53327
2026-10-03 20:31:32.787 UTC [5154] LOG:  connection authorized: user=shop database=shop
2026-10-03 20:31:33.298 UTC [4958] LOG:  duration: 562.132 ms  statement: SELECT count(*) FROM orders WHERE created_at > now() - interval '1 day'
2026-10-03 20:31:33.400 UTC [5325] LOG:  duration: 657.476 ms  statement: SELECT count(*) FROM orders WHERE created_at > now() - interval '1 day'
2026-10-03 20:31:33.930 UTC [4979] ERROR:  duplicate key value violates unique constraint "orders_pkey"
2026-10-03 20:31:33.930 UTC [4979] DETAIL:  Key (id)=(10696) already exists.
2026-10-03 20:31:33.930 UTC [4979] STATEMENT:  INSERT INTO orders (id, customer_id, total) VALUES ($1, $2, $3)
2026-10-03 20:31:33.999 UTC [5380] LOG:  duration: 247.260 ms  statement: SELECT count(*) FROM orders WHERE created_at > now() - interval '1 day'
2026-10-03 20:31:34.999 UTC [5106] LOG:  duration: 772.515 ms  statement: SELECT count(*) FROM orders WHERE created_at > now() - interval '1 day'
2026-10-03 20:31:36.444 UTC [5358] LOG:  connection received: host=10.0.3.5 port=50973
2026-10-03 20:31:36.444 UTC [5358] LOG:  connection authorized: user=shop database=shop
2026-10-03 20:31:36.999 UTC [5012] LOG:  duration: 864.411 ms  statement: SELECT count(*) FROM orders WHERE created_at > now() - interval '1 day'
2026-10-03 20:31:38.710 UTC [5174] LOG:  duration: 609.896 ms  statement: SELECT count(*) FROM orders WHERE created_at > now() - interval '1 day'
2026-10-03 20:31:39.485 UTC [5175] LOG:  duration: 755.896 ms  statement: SELECT count(*) FROM orders WHERE created_at > now() - interval '1 day'
2026-10-03 20:31:39.767 UTC [5253] LOG:  duration: 828.498 ms  statement: SELECT count(*) FROM orders WHERE created_at > now() - interval '1 day'
2026-10-03 20:31:39.999 UTC [5055] LOG:  duration: 433.663 ms  statement: SELECT count(*) FROM orders WHERE created_at > now() - interval '1 day'
2026-10-03 20:31:40.188 UTC [4956] LOG:  duration: 794.345 ms  statement: SELECT count(*) FROM orders WHERE created_at > now() - interval '1 day'
2026-10-03 20:31:40.584 UTC [4983] LOG:  connection received: host=10.0.3.5 port=55310
2026-10-03 20:31:40.584 UTC [4983] LOG:  connection authorized: user=shop database=shop
2026-10-03 20:31:41.202 UTC [5210] LOG:  duration: 455.500 ms  statement: SELECT count(*) FROM orders WHERE created_at > now() - interval '1 day'
2026-10-03 20:31:41.627 UTC [5280] LOG:  duration: 1072.409 ms  execute <unnamed>: SELECT o.id, o.total, c.name
	FROM orders o
	JOIN customers c ON c.id = o.customer_id
	WHERE o.status = $1
	ORDER BY o.created_at DESC
2026-10-03 20:31:41.627 UTC [5280] DETAIL:  parameters: $1 = 'PENDING'
2026-10-03 20:31:41.639 UTC [5288] LOG:  duration: 740.687 ms  statement: SELECT count(*) FROM orders WHERE created_at > now() - interval '1 day'
2026-10-03 20:31:41.838 UTC [5137] LOG:  duration: 643.223 ms  statement: SELECT count(*) FROM orders WHERE created_at > now() - interval '1 day'
2026-10-03 20:31:41.999 UTC [4978] LOG:  duration: 752.424 ms  statement: SELECT count(*) FROM orders WHERE created_at > now() - interval '1 day'
2026-10-03 20:31:41.999 UTC [4936] LOG:  connection received: host=10.0.3.5 port=58309
2026-10-03 20:31:41.999 UTC [4936] LOG:  connection authorized: user=shop database=shop
2026-10-03 20:31:42.074 UTC [5314] LOG:  duration: 841.370 ms  statement: SELECT count(*) FROM orders WHERE created_at > now() - interval '1 day'
2026-10-03 20:31:42.134 UTC [5232] LOG:  connection received: host=10.0.3.5 port=58940
2026-10-03 20:31:42.134 UTC [5232] LOG:  connection authorized: user=shop database=shop
2026-10-03 20:31:42.247 UTC [5289] LOG:  duration: 660.776 ms  statement: SELECT count(*) FROM orders WHERE created_at > now() - interval '1 day'
2026-10-03 20:31:42.999 UTC [5281] ERROR:  duplicate key value violates unique constraint "orders_pkey"
2026-10-03 20:31:42.999 UTC [5281] DETAIL:  Key (id)=(10112) already exists.
2026-10-03 20:31:42.999 UTC [5281] STATEMENT:  INSERT INTO orders (id, customer_id, total) VALUES ($1, $2, $3)
2026-10-03 20:31:43.097 UTC [5175] LOG:  duration: 754.241 ms  statement: SELECT count(*) FROM orders WHERE created_at > now() - interval '1 day'
2026-10-03 20:31:43.876 UTC [4939] ERROR:  duplicate key value violates unique constraint "orders_pkey"
2026-10-03 20:31:43.876 UTC [4939] DETAIL:  Key (id)=(10432) already exists.
2026-10-03 20:31:43.876 UTC [4939] STATEMENT:  INSERT INTO orders (id, customer_id, total) VALUES ($1, $2, $3)
2026-10-03 20:31:45.114 UTC [5144] LOG:  duration: 3226.111 ms  execute <unnamed>: SELECT o.id, o.total, c.name
	FROM orders o
	JOIN customers c ON c.id = o.customer_id
	WHERE o.status = $1
	ORDER BY o.created_at DESC
2026-10-03 20:31:45.114 UTC [5144] DETAIL:  parameters: $1 = 'PENDING'
2026-10-03 20:31:45.203 UTC [5021] LOG:  duration: 624.510 ms  statement: SELECT count(*) FROM orders WHERE created_at > now() - interval '1 day'
2026-10-03 20:31:45.812 UTC [5390] LOG:  duration: 847.784 ms  statement: SELECT count(*) FROM orders WHERE created_at > now() - interval '1 day'
2026-10-03 20:31:45.999 UTC [4950] LOG:  duration: 669.229 ms  statement: SELECT count(*) FROM orders WHERE created_at > now() - interval '1 day'
2026-10-03 20:31:46.999 UTC [5351] ERROR:  duplicate key value violates unique constraint "orders_pkey"
2026-10-03 20:31:46.999 UTC [5351] DETAIL:  Key (id)=(10426) already exists.
2026-10-03 20:31:46.999 UTC [5351] STATEMENT:  INSERT INTO orders (id, customer_id, total) VALUES ($1, $2, $3)
2026-10-03 20:31:46.999 UTC [4932] LOG:  duration: 848.803 ms  statement: SELECT count(*) FROM orders WHERE created_at > now() - interval '1 day'
2026-10-03 20:31:47.412 UTC [5141] LOG:  duration: 562.674 ms  statement: SELECT count(*) FROM orders WHERE created_at > now() - interval '1 day'
2026-10-03 20:31:47.999 UTC [5059] LOG:  duration: 856.378 ms  statement: SELECT count(*) FROM orders WHERE created_at > now() - interval '1 day'
2026-10-03 20:31:48.217 UTC [5173] ERROR:  duplicate key value violates unique constraint "orders_pkey"
2026-10-03 20:31:48.217 UTC [5173] DETAIL:  Key (id)=(10871) already exists.
2026-10-03 20:31:48.217 UTC [5173] STATEMENT:  INSERT INTO orders (id, customer_id, total) VALUES ($1, $2, $3)
2026-10-03 20:31:48.803 UTC [4992] LOG:  duration: 21.315 ms  statement: SELECT count(*) FROM orders WHERE created_at > now() - interval '1 day'
2026-10-03 20:31:48.999 UTC [5359] LOG:  duration: 839.753 ms  statement: SELECT count(*) FROM orders WHERE created_at > now() - interval '1 day'
2026-10-03 20:31:48.999 UTC [5228] LOG:  duration: 52.298 ms  statement: SELECT count(*) FROM orders WHERE created_at > now() - interval '1 day'
2026-10-03 20:31:48.999 UTC [5131] LOG:  duration: 216.227 ms  statement: SELECT count(*) FROM orders WHERE created_at > now() - interval '1 day'
2026-10-03 20:31:49.416 UTC [5326] LOG:  duration: 35.314 ms  statement: SELECT count(*) FROM orders WHERE created_at > now() - interval '1 day'
2026-10-03 20:31:49.575 UTC [5290] LOG:  duration: 2465.626 ms  execute <unnamed>: SELECT o.id, o.total, c.name
	FROM orders o
	JOIN customers c ON c.id = o.customer_id
	WHERE o.status = $1
	ORDER BY o.created_at DESC
2026-10-03 20:31:49.575 UTC [5290] DETAIL:  parameters: $1 = 'PENDING'
2026-10-03 20:31:49.999 UTC [5263] LOG:  duration: 386.324 ms  statement: SELECT count(*) FROM orders WHERE created_at > now() - interval '1 day'
2026-10-03 20:31:50.984 UTC [5171] LOG:  duration: 438.836 ms  statement: SELECT count(*) FROM orders WHERE created_at > now() - interval '1 day'
2026-10-03 20:31:50.999 UTC [5044] LOG:  duration: 729.505 ms  statement: SELECT count(*) FROM orders WHERE created_at > now() - interval '1 day'
2026-10-03 20:31:50.999 UTC [5092] FATAL:  remaining connection slots are reserved for non-replication superuser connections
2026-10-03 20:31:51.803 UTC [5147] LOG:  connection received: host=10.0.3.5 port=58612
2026-10-03 20:31:51.803 UTC [5147] LOG:  connection authorized: user=shop database=shop
2026-10-03 20:31:51.999 UTC [5380] LOG:  duration: 328.444 ms  statement: SELECT count(*) FROM orders WHERE created_at > now() - interval '1 day'
2026-10-03 20:31:51.999 UTC [5203] LOG:  duration: 280.591 ms  statement: SELECT count(*) FROM orders WHERE created_at > now() - interval '1 day'
2026-10-03 20:31:52.590 UTC [5336] FATAL:  remaining connection slots are reserved for non-replication superuser connections
2026-10-03 20:31:52.892 UTC [5199] FATAL:  remaining connection slots are reserved for non-replication superuser connections
2026-10-03 20:31:52.999 UTC [5183] LOG:  duration: 306.465 ms  statement: SELECT count(*) FROM orders WHERE created_at > now() - interval '1 day'
2026-10-03 20:31:53.494 UTC [5056] LOG:  duration: 786.350 ms  statement: SELECT count(*) FROM orders WHERE created_at > now() - interval '1 day'
2026-10-03 20:31:53.999 UTC [5387] LOG:  duration: 709.52 ms  statement: SELECT count(*) FROM orders WHERE created_at > now() - interval '1 day'
2026-10-03 20:31:54.638 UTC [5065] LOG:  duration: 572.836 ms  statement: SELECT count(*) FROM orders WHERE created_at > now() - interval '1 day'
2026-10-03 20:31:55.596 UTC [5045] ERROR:  duplicate key value violates unique constraint "orders_pkey"
2026-10-03 20:31:55.596 UTC [5045] DETAIL:  Key (id)=(10855) already exists.
2026-10-03 20:31:55.596 UTC [5045] STATEMENT:  INSERT INTO orders (id, customer_id, total) VALUES ($1, $2, $3)
2026-10-03 20:31:55.999 UTC [4930] LOG:  duration: 361.628 ms  statement: SELECT count(*) FROM orders WHERE created_at > now() - interval '1 day'
2026-10-03 20:31:56.684 UTC [5358] ERROR:  duplicate key value violates unique constraint "orders_pkey"
2026-10-03 20:31:56.684 UTC [5358] DETAIL:  Key (id)=(10352) already exists.
2026-10-03 20:31:56.684 UTC [5358] STATEMENT:  INSERT INTO orders (id, customer_id, total) VALUES ($1, $2, $3)
2026-10-03 20:31:57.170 UTC [5139] LOG:  duration: 160.707 ms  statement: SELECT count(*) FROM orders WHERE created_at > now() - interval '1 day'
2026-10-03 20:31:57.999 UTC [5379] LOG:  duration: 438.108 ms  statement: SELECT count(*) FROM orders WHERE created_at > now() - interval '1 day'
2026-10-03 20:31:58.797 UTC [5113] LOG:  duration: 2452.306 ms  execute <unnamed>: SELECT o.id, o.total, c.name
	FROM orders o
	JOIN customers c ON c.id = o.customer_id
	WHERE o.status = $1
	ORDER BY o.created_at DESC
2026-10-03 20:31:58.797 UTC [5113] DETAIL:  parameters: $1 = 'PENDING'
2026-10-03 20:31:58.892 UTC [5019] LOG:  duration: 155.158 ms  statement: SELECT count(*) FROM orders WHERE created_at > now() - interval '1 day'
2026-10-03 20:31:59.121 UTC [5034] LOG:  duration: 737.363 ms  statement: SELECT count(*) FROM orders WHERE created_at > now() - interval '1 day'
2026-10-03 20:31:59.481 UTC [5143] LOG:  connection received: host=10.0.3.5 port=56703
2026-10-03 20:31:59.481 UTC [5143] LOG:  connection authorized: user=shop database=shop
2026-10-03 20:31:59.812 UTC [5013] LOG:  duration: 303.31 ms  statement: SELECT count(*) FROM orders WHERE created_at > now() - interval '1 day'
2026-10-03 20:32:00.474 UTC [5303] LOG:  connection received: host=10.0.3.5 port=51824
2026-10-03 20:32:00.474 UTC [5303] LOG:  connection authorized: user=shop database=shop
2026-10-03 20:32:00.999 UTC [5018] LOG:  duration: 2543.169 ms  execute <unnamed>: SELECT o.id, o.total, c.name
	FROM orders o
	JOIN customers c ON c.id = o.customer_id
	WHERE o.status = $1
	ORDER BY o.created_at DESC
2026-10-03 20:32:00.999 UTC [5018] DETAIL:  parameters: $1 = 'PENDING'
2026-10-03 20:32:01.626 UTC [5123] ERROR:  duplicate key value violates unique constraint "orders_pkey"
2026-10-03 20:32:01.626 UTC [5123] DETAIL:  Key (id)=(10167) already exists.
2026-10-03 20:32:01.626 UTC [5123] STATEMENT:  INSERT INTO orders (id, customer_id, total) VALUES ($1, $2, $3)
2026-10-03 20:32:02.390 UTC [5322] FATAL:  remaining connection slots are reserved for non-replication superuser connections
2026-10-03 20:32:02.811 UTC [4974] LOG:  duration: 664.576 ms  statement: SELECT count(*) FROM orders WHERE created_at > now() - interval '1 day'
2026-10-03 20:32:02.872 UTC [5249] LOG:  connection received: host=10.0.3.5 port=56823
2026-10-03 20:32:02.872 UTC [5249] LOG:  connection authorized: user=shop database=shop
2026-10-03 20:32:02.910 UTC [4995] LOG:  duration: 285.745 ms  statement: SELECT count(*) FROM orders WHERE created_at > now() - interval '1 day'
2026-10-03 20:32:02.999 UTC [4950] LOG:  connection received: host=10.0.3.5 port=53573
2026-10-03 20:32:02.999 UTC [4950] LOG:  connection authorized: user=shop database=shop
2026-10-03 20:32:02.999 UTC [5169] LOG:  duration: 2422.676 ms  execute <unnamed>: SELECT o.id, o.total, c.name
	FROM orders o
	JOIN customers c ON c.id = o.customer_id
	WHERE o.status = $1
	ORDER BY o.created_at DESC
2026-10-03 20:32:02.999 UTC [5169] DETAIL:  parameters: $1 = 'PENDING'
2026-10-03 20:32:02.999 UTC [5052] LOG:  connection received: host=10.0.3.5 port=57590
2026-10-03 20:32:02.999 UTC [5052] LOG:  connection authorized: user=shop database=shop
2026-10-03 20:32:04.099 UTC [5380] LOG:  connection received: host=10.0.3.5 port=54928
2026-10-03 20:32:04.099 UTC [5380] LOG:  connection authorized: user=shop database=shop
2026-10-03 20:32:04.294 UTC [5080] ERROR:  duplicate key value violates unique constraint "orders_pkey"
2026-10-03 20:32:04.294 UTC [5080] DETAIL:  Key (id)=(10151) already exists.
2026-10-03 20:32:04.294 UTC [5080] STATEMENT:  INSERT INTO orders (id, customer_id, total) VALUES ($1, $2, $3)
2026-10-03 20:32:04.820 UTC [5073] LOG:  duration: 450.415 ms  statement: SELECT count(*) FROM orders WHERE created_at > now() - interval '1 day'
2026-10-03 20:32:04.999 UTC [5093] LOG:  duration: 51.830 ms  statement: SELECT count(*) FROM orders WHERE created_at > now() - interval '1 day'
2026-10-03 20:32:05.280 UTC [5257] LOG:  duration: 437.338 ms  statement: SELECT count(*) FROM orders WHERE created_at > now() - interval '1 day'
2026-10-03 20:32:05.474 UTC [4902] LOG:  duration: 302.621 ms  statement: SELECT count(*) FROM orders WHERE created_at > now() - interval '1 day'
2026-10-03 20:32:05.513 UTC [5164] LOG:  duration: 193.304 ms  statement: SELECT count(*) FROM orders WHERE created_at > now() - interval '1 day'
2026-10-03 20:32:05.999 UTC [5283] LOG:  duration: 864.232 ms  statement: SELECT count(*) FROM orders WHERE created_at > now() - interval '1 day'
2026-10-03 20:32:08.653 UTC [4931] LOG:  duration: 2747.118 ms  execute <unnamed>: SELECT o.id, o.total, c.name
	FROM orders o
	JOIN customers c ON c.id = o.customer_id
	WHERE o.status = $1
	ORDER BY o.created_at DESC
2026-10-03 20:32:08.653 UTC [4931] DETAIL:  parameters: $1 = 'PENDING'
2026-10-03 20:32:09.432 UTC [5081] LOG:  duration: 554.524 ms  statement: SELECT count(*) FROM orders WHERE created_at > now() - interval '1 day'
2026-10-03 20:32:09.999 UTC [5238] LOG:  connection received: host=10.0.3.5 port=54252
2026-10-03 20:32:09.999 UTC [5238] LOG:  connection authorized: user=shop database=shop
2026-10-03 20:32:10.750 UTC [5344] LOG:  duration: 296.880 ms  statement: SELECT count(*) FROM orders WHERE created_at > now() - interval '1 day'
2026-10-03 20:32:10.963 UTC [5344] LOG:  duration: 3.717 ms  statement: SELECT count(*) FROM orders WHERE created_at > now() - interval '1 day'
2026-10-03 20:32:11.680 UTC [27] LOG:  checkpoint starting: time
2026-10-03 20:32:11.680 UTC [27] LOG:  checkpoint complete: wrote 102 buffers (0.7%); 0 WAL file(s) added, 0 removed, 0 recycled; write=6.3 s, sync=0.007 s, total=6.3 s
2026-10-03 20:32:11.716 UTC [5023] LOG:  duration: 39.117 ms  statement: SELECT count(*) FROM orders WHERE created_at > now() - interval '1 day'
2026-10-03 20:32:11.839 UTC [27] LOG:  checkpoint starting: time
2026-10-03 20:32:11.839 UTC [27] LOG:  checkpoint complete: wrote 82 buffers (0.7%); 0 WAL file(s) added, 0 removed, 0 recycled; write=6.6 s, sync=0.002 s, total=6.6 s
2026-10-03 20:32:12.412 UTC [5330] LOG:  connection received: host=10.0.3.5 port=55539
2026-10-03 20:32:12.412 UTC [5330] LOG:  connection authorized: user=shop database=shop
2026-10-03 20:32:12.530 UTC [5112] LOG:  duration: 897.309 ms  statement: SELECT count(*) FROM orders WHERE created_at > now() - interval '1 day'
2026-10-03 20:32:13.115 UTC [5080] LOG:  duration: 2402.388 ms  execute <unnamed>: SELECT o.id, o.total, c.name
	FROM orders o
	JOIN customers c ON c.id = o.customer_id
	WHERE o.status = $1
	ORDER BY o.created_at DESC
2026-10-03 20:32:13.115 UTC [5080] DETAIL:  parameters: $1 = 'PENDING'
2026-10-03 20:32:13.774 UTC [27] LOG:  checkpoint starting: time
2026-10-03 20:32:13.774 UTC [27] LOG:  checkpoint complete: wrote 82 buffers (0.2%); 0 WAL file(s) added, 0 removed, 0 recycled; write=6.5 s, sync=0.002 s, total=6.2 s
2026-10-03 20:32:13.999 UTC [5167] LOG:  duration: 60.19 ms  statement: SELECT count(*) FROM orders WHERE created_at > now() - interval '1 day'
2026-10-03 20:32:14.609 UTC [5249] ERROR:  duplicate key value violates unique constraint "orders_pkey"
2026-10-03 20:32:14.609 UTC [5249] DETAIL:  Key (id)=(10595) already exists.
2026-10-03 20:32:14.609 UTC [5249] STATEMENT:  INSERT INTO orders (id, customer_id, total) VALUES ($1, $2, $3)
