2026-10-03T08:14:03.412Z  INFO 1 --- [nio-8080-exec-2] c.e.shop.web.OrderController             : Order created id=10501 customer=c-2291 total=59.90
2026-10-03T08:14:19.775Z  INFO 1 --- [nio-8080-exec-5] c.e.shop.web.OrderController             : Order created id=10502 customer=c-1078 total=134.00
2026-10-03T08:14:44.032Z DEBUG 1 --- [nio-8080-exec-3] o.s.web.servlet.DispatcherServlet        : GET "/api/products", parameters={}
2026-10-03T08:15:02.918Z  INFO 1 --- [   scheduling-1] c.e.shop.service.InventorySync           : Synced 1,204 stock levels in 311 ms
2026-10-03T08:15:26.140Z  INFO 1 --- [nio-8080-exec-7] c.e.shop.web.OrderController             : Order created id=10503 customer=c-4402 total=19.99
2026-10-03T08:15:58.604Z  WARN 1 --- [nio-8080-exec-1] c.e.shop.service.PaymentService          : Payment gateway slow response: 2314 ms (threshold 1500 ms)
2026-10-03T08:16:12.201Z  INFO 1 --- [   scheduling-1] c.e.shop.service.ReportService           : Nightly export started (customers since 2026-09-01)
2026-10-03T08:16:41.002Z  WARN 1 --- [nio-8080-exec-9] com.zaxxer.hikari.pool.ProxyLeakTask     : Connection leak detection triggered for org.postgresql.jdbc.PgConnection@6a1b2c3d on thread scheduling-1, stack trace follows
java.lang.Exception: Apparent connection leak detected
	at com.zaxxer.hikari.HikariDataSource.getConnection(HikariDataSource.java:128) ~[HikariCP-5.1.0.jar!/:na]
	at com.example.shop.service.ReportService.nightlyExport(ReportService.java:88) ~[classes!/:1.4.2]
	at org.springframework.scheduling.support.ScheduledMethodRunnable.run(ScheduledMethodRunnable.java:84) ~[spring-context-6.1.2.jar!/:6.1.2]
	at java.base/java.util.concurrent.Executors$RunnableAdapter.call(Executors.java:572) ~[na:na]
	at java.base/java.lang.Thread.run(Thread.java:1583) ~[na:na]
2026-10-03T08:16:47.340Z  WARN 1 --- [   HikariPool-1] com.zaxxer.hikari.pool.HikariPool        : HikariPool-1 - Thread starvation or clock leap detected (housekeeper delta=1m4s)
2026-10-03T08:16:50.221Z ERROR 1 --- [nio-8080-exec-14] o.a.c.c.C.[.[.[/].[dispatcherServlet]    : Servlet.service() for servlet [dispatcherServlet] in context with path [] threw exception [Request processing failed: org.springframework.transaction.CannotCreateTransactionException: Could not open JPA EntityManager for transaction] with root cause
java.sql.SQLTransientConnectionException: HikariPool-1 - Connection is not available, request timed out after 30000ms (total=20, active=20, idle=0, waiting=37)
	at com.zaxxer.hikari.pool.HikariPool.createTimeoutException(HikariPool.java:709) ~[HikariCP-5.1.0.jar!/:na]
	at com.zaxxer.hikari.pool.HikariPool.getConnection(HikariPool.java:188) ~[HikariCP-5.1.0.jar!/:na]
	at com.zaxxer.hikari.pool.HikariPool.getConnection(HikariPool.java:147) ~[HikariCP-5.1.0.jar!/:na]
	at com.zaxxer.hikari.HikariDataSource.getConnection(HikariDataSource.java:123) ~[HikariCP-5.1.0.jar!/:na]
	at org.hibernate.engine.jdbc.connections.internal.DatasourceConnectionProviderImpl.getConnection(DatasourceConnectionProviderImpl.java:122) ~[hibernate-core-6.4.1.Final.jar!/:6.4.1.Final]
	at org.springframework.orm.jpa.JpaTransactionManager.doBegin(JpaTransactionManager.java:420) ~[spring-orm-6.1.2.jar!/:6.1.2]
	at com.example.shop.web.OrderController.create(OrderController.java:41) ~[classes!/:1.4.2]
	... 58 common frames omitted
Caused by: org.postgresql.util.PSQLException: FATAL: remaining connection slots are reserved for non-replication superuser connections
	at org.postgresql.core.v3.ConnectionFactoryImpl.doAuthentication(ConnectionFactoryImpl.java:693) ~[postgresql-42.7.1.jar!/:42.7.1]
	at org.postgresql.core.v3.ConnectionFactoryImpl.tryConnect(ConnectionFactoryImpl.java:203) ~[postgresql-42.7.1.jar!/:42.7.1]
	... 41 common frames omitted
2026-10-03T08:16:51.017Z ERROR 1 --- [nio-8080-exec-11] c.e.shop.web.OrderController             : Order failed customer=c-1078: could not open transaction
2026-10-03T08:16:51.480Z ERROR 1 --- [nio-8080-exec-12] c.e.shop.web.OrderController             : Order failed customer=c-2291: could not open transaction
2026-10-03T08:16:53.730Z  WARN 1 --- [   HikariPool-1] com.zaxxer.hikari.pool.HikariPool        : HikariPool-1 - Pool stats (total=20, active=20, idle=0, waiting=41)
2026-10-03T08:17:04.115Z  INFO 1 --- [ionShutdownHook] o.s.b.w.e.tomcat.GracefulShutdown        : Commencing graceful shutdown. Waiting for active requests to complete
2026-10-03T08:17:05.902Z  WARN 1 --- [ionShutdownHook] o.s.b.w.e.tomcat.GracefulShutdown        : Graceful shutdown aborted with 37 request(s) still active
2026-10-03T08:17:09.288Z  INFO 1 --- [           main] com.example.shop.ShopApplication         : Starting ShopApplication v1.4.2 using Java 21.0.4 with PID 4377 (/app/shop.jar started by app in /app)
2026-10-03T08:17:09.291Z  INFO 1 --- [           main] com.example.shop.ShopApplication         : The following 1 profile is active: "prod"
2026-10-03T08:17:11.640Z  INFO 1 --- [           main] o.s.b.w.embedded.tomcat.TomcatWebServer  : Tomcat initialized with port 8080 (http)
2026-10-03T08:17:13.207Z  INFO 1 --- [           main] com.zaxxer.hikari.HikariDataSource       : HikariPool-1 - Starting...
2026-10-03T08:17:15.560Z  INFO 1 --- [           main] com.zaxxer.hikari.pool.HikariPool        : HikariPool-1 - Added connection org.postgresql.jdbc.PgConnection@3f0e4a21
2026-10-03T08:17:15.563Z  INFO 1 --- [           main] com.zaxxer.hikari.HikariDataSource       : HikariPool-1 - Start completed.
2026-10-03T08:17:21.340Z  INFO 1 --- [           main] com.example.shop.ShopApplication         : Started ShopApplication in 12.4 seconds (process running for 12.9)
2026-10-03T08:17:25.014Z  INFO 1 --- [nio-8080-exec-1] c.e.shop.web.OrderController             : Order created id=10511 customer=c-4402 total=42.00
2026-10-03T19:56:20.009Z  INFO 1 --- [nio-8080-exec-8] c.e.shop.web.OrderController             : Order created id=10636 customer=c-3243 total=21.55
2026-10-03T19:56:20.120Z  INFO 1 --- [nio-8080-exec-12] c.e.shop.web.OrderController             : Order created id=10637 customer=c-3757 total=68.98
2026-10-03T19:56:27.224Z  INFO 1 --- [nio-8080-exec-9] c.e.shop.web.OrderController             : Order created id=10644 customer=c-4392 total=91.31
2026-10-03T19:56:28.064Z  INFO 1 --- [nio-8080-exec-2] c.e.shop.web.OrderController             : Order created id=10645 customer=c-2346 total=188.61
2026-10-03T19:56:32.074Z DEBUG 1 --- [nio-8080-exec-2] o.s.web.servlet.DispatcherServlet        : GET "/api/products", parameters={}
2026-10-03T19:56:34.028Z  INFO 1 --- [nio-8080-exec-2] c.e.shop.web.OrderController             : Order created id=10652 customer=c-2465 total=145.23
2026-10-03T19:56:35.195Z  INFO 1 --- [   scheduling-1] c.e.shop.service.InventorySync           : Synced 1288 stock levels in 393 ms
2026-10-03T19:56:38.197Z  INFO 1 --- [nio-8080-exec-7] c.e.shop.web.OrderController             : Order created id=10659 customer=c-3824 total=295.27
2026-10-03T19:56:42.107Z DEBUG 1 --- [nio-8080-exec-12] o.s.web.servlet.DispatcherServlet        : GET "/api/products", parameters={}
2026-10-03T19:56:43.177Z  INFO 1 --- [nio-8080-exec-3] c.e.shop.web.OrderController             : Order created id=10664 customer=c-2306 total=199.26
2026-10-03T19:56:46.182Z  WARN 1 --- [nio-8080-exec-10] c.e.shop.service.PaymentService          : Payment gateway slow response: 2630 ms (threshold 1500 ms)
2026-10-03T19:56:48.119Z DEBUG 1 --- [nio-8080-exec-3] o.s.web.servlet.DispatcherServlet        : GET "/api/products", parameters={}
2026-10-03T19:57:21.250Z  WARN 1 --- [nio-8080-exec-6] c.e.shop.service.PaymentService          : Payment gateway slow response: 1555 ms (threshold 1500 ms)
2026-10-03T19:57:22.449Z  INFO 1 --- [   scheduling-1] c.e.shop.service.InventorySync           : Synced 1048 stock levels in 274 ms
2026-10-03T19:57:24.272Z  INFO 1 --- [nio-8080-exec-11] c.e.shop.web.OrderController             : Order created id=10609 customer=c-4044 total=213.31
2026-10-03T19:57:25.202Z  WARN 1 --- [nio-8080-exec-4] c.e.shop.service.PaymentService          : Payment gateway slow response: 2610 ms (threshold 1500 ms)
2026-10-03T19:57:26.234Z  INFO 1 --- [nio-8080-exec-4] c.e.shop.web.OrderController             : Order created id=10613 customer=c-4679 total=124.17
2026-10-03T19:57:27.175Z ERROR 1 --- [nio-8080-exec-1] c.e.shop.service.PaymentService          : Payment failed for order id=10614
java.net.SocketTimeoutException: Read timed out
	at com.example.shop.client.GatewayClient.post(GatewayClient.java:88) ~[classes!/:1.4.2]
	at com.example.shop.service.PaymentService.charge(PaymentService.java:54) ~[classes!/:1.4.2]
Caused by: java.net.SocketException: Connection reset
	... 20 common frames omitted
2026-10-03T19:57:27.388Z  INFO 1 --- [nio-8080-exec-2] c.e.shop.web.OrderController             : Order created id=10615 customer=c-4934 total=111.73
2026-10-03T19:57:31.340Z  INFO 1 --- [nio-8080-exec-1] c.e.shop.web.OrderController             : Order created id=10624 customer=c-1512 total=45.49
2026-10-03T19:57:32.176Z  INFO 1 --- [nio-8080-exec-3] c.e.shop.web.OrderController             : Order created id=10625 customer=c-3632 total=64.66
2026-10-03T19:57:34.353Z  INFO 1 --- [nio-8080-exec-9] c.e.shop.web.OrderController             : Order created id=10632 customer=c-4723 total=7.92
2026-10-03T19:57:34.391Z  INFO 1 --- [nio-8080-exec-1] c.e.shop.web.OrderController             : Order created id=10633 customer=c-4830 total=220.38
2026-10-03T19:57:35.290Z  INFO 1 --- [nio-8080-exec-4] c.e.shop.web.OrderController             : Order created id=10636 customer=c-3494 total=297.71
2026-10-03T19:57:38.268Z  INFO 1 --- [nio-8080-exec-4] c.e.shop.web.OrderController             : Order created id=10640 customer=c-1916 total=43.46
2026-10-03T19:57:39.219Z ERROR 1 --- [nio-8080-exec-4] c.e.shop.service.PaymentService          : Payment failed for order id=10643
java.net.SocketTimeoutException: Read timed out
	at com.example.shop.client.GatewayClient.post(GatewayClient.java:88) ~[classes!/:1.4.2]
	at com.example.shop.service.PaymentService.charge(PaymentService.java:54) ~[classes!/:1.4.2]
Caused by: java.net.SocketException: Connection reset
	... 52 common frames omitted
2026-10-03T19:57:41.291Z  INFO 1 --- [nio-8080-exec-11] c.e.shop.web.OrderController             : Order created id=10650 customer=c-1434 total=200.22
2026-10-03T19:57:44.288Z  INFO 1 --- [nio-8080-exec-2] c.e.shop.web.OrderController             : Order created id=10656 customer=c-4945 total=54.53
2026-10-03T19:57:45.047Z  INFO 1 --- [nio-8080-exec-10] c.e.shop.web.OrderController             : Order created id=10657 customer=c-2006 total=155.17
2026-10-03T19:57:45.293Z  INFO 1 --- [nio-8080-exec-3] c.e.shop.web.OrderController             : Order created id=10659 customer=c-3445 total=195.05
2026-10-03T19:57:45.419Z  INFO 1 --- [nio-8080-exec-3] c.e.shop.web.OrderController             : Order created id=10660 customer=c-4819 total=76.14
2026-10-03T19:57:46.264Z  INFO 1 --- [nio-8080-exec-1] c.e.shop.web.OrderController             : Order created id=10662 customer=c-4698 total=64.95
2026-10-03T19:57:46.340Z ERROR 1 --- [nio-8080-exec-7] c.e.shop.service.PaymentService          : Payment failed for order id=10663
java.net.SocketTimeoutException: Read timed out
	at com.example.shop.client.GatewayClient.post(GatewayClient.java:88) ~[classes!/:1.4.2]
	at com.example.shop.service.PaymentService.charge(PaymentService.java:54) ~[classes!/:1.4.2]
Caused by: java.net.SocketException: Connection reset
	... 34 common frames omitted
2026-10-03T19:57:47.400Z  INFO 1 --- [nio-8080-exec-10] c.e.shop.web.OrderController             : Order created id=10665 customer=c-2676 total=141.97
2026-10-03T19:57:47.448Z  WARN 1 --- [nio-8080-exec-11] c.e.shop.service.PaymentService          : Payment gateway slow response: 2345 ms (threshold 1500 ms)
2026-10-03T19:57:48.068Z  INFO 1 --- [nio-8080-exec-7] c.e.shop.web.OrderController             : Order created id=10668 customer=c-1229 total=78.85
2026-10-03T19:57:49.184Z  INFO 1 --- [   scheduling-1] c.e.shop.service.InventorySync           : Synced 1446 stock levels in 238 ms
2026-10-03T19:57:49.525Z  INFO 1 --- [nio-8080-exec-11] c.e.shop.web.OrderController             : Order created id=10672 customer=c-4287 total=234.27
2026-10-03T19:57:51.152Z  INFO 1 --- [nio-8080-exec-7] c.e.shop.web.OrderController             : Order created id=10675 customer=c-2090 total=25.36
2026-10-03T19:57:51.380Z  INFO 1 --- [nio-8080-exec-2] c.e.shop.web.OrderController             : Order created id=10677 customer=c-2685 total=287.26
2026-10-03T19:57:52.102Z ERROR 1 --- [nio-8080-exec-4] c.e.shop.service.PaymentService          : Payment failed for order id=10679
java.net.SocketTimeoutException: Read timed out
	at com.example.shop.client.GatewayClient.post(GatewayClient.java:88) ~[classes!/:1.4.2]
	at com.example.shop.service.PaymentService.charge(PaymentService.java:54) ~[classes!/:1.4.2]
Caused by: java.net.SocketException: Connection reset
	... 26 common frames omitted
2026-10-03T19:57:53.099Z  INFO 1 --- [nio-8080-exec-8] c.e.shop.web.OrderController             : Order created id=10681 customer=c-4613 total=191.12
2026-10-03T19:57:53.197Z  INFO 1 --- [nio-8080-exec-10] c.e.shop.web.OrderController             : Order created id=10682 customer=c-4155 total=43.56
2026-10-03T19:57:54.293Z  WARN 1 --- [nio-8080-exec-9] c.e.shop.service.PaymentService          : Payment gateway slow response: 3674 ms (threshold 1500 ms)
2026-10-03T19:57:55.485Z  INFO 1 --- [nio-8080-exec-11] c.e.shop.web.OrderController             : Order created id=10693 customer=c-1231 total=228.30
2026-10-03T19:57:59.420Z DEBUG 1 --- [nio-8080-exec-7] o.s.web.servlet.DispatcherServlet        : GET "/api/products", parameters={}
2026-10-03T19:58:03.500Z  WARN 1 --- [nio-8080-exec-2] c.e.shop.service.PaymentService          : Payment gateway slow response: 1760 ms (threshold 1500 ms)
2026-10-03T19:58:03.567Z  INFO 1 --- [nio-8080-exec-2] c.e.shop.web.OrderController             : Order created id=10708 customer=c-2826 total=189.69
2026-10-03T19:58:04.247Z  INFO 1 --- [nio-8080-exec-6] c.e.shop.web.OrderController             : Order created id=10711 customer=c-4161 total=138.05
2026-10-03T19:58:05.175Z  INFO 1 --- [nio-8080-exec-7] c.e.shop.web.OrderController             : Order created id=10714 customer=c-3951 total=218.57
2026-10-03T19:58:05.252Z  INFO 1 --- [nio-8080-exec-6] c.e.shop.web.OrderController             : Order created id=10715 customer=c-2264 total=170.74
2026-10-03T19:58:05.296Z  INFO 1 --- [nio-8080-exec-7] c.e.shop.web.OrderController             : Order created id=10716 customer=c-3496 total=13.25
2026-10-03T19:58:05.369Z  INFO 1 --- [nio-8080-exec-6] c.e.shop.web.OrderController             : Order created id=10717 customer=c-2779 total=176.21
2026-10-03T19:58:07.386Z DEBUG 1 --- [nio-8080-exec-11] o.s.web.servlet.DispatcherServlet        : GET "/api/products", parameters={}
2026-10-03T19:58:08.207Z ERROR 1 --- [nio-8080-exec-5] c.e.shop.service.PaymentService          : Payment failed for order id=10720
java.net.SocketTimeoutException: Read timed out
	at com.example.shop.client.GatewayClient.post(GatewayClient.java:88) ~[classes!/:1.4.2]
	at com.example.shop.service.PaymentService.charge(PaymentService.java:54) ~[classes!/:1.4.2]
Caused by: java.net.SocketException: Connection reset
	... 31 common frames omitted
2026-10-03T19:58:09.405Z  INFO 1 --- [nio-8080-exec-12] c.e.shop.web.OrderController             : Order created id=10723 customer=c-3146 total=217.66
2026-10-03T19:58:11.129Z  INFO 1 --- [nio-8080-exec-9] c.e.shop.web.OrderController             : Order created id=10724 customer=c-3674 total=18.44
2026-10-03T19:58:11.426Z  INFO 1 --- [nio-8080-exec-11] c.e.shop.web.OrderController             : Order created id=10727 customer=c-3482 total=188.64
2026-10-03T19:58:16.076Z  INFO 1 --- [nio-8080-exec-2] c.e.shop.web.OrderController             : Order created id=10736 customer=c-1142 total=53.91
2026-10-03T19:58:16.150Z  INFO 1 --- [nio-8080-exec-3] c.e.shop.web.OrderController             : Order created id=10737 customer=c-2033 total=40.35
2026-10-03T19:58:18.313Z  INFO 1 --- [nio-8080-exec-5] c.e.shop.web.OrderController             : Order created id=10740 customer=c-1137 total=284.71
2026-10-03T19:58:39.354Z  INFO 1 --- [nio-8080-exec-10] c.e.shop.web.OrderController             : Order created id=10625 customer=c-2374 total=68.71
2026-10-03T19:58:40.152Z  INFO 1 --- [   scheduling-1] c.e.shop.service.InventorySync           : Synced 1313 stock levels in 391 ms
2026-10-03T19:58:40.308Z  INFO 1 --- [nio-8080-exec-2] c.e.shop.web.OrderController             : Order created id=10628 customer=c-2278 total=279.95
2026-10-03T19:58:40.999Z ERROR 1 --- [nio-8080-exec-9] c.e.shop.service.PaymentService          : Payment failed for order id=10630
java.net.SocketTimeoutException: Read timed out
	at com.example.shop.client.GatewayClient.post(GatewayClient.java:88) ~[classes!/:1.4.2]
	at com.example.shop.service.PaymentService.charge(PaymentService.java:54) ~[classes!/:1.4.2]
Caused by: java.net.SocketException: Connection reset
	... 40 common frames omitted
2026-10-03T19:58:41.298Z  INFO 1 --- [nio-8080-exec-2] c.e.shop.web.OrderController             : Order created id=10631 customer=c-3091 total=251.92
2026-10-03T19:58:41.999Z  INFO 1 --- [nio-8080-exec-1] c.e.shop.web.OrderController             : Order created id=10635 customer=c-2527 total=275.86
2026-10-03T19:58:42.570Z  INFO 1 --- [nio-8080-exec-8] c.e.shop.web.OrderController             : Order created id=10639 customer=c-3642 total=262.37
2026-10-03T19:58:42.763Z ERROR 1 --- [nio-8080-exec-5] c.e.shop.service.PaymentService          : Payment failed for order id=10642
java.net.SocketTimeoutException: Read timed out
	at com.example.shop.client.GatewayClient.post(GatewayClient.java:88) ~[classes!/:1.4.2]
	at com.example.shop.service.PaymentService.charge(PaymentService.java:54) ~[classes!/:1.4.2]
Caused by: java.net.SocketException: Connection reset
	... 37 common frames omitted
2026-10-03T19:58:42.803Z  INFO 1 --- [nio-8080-exec-4] c.e.shop.web.OrderController             : Order created id=10643 customer=c-1097 total=4.09
2026-10-03T19:58:43.999Z ERROR 1 --- [nio-8080-exec-7] c.e.shop.service.PaymentService          : Payment failed for order id=10654
java.net.SocketTimeoutException: Read timed out
	at com.example.shop.client.GatewayClient.post(GatewayClient.java:88) ~[classes!/:1.4.2]
	at com.example.shop.service.PaymentService.charge(PaymentService.java:54) ~[classes!/:1.4.2]
Caused by: java.net.SocketException: Connection reset
	... 37 common frames omitted
2026-10-03T19:58:44.104Z ERROR 1 --- [nio-8080-exec-12] c.e.shop.service.PaymentService          : Payment failed for order id=10656
java.net.SocketTimeoutException: Read timed out
	at com.example.shop.client.GatewayClient.post(GatewayClient.java:88) ~[classes!/:1.4.2]
	at com.example.shop.service.PaymentService.charge(PaymentService.java:54) ~[classes!/:1.4.2]
Caused by: java.net.SocketException: Connection reset
	... 38 common frames omitted
2026-10-03T19:58:44.764Z  INFO 1 --- [nio-8080-exec-7] c.e.shop.web.OrderController             : Order created id=10660 customer=c-1085 total=120.09
2026-10-03T19:58:44.999Z  INFO 1 --- [nio-8080-exec-4] c.e.shop.web.OrderController             : Order created id=10662 customer=c-1672 total=207.08
2026-10-03T19:58:44.999Z  INFO 1 --- [nio-8080-exec-2] c.e.shop.web.OrderController             : Order created id=10663 customer=c-2376 total=245.62
2026-10-03T19:58:45.221Z  INFO 1 --- [   scheduling-1] c.e.shop.service.InventorySync           : Synced 1434 stock levels in 310 ms
2026-10-03T19:58:45.505Z  INFO 1 --- [nio-8080-exec-2] c.e.shop.web.OrderController             : Order created id=10667 customer=c-4466 total=249.88
2026-10-03T19:58:45.598Z  INFO 1 --- [nio-8080-exec-4] c.e.shop.web.OrderController             : Order created id=10668 customer=c-2406 total=155.72
2026-10-03T19:58:45.720Z  INFO 1 --- [nio-8080-exec-3] c.e.shop.web.OrderController             : Order created id=10671 customer=c-2930 total=291.36
2026-10-03T19:58:45.999Z  INFO 1 --- [nio-8080-exec-1] c.e.shop.web.OrderController             : Order created id=10672 customer=c-1575 total=39.65
2026-10-03T19:58:45.999Z ERROR 1 --- [nio-8080-exec-5] c.e.shop.service.PaymentService          : Payment failed for order id=10674
java.net.SocketTimeoutException: Read timed out
	at com.example.shop.client.GatewayClient.post(GatewayClient.java:88) ~[classes!/:1.4.2]
	at com.example.shop.service.PaymentService.charge(PaymentService.java:54) ~[classes!/:1.4.2]
Caused by: java.net.SocketException: Connection reset
	... 59 common frames omitted
2026-10-03T19:58:46.242Z  INFO 1 --- [nio-8080-exec-11] c.e.shop.web.OrderController             : Order created id=10675 customer=c-2846 total=209.69
2026-10-03T19:58:46.363Z  INFO 1 --- [nio-8080-exec-4] c.e.shop.web.OrderController             : Order created id=10677 customer=c-2086 total=64.32
2026-10-03T19:58:46.662Z  INFO 1 --- [nio-8080-exec-10] c.e.shop.web.OrderController             : Order created id=10680 customer=c-1129 total=243.90
2026-10-03T19:58:47.277Z  INFO 1 --- [nio-8080-exec-2] c.e.shop.web.OrderController             : Order created id=10686 customer=c-4917 total=94.32
2026-10-03T19:58:47.666Z  INFO 1 --- [nio-8080-exec-12] c.e.shop.web.OrderController             : Order created id=10687 customer=c-3707 total=135.76
2026-10-03T19:58:47.999Z  INFO 1 --- [   scheduling-1] c.e.shop.service.InventorySync           : Synced 1443 stock levels in 271 ms
2026-10-03T19:58:48.135Z  INFO 1 --- [   scheduling-1] c.e.shop.service.InventorySync           : Synced 1217 stock levels in 440 ms
2026-10-03T19:58:49.390Z  WARN 1 --- [nio-8080-exec-5] c.e.shop.service.PaymentService          : Payment gateway slow response: 2367 ms (threshold 1500 ms)
2026-10-03T19:58:49.512Z  INFO 1 --- [nio-8080-exec-2] c.e.shop.web.OrderController             : Order created id=10701 customer=c-2805 total=57.76
2026-10-03T19:58:49.712Z  INFO 1 --- [nio-8080-exec-4] c.e.shop.web.OrderController             : Order created id=10702 customer=c-4296 total=94.88
2026-10-03T19:58:49.971Z  INFO 1 --- [nio-8080-exec-10] c.e.shop.web.OrderController             : Order created id=10704 customer=c-1300 total=195.39
2026-10-03T19:58:50.259Z DEBUG 1 --- [nio-8080-exec-2] o.s.web.servlet.DispatcherServlet        : GET "/api/products", parameters={}
2026-10-03T19:58:50.999Z DEBUG 1 --- [nio-8080-exec-3] o.s.web.servlet.DispatcherServlet        : GET "/api/products", parameters={}
2026-10-03T19:58:51.473Z  INFO 1 --- [nio-8080-exec-2] c.e.shop.web.OrderController             : Order created id=10714 customer=c-1427 total=118.18
2026-10-03T19:58:51.786Z  INFO 1 --- [   scheduling-1] c.e.shop.service.InventorySync           : Synced 1260 stock levels in 473 ms
2026-10-03T19:58:51.878Z  INFO 1 --- [nio-8080-exec-12] c.e.shop.web.OrderController             : Order created id=10716 customer=c-4862 total=258.89
2026-10-03T19:58:51.999Z DEBUG 1 --- [nio-8080-exec-2] o.s.web.servlet.DispatcherServlet        : GET "/api/products", parameters={}
2026-10-03T19:58:52.761Z DEBUG 1 --- [nio-8080-exec-1] o.s.web.servlet.DispatcherServlet        : GET "/api/products", parameters={}
2026-10-03T19:58:52.999Z  INFO 1 --- [nio-8080-exec-5] c.e.shop.web.OrderController             : Order created id=10726 customer=c-4071 total=162.70
2026-10-03T19:58:54.303Z DEBUG 1 --- [nio-8080-exec-3] o.s.web.servlet.DispatcherServlet        : GET "/api/products", parameters={}
2026-10-03T19:58:54.488Z  INFO 1 --- [nio-8080-exec-5] c.e.shop.web.OrderController             : Order created id=10739 customer=c-3867 total=162.09
2026-10-03T19:58:55.153Z  INFO 1 --- [nio-8080-exec-5] c.e.shop.web.OrderController             : Order created id=10745 customer=c-4172 total=100.50
2026-10-03T19:58:55.999Z  WARN 1 --- [nio-8080-exec-2] c.e.shop.service.PaymentService          : Payment gateway slow response: 2649 ms (threshold 1500 ms)
2026-10-03T19:58:56.020Z  INFO 1 --- [nio-8080-exec-1] c.e.shop.web.OrderController             : Order created id=10750 customer=c-3890 total=175.28
2026-10-03T19:58:56.440Z  INFO 1 --- [nio-8080-exec-3] c.e.shop.web.OrderController             : Order created id=10752 customer=c-3667 total=38.89
2026-10-03T19:58:57.023Z  INFO 1 --- [nio-8080-exec-6] c.e.shop.web.OrderController             : Order created id=10757 customer=c-3186 total=159.48
2026-10-03T19:58:57.596Z  INFO 1 --- [nio-8080-exec-12] c.e.shop.web.OrderController             : Order created id=10760 customer=c-1557 total=172.15
2026-10-03T19:58:57.999Z  INFO 1 --- [nio-8080-exec-8] c.e.shop.web.OrderController             : Order created id=10764 customer=c-4478 total=57.94
2026-10-03T19:58:58.298Z  INFO 1 --- [nio-8080-exec-8] c.e.shop.web.OrderController             : Order created id=10766 customer=c-3449 total=96.42
2026-10-03T19:58:58.892Z DEBUG 1 --- [nio-8080-exec-3] o.s.web.servlet.DispatcherServlet        : GET "/api/products", parameters={}
2026-10-03T19:58:58.999Z  INFO 1 --- [nio-8080-exec-9] c.e.shop.web.OrderController             : Order created id=10768 customer=c-1546 total=261.51
2026-10-03T19:58:59.267Z  INFO 1 --- [nio-8080-exec-8] c.e.shop.web.OrderController             : Order created id=10771 customer=c-4816 total=260.55
2026-10-03T19:58:59.883Z  INFO 1 --- [nio-8080-exec-3] c.e.shop.web.OrderController             : Order created id=10774 customer=c-1881 total=132.84
2026-10-03T19:58:59.926Z DEBUG 1 --- [nio-8080-exec-7] o.s.web.servlet.DispatcherServlet        : GET "/api/products", parameters={}
2026-10-03T19:59:00.140Z  INFO 1 --- [nio-8080-exec-10] c.e.shop.web.OrderController             : Order created id=10780 customer=c-2676 total=218.43
2026-10-03T19:59:00.283Z  INFO 1 --- [nio-8080-exec-3] c.e.shop.web.OrderController             : Order created id=10782 customer=c-2901 total=275.14
2026-10-03T19:59:01.510Z  INFO 1 --- [nio-8080-exec-10] c.e.shop.web.OrderController             : Order created id=10790 customer=c-3080 total=267.25
2026-10-03T19:59:01.999Z  INFO 1 --- [nio-8080-exec-7] c.e.shop.web.OrderController             : Order created id=10794 customer=c-3386 total=109.70
2026-10-03T19:59:03.093Z DEBUG 1 --- [nio-8080-exec-1] o.s.web.servlet.DispatcherServlet        : GET "/api/products", parameters={}
2026-10-03T19:59:03.284Z  INFO 1 --- [nio-8080-exec-8] c.e.shop.web.OrderController             : Order created id=10801 customer=c-2722 total=54.53
2026-10-03T19:59:04.184Z DEBUG 1 --- [nio-8080-exec-9] o.s.web.servlet.DispatcherServlet        : GET "/api/products", parameters={}
2026-10-03T19:59:04.838Z  INFO 1 --- [nio-8080-exec-1] c.e.shop.web.OrderController             : Order created id=10811 customer=c-2719 total=82.65
2026-10-03T19:59:04.956Z DEBUG 1 --- [nio-8080-exec-9] o.s.web.servlet.DispatcherServlet        : GET "/api/products", parameters={}
2026-10-03T19:59:04.999Z  INFO 1 --- [nio-8080-exec-5] c.e.shop.web.OrderController             : Order created id=10814 customer=c-3990 total=52.01
2026-10-03T19:59:05.081Z  INFO 1 --- [nio-8080-exec-5] c.e.shop.web.OrderController             : Order created id=10817 customer=c-4253 total=249.16
2026-10-03T19:59:05.873Z  INFO 1 --- [nio-8080-exec-3] c.e.shop.web.OrderController             : Order created id=10819 customer=c-1087 total=274.13
2026-10-03T19:59:05.882Z  INFO 1 --- [nio-8080-exec-6] c.e.shop.web.OrderController             : Order created id=10820 customer=c-4151 total=81.85
2026-10-03T19:59:05.931Z  INFO 1 --- [nio-8080-exec-5] c.e.shop.web.OrderController             : Order created id=10821 customer=c-1214 total=95.12
2026-10-03T19:59:05.999Z  INFO 1 --- [nio-8080-exec-1] c.e.shop.web.OrderController             : Order created id=10825 customer=c-1818 total=160.19
2026-10-03T19:59:06.366Z  INFO 1 --- [nio-8080-exec-1] c.e.shop.web.OrderController             : Order created id=10828 customer=c-2211 total=183.51
2026-10-03T19:59:06.558Z  INFO 1 --- [nio-8080-exec-11] c.e.shop.web.OrderController             : Order created id=10830 customer=c-2708 total=179.42
2026-10-03T19:59:06.785Z DEBUG 1 --- [nio-8080-exec-4] o.s.web.servlet.DispatcherServlet        : GET "/api/products", parameters={}
2026-10-03T19:59:07.493Z  INFO 1 --- [nio-8080-exec-9] c.e.shop.web.OrderController             : Order created id=10833 customer=c-1829 total=297.04
2026-10-03T19:59:07.702Z  INFO 1 --- [nio-8080-exec-10] c.e.shop.web.OrderController             : Order created id=10834 customer=c-1905 total=298.03
2026-10-03T19:59:07.999Z  INFO 1 --- [nio-8080-exec-8] c.e.shop.web.OrderController             : Order created id=10837 customer=c-2738 total=265.09
2026-10-03T19:59:08.575Z  INFO 1 --- [nio-8080-exec-6] c.e.shop.web.OrderController             : Order created id=10843 customer=c-4110 total=48.59
2026-10-03T19:59:08.795Z  INFO 1 --- [nio-8080-exec-1] c.e.shop.web.OrderController             : Order created id=10845 customer=c-1243 total=110.72
2026-10-03T19:59:08.999Z  INFO 1 --- [nio-8080-exec-2] c.e.shop.web.OrderController             : Order created id=10846 customer=c-2175 total=93.14
2026-10-03T19:59:09.294Z  INFO 1 --- [nio-8080-exec-9] c.e.shop.web.OrderController             : Order created id=10849 customer=c-4089 total=237.15
2026-10-03T19:59:11.462Z  INFO 1 --- [nio-8080-exec-3] c.e.shop.web.OrderController             : Order created id=10864 customer=c-4409 total=134.61
2026-10-03T19:59:11.512Z  INFO 1 --- [nio-8080-exec-4] c.e.shop.web.OrderController             : Order created id=10865 customer=c-2350 total=54.95
2026-10-03T19:59:11.870Z  INFO 1 --- [nio-8080-exec-6] c.e.shop.web.OrderController             : Order created id=10868 customer=c-2360 total=188.60
2026-10-03T19:59:12.385Z  INFO 1 --- [nio-8080-exec-6] c.e.shop.web.OrderController             : Order created id=10874 customer=c-3190 total=289.36
2026-10-03T19:59:12.916Z DEBUG 1 --- [nio-8080-exec-7] o.s.web.servlet.DispatcherServlet        : GET "/api/products", parameters={}
2026-10-03T19:59:12.999Z  INFO 1 --- [nio-8080-exec-2] c.e.shop.web.OrderController             : Order created id=10878 customer=c-3903 total=221.35
2026-10-03T19:59:13.338Z  WARN 1 --- [nio-8080-exec-2] c.e.shop.service.PaymentService          : Payment gateway slow response: 3714 ms (threshold 1500 ms)
2026-10-03T19:59:13.999Z  INFO 1 --- [nio-8080-exec-12] c.e.shop.web.OrderController             : Order created id=10886 customer=c-4516 total=258.09
2026-10-03T19:59:13.999Z  INFO 1 --- [nio-8080-exec-1] c.e.shop.web.OrderController             : Order created id=10887 customer=c-2995 total=107.35
2026-10-03T19:59:14.128Z  INFO 1 --- [nio-8080-exec-2] c.e.shop.web.OrderController             : Order created id=10888 customer=c-4697 total=197.06
2026-10-03T19:59:14.224Z  INFO 1 --- [nio-8080-exec-3] c.e.shop.web.OrderController             : Order created id=10889 customer=c-4156 total=237.64
2026-10-03T19:59:16.999Z  WARN 1 --- [nio-8080-exec-12] c.e.shop.service.PaymentService          : Payment gateway slow response: 3239 ms (threshold 1500 ms)
2026-10-03T19:59:17.211Z  INFO 1 --- [nio-8080-exec-6] c.e.shop.web.OrderController             : Order created id=10907 customer=c-1189 total=200.44
2026-10-03T19:59:17.313Z  INFO 1 --- [nio-8080-exec-10] c.e.shop.web.OrderController             : Order created id=10909 customer=c-2975 total=270.17
2026-10-03T19:59:17.999Z  INFO 1 --- [nio-8080-exec-7] c.e.shop.web.OrderController             : Order created id=10914 customer=c-4520 total=242.24
2026-10-03T19:59:19.283Z DEBUG 1 --- [nio-8080-exec-5] o.s.web.servlet.DispatcherServlet        : GET "/api/products", parameters={}
2026-10-03T19:59:19.601Z  INFO 1 --- [nio-8080-exec-8] c.e.shop.web.OrderController             : Order created id=10921 customer=c-3868 total=74.08
2026-10-03T19:59:19.999Z  INFO 1 --- [nio-8080-exec-5] c.e.shop.web.OrderController             : Order created id=10922 customer=c-1416 total=265.37
2026-10-03T19:59:20.457Z  INFO 1 --- [nio-8080-exec-11] c.e.shop.web.OrderController             : Order created id=10928 customer=c-2121 total=158.51
2026-10-03T19:59:20.999Z  INFO 1 --- [nio-8080-exec-6] c.e.shop.web.OrderController             : Order created id=10931 customer=c-2835 total=66.81
2026-10-03T19:59:21.999Z  INFO 1 --- [nio-8080-exec-6] c.e.shop.web.OrderController             : Order created id=10936 customer=c-1957 total=95.16
2026-10-03T19:59:22.424Z  INFO 1 --- [nio-8080-exec-3] c.e.shop.web.OrderController             : Order created id=10938 customer=c-3944 total=105.43
2026-10-03T19:59:22.521Z  INFO 1 --- [nio-8080-exec-3] c.e.shop.web.OrderController             : Order created id=10939 customer=c-3396 total=157.39
2026-10-03T19:59:23.390Z  INFO 1 --- [nio-8080-exec-4] c.e.shop.web.OrderController             : Order created id=10946 customer=c-4468 total=113.91
2026-10-03T19:59:23.999Z  WARN 1 --- [nio-8080-exec-3] c.e.shop.service.PaymentService          : Payment gateway slow response: 3283 ms (threshold 1500 ms)
2026-10-03T19:59:24.418Z  INFO 1 --- [   scheduling-1] c.e.shop.service.InventorySync           : Synced 1352 stock levels in 465 ms
2026-10-03T19:59:24.999Z  INFO 1 --- [nio-8080-exec-11] c.e.shop.web.OrderController             : Order created id=10959 customer=c-4786 total=175.82
2026-10-03T19:59:25.662Z ERROR 1 --- [nio-8080-exec-7] c.e.shop.service.PaymentService          : Payment failed for order id=10964
java.net.SocketTimeoutException: Read timed out
	at com.example.shop.client.GatewayClient.post(GatewayClient.java:88) ~[classes!/:1.4.2]
	at com.example.shop.service.PaymentService.charge(PaymentService.java:54) ~[classes!/:1.4.2]
Caused by: java.net.SocketException: Connection reset
	... 41 common frames omitted
2026-10-03T19:59:25.830Z  INFO 1 --- [nio-8080-exec-5] c.e.shop.web.OrderController             : Order created id=10966 customer=c-3027 total=171.83
2026-10-03T19:59:25.940Z DEBUG 1 --- [nio-8080-exec-2] o.s.web.servlet.DispatcherServlet        : GET "/api/products", parameters={}
2026-10-03T19:59:26.371Z  WARN 1 --- [nio-8080-exec-1] c.e.shop.service.PaymentService          : Payment gateway slow response: 2846 ms (threshold 1500 ms)
2026-10-03T19:59:26.625Z ERROR 1 --- [nio-8080-exec-11] c.e.shop.service.PaymentService          : Payment failed for order id=10975
java.net.SocketTimeoutException: Read timed out
	at com.example.shop.client.GatewayClient.post(GatewayClient.java:88) ~[classes!/:1.4.2]
	at com.example.shop.service.PaymentService.charge(PaymentService.java:54) ~[classes!/:1.4.2]
Caused by: java.net.SocketException: Connection reset
	... 48 common frames omitted
2026-10-03T19:59:27.133Z  INFO 1 --- [nio-8080-exec-11] c.e.shop.web.OrderController             : Order created id=10979 customer=c-1701 total=269.95
2026-10-03T19:59:27.455Z  INFO 1 --- [nio-8080-exec-1] c.e.shop.web.OrderController             : Order created id=10983 customer=c-3153 total=280.69
2026-10-03T19:59:27.999Z DEBUG 1 --- [nio-8080-exec-2] o.s.web.servlet.DispatcherServlet        : GET "/api/products", parameters={}
2026-10-03T19:59:27.999Z ERROR 1 --- [nio-8080-exec-5] c.e.shop.service.PaymentService          : Payment failed for order id=10987
java.net.SocketTimeoutException: Read timed out
	at com.example.shop.client.GatewayClient.post(GatewayClient.java:88) ~[classes!/:1.4.2]
	at com.example.shop.service.PaymentService.charge(PaymentService.java:54) ~[classes!/:1.4.2]
Caused by: java.net.SocketException: Connection reset
	... 21 common frames omitted
2026-10-03T19:59:28.246Z DEBUG 1 --- [nio-8080-exec-5] o.s.web.servlet.DispatcherServlet        : GET "/api/products", parameters={}
2026-10-03T19:59:28.708Z DEBUG 1 --- [nio-8080-exec-8] o.s.web.servlet.DispatcherServlet        : GET "/api/products", parameters={}
2026-10-03T19:59:28.999Z  INFO 1 --- [   scheduling-1] c.e.shop.service.InventorySync           : Synced 1166 stock levels in 479 ms
2026-10-03T19:59:29.524Z  INFO 1 --- [nio-8080-exec-1] c.e.shop.web.OrderController             : Order created id=10995 customer=c-3701 total=246.59
2026-10-03T19:59:29.701Z  WARN 1 --- [nio-8080-exec-12] c.e.shop.service.PaymentService          : Payment gateway slow response: 3254 ms (threshold 1500 ms)
2026-10-03T19:59:30.094Z  INFO 1 --- [nio-8080-exec-1] c.e.shop.web.OrderController             : Order created id=11001 customer=c-1476 total=237.99
2026-10-03T19:59:30.259Z  INFO 1 --- [   scheduling-1] c.e.shop.service.InventorySync           : Synced 1122 stock levels in 433 ms
2026-10-03T19:59:30.999Z DEBUG 1 --- [nio-8080-exec-5] o.s.web.servlet.DispatcherServlet        : GET "/api/products", parameters={}
2026-10-03T19:59:31.889Z  INFO 1 --- [nio-8080-exec-9] c.e.shop.web.OrderController             : Order created id=11010 customer=c-1319 total=76.14
2026-10-03T19:59:32.161Z  INFO 1 --- [nio-8080-exec-11] c.e.shop.web.OrderController             : Order created id=11013 customer=c-2145 total=11.84
2026-10-03T19:59:32.777Z DEBUG 1 --- [nio-8080-exec-11] o.s.web.servlet.DispatcherServlet        : GET "/api/products", parameters={}
2026-10-03T19:59:32.877Z  INFO 1 --- [nio-8080-exec-10] c.e.shop.web.OrderController             : Order created id=11017 customer=c-1367 total=62.35
2026-10-03T19:59:33.369Z  INFO 1 --- [nio-8080-exec-4] c.e.shop.web.OrderController             : Order created id=11020 customer=c-2055 total=267.40
2026-10-03T19:59:33.541Z  INFO 1 --- [nio-8080-exec-5] c.e.shop.web.OrderController             : Order created id=11022 customer=c-3944 total=150.48
2026-10-03T19:59:33.911Z  INFO 1 --- [nio-8080-exec-11] c.e.shop.web.OrderController             : Order created id=11024 customer=c-3510 total=78.30
2026-10-03T19:59:33.999Z  INFO 1 --- [   scheduling-1] c.e.shop.service.InventorySync           : Synced 1064 stock levels in 392 ms
2026-10-03T19:59:33.999Z  INFO 1 --- [nio-8080-exec-10] c.e.shop.web.OrderController             : Order created id=11028 customer=c-1382 total=143.02
2026-10-03T19:59:34.270Z  INFO 1 --- [nio-8080-exec-8] c.e.shop.web.OrderController             : Order created id=11031 customer=c-3666 total=84.30
2026-10-03T19:59:34.754Z  INFO 1 --- [nio-8080-exec-2] c.e.shop.web.OrderController             : Order created id=11034 customer=c-1335 total=249.35
2026-10-03T19:59:35.128Z  INFO 1 --- [nio-8080-exec-4] c.e.shop.web.OrderController             : Order created id=11038 customer=c-4537 total=95.04
2026-10-03T19:59:35.910Z  INFO 1 --- [nio-8080-exec-10] c.e.shop.web.OrderController             : Order created id=11041 customer=c-2241 total=255.06
2026-10-03T19:59:35.999Z  INFO 1 --- [nio-8080-exec-1] c.e.shop.web.OrderController             : Order created id=11042 customer=c-1549 total=121.57
2026-10-03T19:59:36.092Z  INFO 1 --- [   scheduling-1] c.e.shop.service.InventorySync           : Synced 1017 stock levels in 444 ms
2026-10-03T19:59:37.740Z  INFO 1 --- [nio-8080-exec-1] c.e.shop.web.OrderController             : Order created id=11050 customer=c-1577 total=206.00
2026-10-03T19:59:37.805Z  INFO 1 --- [nio-8080-exec-12] c.e.shop.web.OrderController             : Order created id=11053 customer=c-4382 total=20.57
2026-10-03T19:59:38.475Z  INFO 1 --- [nio-8080-exec-7] c.e.shop.web.OrderController             : Order created id=11056 customer=c-3131 total=2.34
2026-10-03T19:59:47.561Z  INFO 1 --- [nio-8080-exec-2] c.e.shop.web.OrderController             : Order created id=10620 customer=c-1641 total=222.84
2026-10-03T19:59:47.999Z  INFO 1 --- [nio-8080-exec-9] c.e.shop.web.OrderController             : Order created id=10624 customer=c-1551 total=33.32
2026-10-03T19:59:48.397Z  INFO 1 --- [   scheduling-1] c.e.shop.service.InventorySync           : Synced 1206 stock levels in 310 ms
2026-10-03T19:59:48.910Z  INFO 1 --- [nio-8080-exec-7] c.e.shop.web.OrderController             : Order created id=10632 customer=c-3303 total=219.12
2026-10-03T19:59:49.055Z ERROR 1 --- [nio-8080-exec-7] c.e.shop.service.PaymentService          : Payment failed for order id=10636
java.net.SocketTimeoutException: Read timed out
	at com.example.shop.client.GatewayClient.post(GatewayClient.java:88) ~[classes!/:1.4.2]
	at com.example.shop.service.PaymentService.charge(PaymentService.java:54) ~[classes!/:1.4.2]
Caused by: java.net.SocketException: Connection reset
	... 37 common frames omitted
2026-10-03T19:59:49.208Z ERROR 1 --- [nio-8080-exec-6] c.e.shop.service.PaymentService          : Payment failed for order id=10638
java.net.SocketTimeoutException: Read timed out
	at com.example.shop.client.GatewayClient.post(GatewayClient.java:88) ~[classes!/:1.4.2]
	at com.example.shop.service.PaymentService.charge(PaymentService.java:54) ~[classes!/:1.4.2]
Caused by: java.net.SocketException: Connection reset
	... 22 common frames omitted
2026-10-03T19:59:50.389Z  INFO 1 --- [nio-8080-exec-2] c.e.shop.web.OrderController             : Order created id=10642 customer=c-4035 total=202.97
2026-10-03T19:59:51.999Z  INFO 1 --- [nio-8080-exec-5] c.e.shop.web.OrderController             : Order created id=10653 customer=c-2815 total=132.25
2026-10-03T19:59:52.041Z  INFO 1 --- [   scheduling-1] c.e.shop.service.InventorySync           : Synced 1388 stock levels in 468 ms
2026-10-03T19:59:52.337Z  INFO 1 --- [nio-8080-exec-12] c.e.shop.web.OrderController             : Order created id=10656 customer=c-4936 total=122.28
2026-10-03T19:59:52.533Z DEBUG 1 --- [nio-8080-exec-12] o.s.web.servlet.DispatcherServlet        : GET "/api/products", parameters={}
2026-10-03T19:59:53.545Z  INFO 1 --- [nio-8080-exec-10] c.e.shop.web.OrderController             : Order created id=10664 customer=c-1429 total=30.54
2026-10-03T19:59:53.999Z  WARN 1 --- [nio-8080-exec-11] c.e.shop.service.PaymentService          : Payment gateway slow response: 3461 ms (threshold 1500 ms)
2026-10-03T19:59:54.237Z  INFO 1 --- [nio-8080-exec-11] c.e.shop.web.OrderController             : Order created id=10668 customer=c-2486 total=160.44
2026-10-03T19:59:54.325Z  INFO 1 --- [nio-8080-exec-10] c.e.shop.web.OrderController             : Order created id=10669 customer=c-4437 total=295.75
2026-10-03T19:59:54.621Z  INFO 1 --- [nio-8080-exec-3] c.e.shop.web.OrderController             : Order created id=10671 customer=c-1588 total=209.90
2026-10-03T19:59:54.706Z  INFO 1 --- [nio-8080-exec-8] c.e.shop.web.OrderController             : Order created id=10672 customer=c-1374 total=99.97
2026-10-03T19:59:54.999Z  INFO 1 --- [nio-8080-exec-4] c.e.shop.web.OrderController             : Order created id=10674 customer=c-1642 total=267.40
2026-10-03T19:59:54.999Z  INFO 1 --- [nio-8080-exec-3] c.e.shop.web.OrderController             : Order created id=10675 customer=c-3836 total=52.06
2026-10-03T19:59:55.249Z DEBUG 1 --- [nio-8080-exec-1] o.s.web.servlet.DispatcherServlet        : GET "/api/products", parameters={}
2026-10-03T19:59:56.732Z  INFO 1 --- [nio-8080-exec-2] c.e.shop.web.OrderController             : Order created id=10685 customer=c-3174 total=97.15
2026-10-03T19:59:56.999Z  INFO 1 --- [nio-8080-exec-4] c.e.shop.web.OrderController             : Order created id=10687 customer=c-1053 total=178.77
2026-10-03T19:59:57.316Z  INFO 1 --- [   scheduling-1] c.e.shop.service.InventorySync           : Synced 1085 stock levels in 402 ms
2026-10-03T19:59:57.991Z  INFO 1 --- [nio-8080-exec-11] c.e.shop.web.OrderController             : Order created id=10691 customer=c-3937 total=128.53
2026-10-03T19:59:58.072Z ERROR 1 --- [nio-8080-exec-9] c.e.shop.service.PaymentService          : Payment failed for order id=10692
java.net.SocketTimeoutException: Read timed out
	at com.example.shop.client.GatewayClient.post(GatewayClient.java:88) ~[classes!/:1.4.2]
	at com.example.shop.service.PaymentService.charge(PaymentService.java:54) ~[classes!/:1.4.2]
Caused by: java.net.SocketException: Connection reset
	... 21 common frames omitted
2026-10-03T19:59:58.700Z  INFO 1 --- [nio-8080-exec-2] c.e.shop.web.OrderController             : Order created id=10693 customer=c-4662 total=238.09
2026-10-03T19:59:58.999Z  INFO 1 --- [nio-8080-exec-2] c.e.shop.web.OrderController             : Order created id=10697 customer=c-2936 total=169.43
2026-10-03T19:59:59.278Z  INFO 1 --- [nio-8080-exec-12] c.e.shop.web.OrderController             : Order created id=10699 customer=c-2184 total=100.15
2026-10-03T19:59:59.341Z  INFO 1 --- [nio-8080-exec-12] c.e.shop.web.OrderController             : Order created id=10700 customer=c-4788 total=140.03
2026-10-03T19:59:59.999Z  INFO 1 --- [nio-8080-exec-9] c.e.shop.web.OrderController             : Order created id=10706 customer=c-3169 total=140.55
2026-10-03T20:00:00.349Z  INFO 1 --- [nio-8080-exec-9] c.e.shop.web.OrderController             : Order created id=10708 customer=c-2733 total=103.20
2026-10-03T20:00:00.748Z DEBUG 1 --- [nio-8080-exec-10] o.s.web.servlet.DispatcherServlet        : GET "/api/products", parameters={}
2026-10-03T20:00:00.999Z  INFO 1 --- [nio-8080-exec-6] c.e.shop.web.OrderController             : Order created id=10712 customer=c-2311 total=189.74
2026-10-03T20:00:01.150Z  WARN 1 --- [nio-8080-exec-8] c.e.shop.service.PaymentService          : Payment gateway slow response: 3602 ms (threshold 1500 ms)
2026-10-03T20:00:02.549Z  INFO 1 --- [nio-8080-exec-8] c.e.shop.web.OrderController             : Order created id=10724 customer=c-4555 total=27.04
2026-10-03T20:00:02.812Z  INFO 1 --- [nio-8080-exec-4] c.e.shop.web.OrderController             : Order created id=10725 customer=c-4608 total=71.27
2026-10-03T20:00:03.093Z  INFO 1 --- [   scheduling-1] c.e.shop.service.InventorySync           : Synced 1242 stock levels in 242 ms
2026-10-03T20:00:03.197Z  INFO 1 --- [nio-8080-exec-9] c.e.shop.web.OrderController             : Order created id=10730 customer=c-3296 total=163.28
2026-10-03T20:00:03.660Z DEBUG 1 --- [nio-8080-exec-6] o.s.web.servlet.DispatcherServlet        : GET "/api/products", parameters={}
2026-10-03T20:00:03.999Z  INFO 1 --- [nio-8080-exec-9] c.e.shop.web.OrderController             : Order created id=10736 customer=c-3143 total=104.16
2026-10-03T20:00:03.999Z  WARN 1 --- [nio-8080-exec-12] c.e.shop.service.PaymentService          : Payment gateway slow response: 1725 ms (threshold 1500 ms)
2026-10-03T20:00:03.999Z  INFO 1 --- [nio-8080-exec-11] c.e.shop.web.OrderController             : Order created id=10738 customer=c-1451 total=202.74
2026-10-03T20:00:04.324Z  INFO 1 --- [nio-8080-exec-6] c.e.shop.web.OrderController             : Order created id=10739 customer=c-4718 total=25.66
2026-10-03T20:00:04.499Z  INFO 1 --- [nio-8080-exec-4] c.e.shop.web.OrderController             : Order created id=10740 customer=c-3161 total=99.44
2026-10-03T20:00:05.124Z DEBUG 1 --- [nio-8080-exec-5] o.s.web.servlet.DispatcherServlet        : GET "/api/products", parameters={}
2026-10-03T20:00:06.999Z  INFO 1 --- [nio-8080-exec-3] c.e.shop.web.OrderController             : Order created id=10752 customer=c-4307 total=60.18
2026-10-03T20:00:07.240Z  INFO 1 --- [nio-8080-exec-4] c.e.shop.web.OrderController             : Order created id=10754 customer=c-3119 total=9.52
2026-10-03T20:00:07.999Z  INFO 1 --- [nio-8080-exec-12] c.e.shop.web.OrderController             : Order created id=10764 customer=c-4992 total=97.26
2026-10-03T20:00:08.050Z DEBUG 1 --- [nio-8080-exec-1] o.s.web.servlet.DispatcherServlet        : GET "/api/products", parameters={}
2026-10-03T20:00:08.263Z  INFO 1 --- [   scheduling-1] c.e.shop.service.InventorySync           : Synced 1165 stock levels in 209 ms
2026-10-03T20:00:08.948Z  INFO 1 --- [nio-8080-exec-8] c.e.shop.web.OrderController             : Order created id=10773 customer=c-4698 total=295.65
2026-10-03T20:00:09.414Z  INFO 1 --- [nio-8080-exec-3] c.e.shop.web.OrderController             : Order created id=10777 customer=c-3006 total=51.79
2026-10-03T20:00:09.999Z ERROR 1 --- [nio-8080-exec-11] c.e.shop.service.PaymentService          : Payment failed for order id=10779
java.net.SocketTimeoutException: Read timed out
	at com.example.shop.client.GatewayClient.post(GatewayClient.java:88) ~[classes!/:1.4.2]
	at com.example.shop.service.PaymentService.charge(PaymentService.java:54) ~[classes!/:1.4.2]
Caused by: java.net.SocketException: Connection reset
	... 23 common frames omitted
2026-10-03T20:00:10.226Z  INFO 1 --- [nio-8080-exec-8] c.e.shop.web.OrderController             : Order created id=10782 customer=c-2172 total=88.40
2026-10-03T20:00:10.393Z  INFO 1 --- [nio-8080-exec-11] c.e.shop.web.OrderController             : Order created id=10783 customer=c-3787 total=240.91
2026-10-03T20:00:10.496Z  INFO 1 --- [nio-8080-exec-2] c.e.shop.web.OrderController             : Order created id=10784 customer=c-4448 total=21.88
2026-10-03T20:00:10.562Z  INFO 1 --- [nio-8080-exec-2] c.e.shop.web.OrderController             : Order created id=10785 customer=c-3250 total=148.77
2026-10-03T20:00:10.999Z  WARN 1 --- [nio-8080-exec-7] c.e.shop.service.PaymentService          : Payment gateway slow response: 2050 ms (threshold 1500 ms)
2026-10-03T20:00:11.556Z  INFO 1 --- [nio-8080-exec-4] c.e.shop.web.OrderController             : Order created id=10791 customer=c-1181 total=243.77
2026-10-03T20:00:11.999Z  INFO 1 --- [   scheduling-1] c.e.shop.service.InventorySync           : Synced 1122 stock levels in 406 ms
2026-10-03T20:00:11.999Z  INFO 1 --- [nio-8080-exec-2] c.e.shop.web.OrderController             : Order created id=10797 customer=c-4403 total=60.29
2026-10-03T20:00:12.113Z  INFO 1 --- [nio-8080-exec-5] c.e.shop.web.OrderController             : Order created id=10799 customer=c-1141 total=66.52
2026-10-03T20:00:12.321Z  INFO 1 --- [nio-8080-exec-10] c.e.shop.web.OrderController             : Order created id=10800 customer=c-1766 total=48.13
2026-10-03T20:00:12.999Z DEBUG 1 --- [nio-8080-exec-1] o.s.web.servlet.DispatcherServlet        : GET "/api/products", parameters={}
2026-10-03T20:00:13.374Z  INFO 1 --- [nio-8080-exec-5] c.e.shop.web.OrderController             : Order created id=10810 customer=c-1739 total=219.97
2026-10-03T20:00:13.680Z  INFO 1 --- [   scheduling-1] c.e.shop.service.InventorySync           : Synced 1058 stock levels in 269 ms
2026-10-03T20:00:14.393Z  INFO 1 --- [nio-8080-exec-3] c.e.shop.web.OrderController             : Order created id=10817 customer=c-4709 total=69.44
2026-10-03T20:00:15.999Z DEBUG 1 --- [nio-8080-exec-8] o.s.web.servlet.DispatcherServlet        : GET "/api/products", parameters={}
2026-10-03T20:00:16.454Z ERROR 1 --- [nio-8080-exec-6] c.e.shop.service.PaymentService          : Payment failed for order id=10826
java.net.SocketTimeoutException: Read timed out
	at com.example.shop.client.GatewayClient.post(GatewayClient.java:88) ~[classes!/:1.4.2]
	at com.example.shop.service.PaymentService.charge(PaymentService.java:54) ~[classes!/:1.4.2]
Caused by: java.net.SocketException: Connection reset
	... 31 common frames omitted
2026-10-03T20:00:16.883Z  INFO 1 --- [nio-8080-exec-9] c.e.shop.web.OrderController             : Order created id=10828 customer=c-2956 total=6.83
2026-10-03T20:00:16.999Z  WARN 1 --- [nio-8080-exec-1] c.e.shop.service.PaymentService          : Payment gateway slow response: 3401 ms (threshold 1500 ms)
2026-10-03T20:00:16.999Z DEBUG 1 --- [nio-8080-exec-9] o.s.web.servlet.DispatcherServlet        : GET "/api/products", parameters={}
2026-10-03T20:00:17.546Z  INFO 1 --- [nio-8080-exec-8] c.e.shop.web.OrderController             : Order created id=10832 customer=c-2851 total=7.17
2026-10-03T20:00:17.613Z  INFO 1 --- [nio-8080-exec-8] c.e.shop.web.OrderController             : Order created id=10833 customer=c-2519 total=250.83
2026-10-03T20:00:17.889Z  INFO 1 --- [nio-8080-exec-9] c.e.shop.web.OrderController             : Order created id=10837 customer=c-2726 total=48.79
2026-10-03T20:00:17.999Z DEBUG 1 --- [nio-8080-exec-7] o.s.web.servlet.DispatcherServlet        : GET "/api/products", parameters={}
2026-10-03T20:00:18.528Z  INFO 1 --- [nio-8080-exec-6] c.e.shop.web.OrderController             : Order created id=10844 customer=c-1002 total=121.07
2026-10-03T20:00:18.999Z DEBUG 1 --- [nio-8080-exec-7] o.s.web.servlet.DispatcherServlet        : GET "/api/products", parameters={}
2026-10-03T20:00:19.093Z  INFO 1 --- [nio-8080-exec-10] c.e.shop.web.OrderController             : Order created id=10850 customer=c-2631 total=237.33
2026-10-03T20:00:20.255Z DEBUG 1 --- [nio-8080-exec-1] o.s.web.servlet.DispatcherServlet        : GET "/api/products", parameters={}
2026-10-03T20:00:20.597Z DEBUG 1 --- [nio-8080-exec-9] o.s.web.servlet.DispatcherServlet        : GET "/api/products", parameters={}
2026-10-03T20:00:20.999Z ERROR 1 --- [nio-8080-exec-12] c.e.shop.service.PaymentService          : Payment failed for order id=10862
java.net.SocketTimeoutException: Read timed out
	at com.example.shop.client.GatewayClient.post(GatewayClient.java:88) ~[classes!/:1.4.2]
	at com.example.shop.service.PaymentService.charge(PaymentService.java:54) ~[classes!/:1.4.2]
Caused by: java.net.SocketException: Connection reset
	... 37 common frames omitted
2026-10-03T20:00:21.334Z  INFO 1 --- [nio-8080-exec-12] c.e.shop.web.OrderController             : Order created id=10864 customer=c-2273 total=280.77
2026-10-03T20:00:21.398Z  INFO 1 --- [nio-8080-exec-8] c.e.shop.web.OrderController             : Order created id=10865 customer=c-2145 total=1.00
2026-10-03T20:00:21.421Z  INFO 1 --- [nio-8080-exec-2] c.e.shop.web.OrderController             : Order created id=10867 customer=c-1492 total=90.20
2026-10-03T20:00:21.999Z  INFO 1 --- [nio-8080-exec-5] c.e.shop.web.OrderController             : Order created id=10869 customer=c-2826 total=287.05
2026-10-03T20:00:21.999Z  INFO 1 --- [nio-8080-exec-5] c.e.shop.web.OrderController             : Order created id=10870 customer=c-1927 total=248.46
2026-10-03T20:00:22.529Z  INFO 1 --- [nio-8080-exec-11] c.e.shop.web.OrderController             : Order created id=10873 customer=c-3818 total=191.31
2026-10-03T20:00:23.281Z  INFO 1 --- [nio-8080-exec-4] c.e.shop.web.OrderController             : Order created id=10876 customer=c-4346 total=122.76
2026-10-03T20:00:23.392Z  INFO 1 --- [nio-8080-exec-9] c.e.shop.web.OrderController             : Order created id=10877 customer=c-4625 total=2.32
2026-10-03T20:00:23.790Z  INFO 1 --- [nio-8080-exec-1] c.e.shop.web.OrderController             : Order created id=10880 customer=c-2187 total=41.24
2026-10-03T20:00:24.245Z  INFO 1 --- [nio-8080-exec-5] c.e.shop.web.OrderController             : Order created id=10884 customer=c-4751 total=156.70
2026-10-03T20:00:25.240Z  INFO 1 --- [nio-8080-exec-3] c.e.shop.web.OrderController             : Order created id=10888 customer=c-4209 total=150.53
2026-10-03T20:00:25.625Z  INFO 1 --- [nio-8080-exec-3] c.e.shop.web.OrderController             : Order created id=10890 customer=c-3617 total=99.15
2026-10-03T20:00:25.800Z DEBUG 1 --- [nio-8080-exec-3] o.s.web.servlet.DispatcherServlet        : GET "/api/products", parameters={}
2026-10-03T20:00:25.999Z  INFO 1 --- [nio-8080-exec-6] c.e.shop.web.OrderController             : Order created id=10895 customer=c-4098 total=38.29
2026-10-03T20:00:26.204Z  INFO 1 --- [nio-8080-exec-11] c.e.shop.web.OrderController             : Order created id=10898 customer=c-1033 total=112.59
2026-10-03T20:00:26.276Z  INFO 1 --- [nio-8080-exec-3] c.e.shop.web.OrderController             : Order created id=10901 customer=c-4356 total=61.79
2026-10-03T20:00:27.190Z  INFO 1 --- [nio-8080-exec-6] c.e.shop.web.OrderController             : Order created id=10907 customer=c-3317 total=2.06
2026-10-03T20:00:27.242Z  INFO 1 --- [   scheduling-1] c.e.shop.service.InventorySync           : Synced 1365 stock levels in 385 ms
2026-10-03T20:00:27.624Z ERROR 1 --- [nio-8080-exec-5] c.e.shop.service.PaymentService          : Payment failed for order id=10912
java.net.SocketTimeoutException: Read timed out
	at com.example.shop.client.GatewayClient.post(GatewayClient.java:88) ~[classes!/:1.4.2]
	at com.example.shop.service.PaymentService.charge(PaymentService.java:54) ~[classes!/:1.4.2]
Caused by: java.net.SocketException: Connection reset
	... 43 common frames omitted
2026-10-03T20:00:27.999Z  INFO 1 --- [nio-8080-exec-8] c.e.shop.web.OrderController             : Order created id=10916 customer=c-3715 total=102.98
2026-10-03T20:00:28.207Z  INFO 1 --- [nio-8080-exec-10] c.e.shop.web.OrderController             : Order created id=10917 customer=c-4538 total=277.35
2026-10-03T20:00:28.314Z  WARN 1 --- [nio-8080-exec-10] c.e.shop.service.PaymentService          : Payment gateway slow response: 2894 ms (threshold 1500 ms)
2026-10-03T20:00:28.555Z  INFO 1 --- [nio-8080-exec-5] c.e.shop.web.OrderController             : Order created id=10920 customer=c-1322 total=104.46
2026-10-03T20:00:28.689Z  INFO 1 --- [nio-8080-exec-10] c.e.shop.web.OrderController             : Order created id=10922 customer=c-2135 total=83.81
2026-10-03T20:00:29.014Z DEBUG 1 --- [nio-8080-exec-3] o.s.web.servlet.DispatcherServlet        : GET "/api/products", parameters={}
2026-10-03T20:00:30.226Z  WARN 1 --- [nio-8080-exec-1] c.e.shop.service.PaymentService          : Payment gateway slow response: 2984 ms (threshold 1500 ms)
2026-10-03T20:00:30.309Z  INFO 1 --- [nio-8080-exec-12] c.e.shop.web.OrderController             : Order created id=10933 customer=c-3249 total=183.26
2026-10-03T20:00:31.295Z  INFO 1 --- [nio-8080-exec-4] c.e.shop.web.OrderController             : Order created id=10942 customer=c-4936 total=267.84
2026-10-03T20:00:31.576Z  INFO 1 --- [nio-8080-exec-6] c.e.shop.web.OrderController             : Order created id=10943 customer=c-4263 total=4.00
2026-10-03T20:00:31.769Z  INFO 1 --- [nio-8080-exec-8] c.e.shop.web.OrderController             : Order created id=10945 customer=c-3966 total=177.54
2026-10-03T20:00:31.999Z  INFO 1 --- [nio-8080-exec-8] c.e.shop.web.OrderController             : Order created id=10948 customer=c-4948 total=99.27
2026-10-03T20:00:32.989Z  INFO 1 --- [nio-8080-exec-6] c.e.shop.web.OrderController             : Order created id=10956 customer=c-1331 total=39.27
2026-10-03T20:00:33.137Z  INFO 1 --- [nio-8080-exec-8] c.e.shop.web.OrderController             : Order created id=10958 customer=c-3452 total=62.61
2026-10-03T20:00:33.232Z  INFO 1 --- [nio-8080-exec-7] c.e.shop.web.OrderController             : Order created id=10960 customer=c-1448 total=182.94
2026-10-03T20:00:33.378Z  INFO 1 --- [   scheduling-1] c.e.shop.service.InventorySync           : Synced 1403 stock levels in 434 ms
2026-10-03T20:00:34.485Z  INFO 1 --- [   scheduling-1] c.e.shop.service.InventorySync           : Synced 1349 stock levels in 379 ms
2026-10-03T20:00:34.563Z ERROR 1 --- [nio-8080-exec-3] c.e.shop.service.PaymentService          : Payment failed for order id=10968
java.net.SocketTimeoutException: Read timed out
	at com.example.shop.client.GatewayClient.post(GatewayClient.java:88) ~[classes!/:1.4.2]
	at com.example.shop.service.PaymentService.charge(PaymentService.java:54) ~[classes!/:1.4.2]
Caused by: java.net.SocketException: Connection reset
	... 22 common frames omitted
2026-10-03T20:00:34.999Z  INFO 1 --- [nio-8080-exec-4] c.e.shop.web.OrderController             : Order created id=10969 customer=c-1111 total=76.31
2026-10-03T20:00:35.269Z  INFO 1 --- [nio-8080-exec-6] c.e.shop.web.OrderController             : Order created id=10971 customer=c-2139 total=118.16
2026-10-03T20:00:35.287Z  INFO 1 --- [   scheduling-1] c.e.shop.service.InventorySync           : Synced 1052 stock levels in 370 ms
2026-10-03T20:00:35.635Z  INFO 1 --- [nio-8080-exec-9] c.e.shop.web.OrderController             : Order created id=10974 customer=c-2545 total=23.68
2026-10-03T20:00:35.964Z  INFO 1 --- [nio-8080-exec-2] c.e.shop.web.OrderController             : Order created id=10975 customer=c-1374 total=146.08
2026-10-03T20:00:36.403Z DEBUG 1 --- [nio-8080-exec-5] o.s.web.servlet.DispatcherServlet        : GET "/api/products", parameters={}
2026-10-03T20:00:36.858Z  INFO 1 --- [nio-8080-exec-12] c.e.shop.web.OrderController             : Order created id=10981 customer=c-4651 total=277.58
2026-10-03T20:00:36.999Z  INFO 1 --- [nio-8080-exec-11] c.e.shop.web.OrderController             : Order created id=10982 customer=c-2917 total=219.67
2026-10-03T20:00:36.999Z  INFO 1 --- [nio-8080-exec-2] c.e.shop.web.OrderController             : Order created id=10983 customer=c-1387 total=133.56
2026-10-03T20:00:37.685Z  INFO 1 --- [nio-8080-exec-8] c.e.shop.web.OrderController             : Order created id=10984 customer=c-3803 total=90.23
2026-10-03T20:00:37.964Z  INFO 1 --- [nio-8080-exec-9] c.e.shop.web.OrderController             : Order created id=10985 customer=c-4075 total=146.13
2026-10-03T20:00:37.999Z  INFO 1 --- [   scheduling-1] c.e.shop.service.InventorySync           : Synced 1434 stock levels in 498 ms
2026-10-03T20:00:37.999Z  INFO 1 --- [nio-8080-exec-9] c.e.shop.web.OrderController             : Order created id=10988 customer=c-4677 total=135.87
2026-10-03T20:00:37.999Z  INFO 1 --- [nio-8080-exec-12] c.e.shop.web.OrderController             : Order created id=10989 customer=c-2031 total=173.43
2026-10-03T20:00:37.999Z DEBUG 1 --- [nio-8080-exec-12] o.s.web.servlet.DispatcherServlet        : GET "/api/products", parameters={}
2026-10-03T20:00:38.438Z  INFO 1 --- [nio-8080-exec-6] c.e.shop.web.OrderController             : Order created id=10995 customer=c-1452 total=109.12
2026-10-03T20:00:38.577Z  INFO 1 --- [nio-8080-exec-9] c.e.shop.web.OrderController             : Order created id=10996 customer=c-3119 total=155.09
2026-10-03T20:00:38.846Z ERROR 1 --- [nio-8080-exec-3] c.e.shop.service.PaymentService          : Payment failed for order id=10998
java.net.SocketTimeoutException: Read timed out
	at com.example.shop.client.GatewayClient.post(GatewayClient.java:88) ~[classes!/:1.4.2]
	at com.example.shop.service.PaymentService.charge(PaymentService.java:54) ~[classes!/:1.4.2]
Caused by: java.net.SocketException: Connection reset
	... 53 common frames omitted
2026-10-03T20:00:39.415Z  INFO 1 --- [nio-8080-exec-4] c.e.shop.web.OrderController             : Order created id=11005 customer=c-4764 total=247.14
2026-10-03T20:00:39.999Z ERROR 1 --- [nio-8080-exec-8] c.e.shop.service.PaymentService          : Payment failed for order id=11011
java.net.SocketTimeoutException: Read timed out
	at com.example.shop.client.GatewayClient.post(GatewayClient.java:88) ~[classes!/:1.4.2]
	at com.example.shop.service.PaymentService.charge(PaymentService.java:54) ~[classes!/:1.4.2]
Caused by: java.net.SocketException: Connection reset
	... 23 common frames omitted
2026-10-03T20:00:40.523Z  INFO 1 --- [nio-8080-exec-2] c.e.shop.web.OrderController             : Order created id=11013 customer=c-3023 total=42.60
2026-10-03T20:00:41.797Z  INFO 1 --- [nio-8080-exec-1] c.e.shop.web.OrderController             : Order created id=11018 customer=c-2467 total=128.30
2026-10-03T20:00:41.999Z  WARN 1 --- [nio-8080-exec-12] c.e.shop.service.PaymentService          : Payment gateway slow response: 1534 ms (threshold 1500 ms)
2026-10-03T20:00:42.999Z  INFO 1 --- [nio-8080-exec-6] c.e.shop.web.OrderController             : Order created id=11024 customer=c-4926 total=210.68
2026-10-03T20:00:43.013Z ERROR 1 --- [nio-8080-exec-9] c.e.shop.service.PaymentService          : Payment failed for order id=11025
java.net.SocketTimeoutException: Read timed out
	at com.example.shop.client.GatewayClient.post(GatewayClient.java:88) ~[classes!/:1.4.2]
	at com.example.shop.service.PaymentService.charge(PaymentService.java:54) ~[classes!/:1.4.2]
Caused by: java.net.SocketException: Connection reset
	... 46 common frames omitted
2026-10-03T20:00:43.124Z  INFO 1 --- [nio-8080-exec-1] c.e.shop.web.OrderController             : Order created id=11026 customer=c-2322 total=234.14
2026-10-03T20:00:43.911Z  INFO 1 --- [nio-8080-exec-8] c.e.shop.web.OrderController             : Order created id=11028 customer=c-2972 total=240.24
2026-10-03T20:00:44.622Z  INFO 1 --- [nio-8080-exec-10] c.e.shop.web.OrderController             : Order created id=11031 customer=c-1883 total=100.63
2026-10-03T20:00:44.999Z  INFO 1 --- [nio-8080-exec-12] c.e.shop.web.OrderController             : Order created id=11037 customer=c-2800 total=32.81
2026-10-03T20:00:44.999Z DEBUG 1 --- [nio-8080-exec-11] o.s.web.servlet.DispatcherServlet        : GET "/api/products", parameters={}
2026-10-03T20:00:45.358Z  INFO 1 --- [nio-8080-exec-10] c.e.shop.web.OrderController             : Order created id=11040 customer=c-4534 total=212.05
2026-10-03T20:00:45.566Z  INFO 1 --- [nio-8080-exec-9] c.e.shop.web.OrderController             : Order created id=11041 customer=c-1889 total=179.20
2026-10-03T20:00:46.597Z  INFO 1 --- [nio-8080-exec-8] c.e.shop.web.OrderController             : Order created id=11044 customer=c-4807 total=281.59
2026-10-03T20:00:46.999Z  INFO 1 --- [nio-8080-exec-8] c.e.shop.web.OrderController             : Order created id=11046 customer=c-4456 total=151.48
2026-10-03T20:00:46.999Z  INFO 1 --- [nio-8080-exec-12] c.e.shop.web.OrderController             : Order created id=11048 customer=c-3234 total=281.60
2026-10-03T20:00:46.999Z  INFO 1 --- [nio-8080-exec-11] c.e.shop.web.OrderController             : Order created id=11049 customer=c-1657 total=289.20
2026-10-03T20:02:05.432Z  INFO 1 --- [nio-8080-exec-9] c.e.shop.web.OrderController             : Order created id=10637 customer=c-1080 total=44.19
2026-10-03T20:02:06.224Z  INFO 1 --- [nio-8080-exec-7] c.e.shop.web.OrderController             : Order created id=10639 customer=c-3464 total=261.48
2026-10-03T20:02:06.501Z  INFO 1 --- [nio-8080-exec-11] c.e.shop.web.OrderController             : Order created id=10640 customer=c-1516 total=123.64
2026-10-03T20:02:06.560Z  WARN 1 --- [nio-8080-exec-11] c.e.shop.service.PaymentService          : Payment gateway slow response: 1603 ms (threshold 1500 ms)
2026-10-03T20:02:06.618Z  INFO 1 --- [nio-8080-exec-4] c.e.shop.web.OrderController             : Order created id=10642 customer=c-3666 total=76.82
2026-10-03T20:02:06.855Z  INFO 1 --- [nio-8080-exec-10] c.e.shop.web.OrderController             : Order created id=10644 customer=c-1712 total=70.57
2026-10-03T20:02:06.999Z  INFO 1 --- [nio-8080-exec-7] c.e.shop.web.OrderController             : Order created id=10646 customer=c-2550 total=121.70
2026-10-03T20:02:07.239Z  WARN 1 --- [nio-8080-exec-4] c.e.shop.service.PaymentService          : Payment gateway slow response: 3177 ms (threshold 1500 ms)
2026-10-03T20:02:07.705Z  INFO 1 --- [nio-8080-exec-7] c.e.shop.web.OrderController             : Order created id=10652 customer=c-3140 total=123.00
2026-10-03T20:02:07.773Z  INFO 1 --- [   scheduling-1] c.e.shop.service.InventorySync           : Synced 1023 stock levels in 490 ms
2026-10-03T20:02:08.515Z DEBUG 1 --- [nio-8080-exec-5] o.s.web.servlet.DispatcherServlet        : GET "/api/products", parameters={}
2026-10-03T20:02:08.591Z  INFO 1 --- [nio-8080-exec-2] c.e.shop.web.OrderController             : Order created id=10661 customer=c-4466 total=79.65
2026-10-03T20:02:08.761Z  INFO 1 --- [nio-8080-exec-3] c.e.shop.web.OrderController             : Order created id=10663 customer=c-1796 total=234.10
2026-10-03T20:02:08.849Z  WARN 1 --- [nio-8080-exec-12] c.e.shop.service.PaymentService          : Payment gateway slow response: 2586 ms (threshold 1500 ms)
2026-10-03T20:02:08.856Z ERROR 1 --- [nio-8080-exec-10] c.e.shop.service.PaymentService          : Payment failed for order id=10665
java.net.SocketTimeoutException: Read timed out
	at com.example.shop.client.GatewayClient.post(GatewayClient.java:88) ~[classes!/:1.4.2]
	at com.example.shop.service.PaymentService.charge(PaymentService.java:54) ~[classes!/:1.4.2]
Caused by: java.net.SocketException: Connection reset
	... 58 common frames omitted
2026-10-03T20:02:09.464Z  INFO 1 --- [nio-8080-exec-6] c.e.shop.web.OrderController             : Order created id=10667 customer=c-1024 total=201.46
2026-10-03T20:02:09.999Z  WARN 1 --- [nio-8080-exec-11] c.e.shop.service.PaymentService          : Payment gateway slow response: 2504 ms (threshold 1500 ms)
2026-10-03T20:02:10.389Z  INFO 1 --- [nio-8080-exec-9] c.e.shop.web.OrderController             : Order created id=10671 customer=c-1848 total=186.49
2026-10-03T20:02:10.999Z  INFO 1 --- [nio-8080-exec-2] c.e.shop.web.OrderController             : Order created id=10674 customer=c-1191 total=137.53
2026-10-03T20:02:11.517Z  INFO 1 --- [nio-8080-exec-9] c.e.shop.web.OrderController             : Order created id=10676 customer=c-3414 total=45.41
2026-10-03T20:02:11.921Z  INFO 1 --- [nio-8080-exec-5] c.e.shop.web.OrderController             : Order created id=10680 customer=c-1793 total=258.00
2026-10-03T20:02:12.693Z DEBUG 1 --- [nio-8080-exec-1] o.s.web.servlet.DispatcherServlet        : GET "/api/products", parameters={}
2026-10-03T20:02:12.886Z ERROR 1 --- [nio-8080-exec-12] c.e.shop.service.PaymentService          : Payment failed for order id=10686
java.net.SocketTimeoutException: Read timed out
	at com.example.shop.client.GatewayClient.post(GatewayClient.java:88) ~[classes!/:1.4.2]
	at com.example.shop.service.PaymentService.charge(PaymentService.java:54) ~[classes!/:1.4.2]
Caused by: java.net.SocketException: Connection reset
	... 46 common frames omitted
2026-10-03T20:02:12.999Z  INFO 1 --- [nio-8080-exec-9] c.e.shop.web.OrderController             : Order created id=10688 customer=c-1595 total=230.69
2026-10-03T20:02:13.079Z  INFO 1 --- [nio-8080-exec-9] c.e.shop.web.OrderController             : Order created id=10689 customer=c-4269 total=259.83
2026-10-03T20:02:13.999Z DEBUG 1 --- [nio-8080-exec-11] o.s.web.servlet.DispatcherServlet        : GET "/api/products", parameters={}
2026-10-03T20:02:13.999Z  INFO 1 --- [nio-8080-exec-11] c.e.shop.web.OrderController             : Order created id=10695 customer=c-1531 total=7.49
2026-10-03T20:02:14.651Z  INFO 1 --- [nio-8080-exec-1] c.e.shop.web.OrderController             : Order created id=10698 customer=c-4197 total=152.68
2026-10-03T20:02:15.999Z  WARN 1 --- [nio-8080-exec-11] c.e.shop.service.PaymentService          : Payment gateway slow response: 1772 ms (threshold 1500 ms)
2026-10-03T20:02:16.419Z  INFO 1 --- [nio-8080-exec-9] c.e.shop.web.OrderController             : Order created id=10707 customer=c-2602 total=184.05
2026-10-03T20:02:16.702Z  INFO 1 --- [nio-8080-exec-2] c.e.shop.web.OrderController             : Order created id=10708 customer=c-4194 total=195.82
2026-10-03T20:02:16.999Z  INFO 1 --- [   scheduling-1] c.e.shop.service.InventorySync           : Synced 1251 stock levels in 423 ms
2026-10-03T20:02:17.194Z  INFO 1 --- [nio-8080-exec-1] c.e.shop.web.OrderController             : Order created id=10713 customer=c-3565 total=99.06
2026-10-03T20:02:17.270Z  INFO 1 --- [nio-8080-exec-3] c.e.shop.web.OrderController             : Order created id=10714 customer=c-3292 total=101.81
2026-10-03T20:02:17.970Z DEBUG 1 --- [nio-8080-exec-7] o.s.web.servlet.DispatcherServlet        : GET "/api/products", parameters={}
2026-10-03T20:02:17.999Z  INFO 1 --- [nio-8080-exec-11] c.e.shop.web.OrderController             : Order created id=10720 customer=c-1213 total=219.40
2026-10-03T20:02:17.999Z  WARN 1 --- [nio-8080-exec-12] c.e.shop.service.PaymentService          : Payment gateway slow response: 2609 ms (threshold 1500 ms)
2026-10-03T20:02:19.057Z DEBUG 1 --- [nio-8080-exec-4] o.s.web.servlet.DispatcherServlet        : GET "/api/products", parameters={}
2026-10-03T20:02:19.203Z  INFO 1 --- [nio-8080-exec-9] c.e.shop.web.OrderController             : Order created id=10728 customer=c-1458 total=4.72
2026-10-03T20:02:19.238Z  INFO 1 --- [nio-8080-exec-4] c.e.shop.web.OrderController             : Order created id=10729 customer=c-3756 total=59.45
2026-10-03T20:02:19.472Z  INFO 1 --- [nio-8080-exec-12] c.e.shop.web.OrderController             : Order created id=10730 customer=c-3113 total=17.88
2026-10-03T20:02:19.943Z  INFO 1 --- [nio-8080-exec-2] c.e.shop.web.OrderController             : Order created id=10733 customer=c-1271 total=177.08
2026-10-03T20:02:20.365Z  INFO 1 --- [nio-8080-exec-9] c.e.shop.web.OrderController             : Order created id=10736 customer=c-3128 total=255.89
2026-10-03T20:02:20.532Z  INFO 1 --- [nio-8080-exec-6] c.e.shop.web.OrderController             : Order created id=10738 customer=c-1670 total=210.09
2026-10-03T20:02:20.575Z  INFO 1 --- [nio-8080-exec-6] c.e.shop.web.OrderController             : Order created id=10739 customer=c-3801 total=14.58
2026-10-03T20:02:20.974Z  INFO 1 --- [nio-8080-exec-1] c.e.shop.web.OrderController             : Order created id=10741 customer=c-4909 total=270.97
2026-10-03T20:02:20.999Z  INFO 1 --- [nio-8080-exec-1] c.e.shop.web.OrderController             : Order created id=10743 customer=c-4369 total=213.95
2026-10-03T20:02:21.387Z  WARN 1 --- [nio-8080-exec-4] c.e.shop.service.PaymentService          : Payment gateway slow response: 1837 ms (threshold 1500 ms)
2026-10-03T20:02:21.790Z  INFO 1 --- [nio-8080-exec-1] c.e.shop.web.OrderController             : Order created id=10747 customer=c-1692 total=195.80
2026-10-03T20:02:21.858Z  INFO 1 --- [nio-8080-exec-11] c.e.shop.web.OrderController             : Order created id=10748 customer=c-4226 total=18.42
2026-10-03T20:02:22.114Z  INFO 1 --- [nio-8080-exec-1] c.e.shop.web.OrderController             : Order created id=10750 customer=c-4594 total=47.89
2026-10-03T20:02:22.743Z  INFO 1 --- [nio-8080-exec-12] c.e.shop.web.OrderController             : Order created id=10755 customer=c-2527 total=175.27
2026-10-03T20:02:23.418Z  INFO 1 --- [nio-8080-exec-12] c.e.shop.web.OrderController             : Order created id=10761 customer=c-2099 total=182.82
2026-10-03T20:02:23.432Z  INFO 1 --- [nio-8080-exec-5] c.e.shop.web.OrderController             : Order created id=10762 customer=c-4786 total=148.21
2026-10-03T20:02:24.652Z  INFO 1 --- [nio-8080-exec-2] c.e.shop.web.OrderController             : Order created id=10771 customer=c-4330 total=99.26
2026-10-03T20:02:24.726Z ERROR 1 --- [nio-8080-exec-5] c.e.shop.service.PaymentService          : Payment failed for order id=10772
java.net.SocketTimeoutException: Read timed out
	at com.example.shop.client.GatewayClient.post(GatewayClient.java:88) ~[classes!/:1.4.2]
	at com.example.shop.service.PaymentService.charge(PaymentService.java:54) ~[classes!/:1.4.2]
Caused by: java.net.SocketException: Connection reset
	... 20 common frames omitted
2026-10-03T20:02:25.483Z  INFO 1 --- [nio-8080-exec-11] c.e.shop.web.OrderController             : Order created id=10780 customer=c-3961 total=211.87
2026-10-03T20:02:25.529Z  INFO 1 --- [nio-8080-exec-5] c.e.shop.web.OrderController             : Order created id=10781 customer=c-4942 total=18.21
2026-10-03T20:02:27.079Z ERROR 1 --- [nio-8080-exec-8] c.e.shop.service.PaymentService          : Payment failed for order id=10792
java.net.SocketTimeoutException: Read timed out
	at com.example.shop.client.GatewayClient.post(GatewayClient.java:88) ~[classes!/:1.4.2]
	at com.example.shop.service.PaymentService.charge(PaymentService.java:54) ~[classes!/:1.4.2]
Caused by: java.net.SocketException: Connection reset
	... 50 common frames omitted
2026-10-03T20:02:28.696Z  INFO 1 --- [nio-8080-exec-2] c.e.shop.web.OrderController             : Order created id=10798 customer=c-4108 total=45.29
2026-10-03T20:02:28.951Z  INFO 1 --- [nio-8080-exec-9] c.e.shop.web.OrderController             : Order created id=10799 customer=c-4997 total=192.69
2026-10-03T20:02:28.960Z  INFO 1 --- [nio-8080-exec-6] c.e.shop.web.OrderController             : Order created id=10800 customer=c-2442 total=211.29
2026-10-03T20:02:28.992Z  INFO 1 --- [nio-8080-exec-5] c.e.shop.web.OrderController             : Order created id=10801 customer=c-4575 total=79.60
2026-10-03T20:02:28.999Z  INFO 1 --- [nio-8080-exec-11] c.e.shop.web.OrderController             : Order created id=10802 customer=c-4295 total=296.82
2026-10-03T20:02:29.156Z  INFO 1 --- [nio-8080-exec-11] c.e.shop.web.OrderController             : Order created id=10803 customer=c-3098 total=22.65
2026-10-03T20:02:29.883Z  INFO 1 --- [nio-8080-exec-3] c.e.shop.web.OrderController             : Order created id=10807 customer=c-2243 total=217.29
2026-10-03T20:02:29.917Z  INFO 1 --- [nio-8080-exec-7] c.e.shop.web.OrderController             : Order created id=10808 customer=c-3875 total=28.05
2026-10-03T20:02:29.967Z  INFO 1 --- [nio-8080-exec-8] c.e.shop.web.OrderController             : Order created id=10809 customer=c-1033 total=68.05
2026-10-03T20:02:30.749Z  INFO 1 --- [nio-8080-exec-11] c.e.shop.web.OrderController             : Order created id=10812 customer=c-1579 total=126.85
2026-10-03T20:02:30.999Z DEBUG 1 --- [nio-8080-exec-6] o.s.web.servlet.DispatcherServlet        : GET "/api/products", parameters={}
2026-10-03T20:02:31.471Z  WARN 1 --- [nio-8080-exec-11] c.e.shop.service.PaymentService          : Payment gateway slow response: 3530 ms (threshold 1500 ms)
2026-10-03T20:02:31.768Z  INFO 1 --- [nio-8080-exec-12] c.e.shop.web.OrderController             : Order created id=10818 customer=c-1952 total=289.90
2026-10-03T20:02:31.805Z DEBUG 1 --- [nio-8080-exec-1] o.s.web.servlet.DispatcherServlet        : GET "/api/products", parameters={}
2026-10-03T20:02:31.864Z  INFO 1 --- [nio-8080-exec-1] c.e.shop.web.OrderController             : Order created id=10820 customer=c-4501 total=108.28
2026-10-03T20:02:33.318Z DEBUG 1 --- [nio-8080-exec-8] o.s.web.servlet.DispatcherServlet        : GET "/api/products", parameters={}
2026-10-03T20:02:33.999Z  INFO 1 --- [nio-8080-exec-2] c.e.shop.web.OrderController             : Order created id=10830 customer=c-2922 total=164.80
2026-10-03T20:02:33.999Z ERROR 1 --- [nio-8080-exec-6] c.e.shop.service.PaymentService          : Payment failed for order id=10831
java.net.SocketTimeoutException: Read timed out
	at com.example.shop.client.GatewayClient.post(GatewayClient.java:88) ~[classes!/:1.4.2]
	at com.example.shop.service.PaymentService.charge(PaymentService.java:54) ~[classes!/:1.4.2]
Caused by: java.net.SocketException: Connection reset
	... 29 common frames omitted
2026-10-03T20:02:33.999Z DEBUG 1 --- [nio-8080-exec-8] o.s.web.servlet.DispatcherServlet        : GET "/api/products", parameters={}
2026-10-03T20:02:34.524Z  INFO 1 --- [nio-8080-exec-3] c.e.shop.web.OrderController             : Order created id=10835 customer=c-4528 total=12.51
2026-10-03T20:02:34.997Z  INFO 1 --- [nio-8080-exec-11] c.e.shop.web.OrderController             : Order created id=10838 customer=c-1100 total=66.67
2026-10-03T20:02:34.999Z  INFO 1 --- [nio-8080-exec-11] c.e.shop.web.OrderController             : Order created id=10839 customer=c-4635 total=293.05
2026-10-03T20:02:35.417Z  INFO 1 --- [nio-8080-exec-10] c.e.shop.web.OrderController             : Order created id=10841 customer=c-2164 total=229.54
2026-10-03T20:02:36.190Z  INFO 1 --- [nio-8080-exec-9] c.e.shop.web.OrderController             : Order created id=10844 customer=c-3678 total=94.07
2026-10-03T20:02:36.803Z  INFO 1 --- [nio-8080-exec-5] c.e.shop.web.OrderController             : Order created id=10847 customer=c-3684 total=96.18
2026-10-03T20:02:36.834Z  INFO 1 --- [nio-8080-exec-4] c.e.shop.web.OrderController             : Order created id=10848 customer=c-3061 total=217.32
2026-10-03T20:02:37.049Z  INFO 1 --- [nio-8080-exec-2] c.e.shop.web.OrderController             : Order created id=10850 customer=c-1909 total=81.73
2026-10-03T20:02:37.200Z  WARN 1 --- [nio-8080-exec-2] c.e.shop.service.PaymentService          : Payment gateway slow response: 3711 ms (threshold 1500 ms)
2026-10-03T20:02:37.619Z  INFO 1 --- [nio-8080-exec-9] c.e.shop.web.OrderController             : Order created id=10854 customer=c-4233 total=138.86
2026-10-03T20:02:37.644Z ERROR 1 --- [nio-8080-exec-4] c.e.shop.service.PaymentService          : Payment failed for order id=10855
java.net.SocketTimeoutException: Read timed out
	at com.example.shop.client.GatewayClient.post(GatewayClient.java:88) ~[classes!/:1.4.2]
	at com.example.shop.service.PaymentService.charge(PaymentService.java:54) ~[classes!/:1.4.2]
Caused by: java.net.SocketException: Connection reset
	... 52 common frames omitted
2026-10-03T20:02:37.778Z  INFO 1 --- [nio-8080-exec-2] c.e.shop.web.OrderController             : Order created id=10857 customer=c-4136 total=124.61
2026-10-03T20:02:37.996Z  WARN 1 --- [nio-8080-exec-11] c.e.shop.service.PaymentService          : Payment gateway slow response: 3627 ms (threshold 1500 ms)
2026-10-03T20:02:38.195Z  INFO 1 --- [nio-8080-exec-2] c.e.shop.web.OrderController             : Order created id=10859 customer=c-4541 total=200.71
2026-10-03T20:02:38.999Z  INFO 1 --- [nio-8080-exec-5] c.e.shop.web.OrderController             : Order created id=10867 customer=c-4579 total=158.84
2026-10-03T20:02:39.436Z  INFO 1 --- [nio-8080-exec-10] c.e.shop.web.OrderController             : Order created id=10868 customer=c-4206 total=257.60
2026-10-03T20:02:39.928Z  INFO 1 --- [nio-8080-exec-7] c.e.shop.web.OrderController             : Order created id=10872 customer=c-4920 total=272.56
2026-10-03T20:02:40.196Z DEBUG 1 --- [nio-8080-exec-4] o.s.web.servlet.DispatcherServlet        : GET "/api/products", parameters={}
2026-10-03T20:02:40.360Z  INFO 1 --- [nio-8080-exec-4] c.e.shop.web.OrderController             : Order created id=10878 customer=c-3467 total=45.07
2026-10-03T20:02:41.952Z  INFO 1 --- [nio-8080-exec-10] c.e.shop.web.OrderController             : Order created id=10886 customer=c-2332 total=269.22
2026-10-03T20:02:41.999Z  INFO 1 --- [nio-8080-exec-3] c.e.shop.web.OrderController             : Order created id=10887 customer=c-1859 total=142.74
2026-10-03T20:02:42.210Z  INFO 1 --- [   scheduling-1] c.e.shop.service.InventorySync           : Synced 1311 stock levels in 405 ms
2026-10-03T20:02:42.999Z  INFO 1 --- [nio-8080-exec-12] c.e.shop.web.OrderController             : Order created id=10893 customer=c-1806 total=291.95
2026-10-03T20:02:43.700Z DEBUG 1 --- [nio-8080-exec-11] o.s.web.servlet.DispatcherServlet        : GET "/api/products", parameters={}
2026-10-03T20:02:43.910Z  WARN 1 --- [nio-8080-exec-6] c.e.shop.service.PaymentService          : Payment gateway slow response: 2084 ms (threshold 1500 ms)
2026-10-03T20:02:44.432Z  INFO 1 --- [nio-8080-exec-9] c.e.shop.web.OrderController             : Order created id=10900 customer=c-1204 total=105.29
2026-10-03T20:02:44.546Z  INFO 1 --- [nio-8080-exec-1] c.e.shop.web.OrderController             : Order created id=10901 customer=c-1651 total=205.75
2026-10-03T20:02:44.772Z  INFO 1 --- [nio-8080-exec-2] c.e.shop.web.OrderController             : Order created id=10902 customer=c-4065 total=101.90
2026-10-03T20:02:44.999Z  INFO 1 --- [nio-8080-exec-7] c.e.shop.web.OrderController             : Order created id=10904 customer=c-4526 total=62.98
2026-10-03T20:02:44.999Z  INFO 1 --- [nio-8080-exec-2] c.e.shop.web.OrderController             : Order created id=10905 customer=c-1433 total=220.88
2026-10-03T20:02:45.347Z DEBUG 1 --- [nio-8080-exec-2] o.s.web.servlet.DispatcherServlet        : GET "/api/products", parameters={}
2026-10-03T20:02:45.473Z  INFO 1 --- [nio-8080-exec-12] c.e.shop.web.OrderController             : Order created id=10907 customer=c-1491 total=122.83
2026-10-03T20:02:45.689Z  INFO 1 --- [nio-8080-exec-3] c.e.shop.web.OrderController             : Order created id=10910 customer=c-4526 total=52.97
2026-10-03T20:02:46.396Z  INFO 1 --- [nio-8080-exec-12] c.e.shop.web.OrderController             : Order created id=10912 customer=c-4077 total=94.62
2026-10-03T20:02:46.542Z DEBUG 1 --- [nio-8080-exec-3] o.s.web.servlet.DispatcherServlet        : GET "/api/products", parameters={}
2026-10-03T20:02:46.999Z  INFO 1 --- [nio-8080-exec-9] c.e.shop.web.OrderController             : Order created id=10916 customer=c-2105 total=148.53
2026-10-03T20:02:47.232Z  INFO 1 --- [nio-8080-exec-8] c.e.shop.web.OrderController             : Order created id=10920 customer=c-1832 total=203.29
2026-10-03T20:02:47.950Z  INFO 1 --- [   scheduling-1] c.e.shop.service.InventorySync           : Synced 1009 stock levels in 442 ms
2026-10-03T20:02:48.218Z  INFO 1 --- [nio-8080-exec-11] c.e.shop.web.OrderController             : Order created id=10928 customer=c-2995 total=169.97
2026-10-03T20:02:48.335Z  INFO 1 --- [nio-8080-exec-6] c.e.shop.web.OrderController             : Order created id=10929 customer=c-3978 total=15.13
2026-10-03T20:02:48.999Z  INFO 1 --- [nio-8080-exec-1] c.e.shop.web.OrderController             : Order created id=10933 customer=c-3947 total=99.19
2026-10-03T20:02:48.999Z ERROR 1 --- [nio-8080-exec-11] c.e.shop.service.PaymentService          : Payment failed for order id=10934
java.net.SocketTimeoutException: Read timed out
	at com.example.shop.client.GatewayClient.post(GatewayClient.java:88) ~[classes!/:1.4.2]
	at com.example.shop.service.PaymentService.charge(PaymentService.java:54) ~[classes!/:1.4.2]
Caused by: java.net.SocketException: Connection reset
	... 52 common frames omitted
2026-10-03T20:02:49.999Z  INFO 1 --- [nio-8080-exec-9] c.e.shop.web.OrderController             : Order created id=10940 customer=c-2338 total=294.76
2026-10-03T20:02:50.418Z  INFO 1 --- [nio-8080-exec-6] c.e.shop.web.OrderController             : Order created id=10943 customer=c-2067 total=174.69
2026-10-03T20:02:50.675Z  INFO 1 --- [nio-8080-exec-8] c.e.shop.web.OrderController             : Order created id=10945 customer=c-4644 total=119.03
2026-10-03T20:02:50.999Z  INFO 1 --- [nio-8080-exec-10] c.e.shop.web.OrderController             : Order created id=10947 customer=c-4826 total=21.65
2026-10-03T20:02:51.124Z  INFO 1 --- [nio-8080-exec-6] c.e.shop.web.OrderController             : Order created id=10950 customer=c-3497 total=22.48
2026-10-03T20:02:51.860Z  INFO 1 --- [nio-8080-exec-10] c.e.shop.web.OrderController             : Order created id=10954 customer=c-1537 total=101.13
2026-10-03T20:02:52.007Z DEBUG 1 --- [nio-8080-exec-8] o.s.web.servlet.DispatcherServlet        : GET "/api/products", parameters={}
2026-10-03T20:02:53.191Z  INFO 1 --- [nio-8080-exec-2] c.e.shop.web.OrderController             : Order created id=10965 customer=c-1269 total=199.03
2026-10-03T20:02:53.506Z  INFO 1 --- [nio-8080-exec-6] c.e.shop.web.OrderController             : Order created id=10967 customer=c-3915 total=218.96
2026-10-03T20:02:53.999Z  INFO 1 --- [   scheduling-1] c.e.shop.service.InventorySync           : Synced 1113 stock levels in 455 ms
2026-10-03T20:02:53.999Z  INFO 1 --- [   scheduling-1] c.e.shop.service.InventorySync           : Synced 1032 stock levels in 408 ms
2026-10-03T20:02:54.603Z  INFO 1 --- [nio-8080-exec-8] c.e.shop.web.OrderController             : Order created id=10979 customer=c-1896 total=193.30
2026-10-03T20:02:56.485Z  INFO 1 --- [nio-8080-exec-4] c.e.shop.web.OrderController             : Order created id=10994 customer=c-4071 total=58.30
2026-10-03T20:02:56.592Z  INFO 1 --- [nio-8080-exec-9] c.e.shop.web.OrderController             : Order created id=10995 customer=c-4377 total=136.91
2026-10-03T20:02:56.889Z  INFO 1 --- [nio-8080-exec-8] c.e.shop.web.OrderController             : Order created id=10997 customer=c-1844 total=239.37
2026-10-03T20:02:59.142Z  INFO 1 --- [nio-8080-exec-6] c.e.shop.web.OrderController             : Order created id=11012 customer=c-1683 total=233.74
2026-10-03T20:02:59.999Z DEBUG 1 --- [nio-8080-exec-11] o.s.web.servlet.DispatcherServlet        : GET "/api/products", parameters={}
2026-10-03T20:03:00.297Z  INFO 1 --- [nio-8080-exec-5] c.e.shop.web.OrderController             : Order created id=11020 customer=c-2509 total=216.56
2026-10-03T20:03:01.113Z  WARN 1 --- [nio-8080-exec-12] c.e.shop.service.PaymentService          : Payment gateway slow response: 2912 ms (threshold 1500 ms)
2026-10-03T20:03:01.174Z  INFO 1 --- [nio-8080-exec-3] c.e.shop.web.OrderController             : Order created id=11030 customer=c-3349 total=219.61
2026-10-03T20:03:01.430Z  INFO 1 --- [nio-8080-exec-11] c.e.shop.web.OrderController             : Order created id=11032 customer=c-4967 total=133.06
2026-10-03T20:03:01.774Z  INFO 1 --- [nio-8080-exec-1] c.e.shop.web.OrderController             : Order created id=11034 customer=c-1919 total=14.46
2026-10-03T20:03:01.872Z  INFO 1 --- [   scheduling-1] c.e.shop.service.InventorySync           : Synced 1194 stock levels in 402 ms
2026-10-03T20:03:01.999Z  INFO 1 --- [nio-8080-exec-1] c.e.shop.web.OrderController             : Order created id=11036 customer=c-3377 total=294.58
2026-10-03T20:03:01.999Z  INFO 1 --- [nio-8080-exec-4] c.e.shop.web.OrderController             : Order created id=11037 customer=c-4976 total=216.21
2026-10-03T20:03:02.597Z  INFO 1 --- [nio-8080-exec-2] c.e.shop.web.OrderController             : Order created id=11041 customer=c-4427 total=277.13
2026-10-03T20:03:03.982Z  INFO 1 --- [nio-8080-exec-11] c.e.shop.web.OrderController             : Order created id=11047 customer=c-3286 total=117.46
2026-10-03T20:03:03.999Z  INFO 1 --- [nio-8080-exec-4] c.e.shop.web.OrderController             : Order created id=11049 customer=c-4249 total=36.68
2026-10-03T20:03:04.139Z  INFO 1 --- [nio-8080-exec-3] c.e.shop.web.OrderController             : Order created id=11050 customer=c-3257 total=211.75
2026-10-03T20:03:04.381Z ERROR 1 --- [nio-8080-exec-3] c.e.shop.service.PaymentService          : Payment failed for order id=11052
java.net.SocketTimeoutException: Read timed out
	at com.example.shop.client.GatewayClient.post(GatewayClient.java:88) ~[classes!/:1.4.2]
	at com.example.shop.service.PaymentService.charge(PaymentService.java:54) ~[classes!/:1.4.2]
Caused by: java.net.SocketException: Connection reset
	... 58 common frames omitted
2026-10-03T20:03:05.265Z  INFO 1 --- [nio-8080-exec-9] c.e.shop.web.OrderController             : Order created id=11059 customer=c-2077 total=156.76
2026-10-03T20:03:05.580Z  INFO 1 --- [nio-8080-exec-12] c.e.shop.web.OrderController             : Order created id=11060 customer=c-1700 total=50.36
2026-10-03T20:03:05.664Z  INFO 1 --- [nio-8080-exec-2] c.e.shop.web.OrderController             : Order created id=11061 customer=c-4976 total=133.35
2026-10-03T20:03:05.950Z  WARN 1 --- [nio-8080-exec-4] c.e.shop.service.PaymentService          : Payment gateway slow response: 2219 ms (threshold 1500 ms)
2026-10-03T20:03:05.999Z  INFO 1 --- [nio-8080-exec-2] c.e.shop.web.OrderController             : Order created id=11065 customer=c-1650 total=131.50
2026-10-03T20:03:06.456Z  INFO 1 --- [nio-8080-exec-5] c.e.shop.web.OrderController             : Order created id=11067 customer=c-2703 total=99.16
2026-10-03T20:03:06.663Z  INFO 1 --- [nio-8080-exec-3] c.e.shop.web.OrderController             : Order created id=11070 customer=c-2403 total=204.99
2026-10-03T20:03:06.840Z  INFO 1 --- [nio-8080-exec-5] c.e.shop.web.OrderController             : Order created id=11071 customer=c-2871 total=163.75
2026-10-03T20:03:07.999Z  INFO 1 --- [nio-8080-exec-10] c.e.shop.web.OrderController             : Order created id=11081 customer=c-1313 total=170.94
2026-10-03T20:03:08.999Z  INFO 1 --- [nio-8080-exec-12] c.e.shop.web.OrderController             : Order created id=11087 customer=c-2750 total=89.26
2026-10-03T20:03:09.544Z  INFO 1 --- [nio-8080-exec-4] c.e.shop.web.OrderController             : Order created id=11091 customer=c-4353 total=160.44
2026-10-03T20:03:09.998Z  INFO 1 --- [nio-8080-exec-1] c.e.shop.web.OrderController             : Order created id=11095 customer=c-2813 total=148.53
2026-10-03T20:03:09.999Z  WARN 1 --- [nio-8080-exec-12] c.e.shop.service.PaymentService          : Payment gateway slow response: 1794 ms (threshold 1500 ms)
2026-10-03T20:03:10.822Z  WARN 1 --- [nio-8080-exec-7] c.e.shop.service.PaymentService          : Payment gateway slow response: 2420 ms (threshold 1500 ms)
2026-10-03T20:03:11.103Z DEBUG 1 --- [nio-8080-exec-1] o.s.web.servlet.DispatcherServlet        : GET "/api/products", parameters={}
2026-10-03T20:03:11.821Z  INFO 1 --- [nio-8080-exec-10] c.e.shop.web.OrderController             : Order created id=11108 customer=c-3257 total=170.27
2026-10-03T20:03:12.888Z  WARN 1 --- [nio-8080-exec-3] c.e.shop.service.PaymentService          : Payment gateway slow response: 3485 ms (threshold 1500 ms)
2026-10-03T20:03:13.825Z  WARN 1 --- [nio-8080-exec-11] c.e.shop.service.PaymentService          : Payment gateway slow response: 3587 ms (threshold 1500 ms)
2026-10-03T20:03:13.999Z  WARN 1 --- [nio-8080-exec-11] c.e.shop.service.PaymentService          : Payment gateway slow response: 1983 ms (threshold 1500 ms)
2026-10-03T20:03:14.472Z  WARN 1 --- [nio-8080-exec-6] c.e.shop.service.PaymentService          : Payment gateway slow response: 2241 ms (threshold 1500 ms)
2026-10-03T20:03:14.606Z  INFO 1 --- [nio-8080-exec-10] c.e.shop.web.OrderController             : Order created id=11125 customer=c-1682 total=166.13
2026-10-03T20:03:14.692Z  INFO 1 --- [nio-8080-exec-12] c.e.shop.web.OrderController             : Order created id=11127 customer=c-3665 total=119.89
2026-10-03T20:03:14.761Z  INFO 1 --- [nio-8080-exec-4] c.e.shop.web.OrderController             : Order created id=11128 customer=c-2999 total=118.31
2026-10-03T20:03:14.999Z  INFO 1 --- [nio-8080-exec-11] c.e.shop.web.OrderController             : Order created id=11130 customer=c-2787 total=113.45
2026-10-03T20:03:14.999Z  INFO 1 --- [nio-8080-exec-9] c.e.shop.web.OrderController             : Order created id=11131 customer=c-2688 total=26.12
2026-10-03T20:03:16.302Z  WARN 1 --- [nio-8080-exec-10] c.e.shop.service.PaymentService          : Payment gateway slow response: 2279 ms (threshold 1500 ms)
2026-10-03T20:03:17.273Z  INFO 1 --- [nio-8080-exec-3] c.e.shop.web.OrderController             : Order created id=11140 customer=c-4720 total=142.74
2026-10-03T20:03:17.697Z DEBUG 1 --- [nio-8080-exec-2] o.s.web.servlet.DispatcherServlet        : GET "/api/products", parameters={}
2026-10-03T20:03:18.310Z DEBUG 1 --- [nio-8080-exec-9] o.s.web.servlet.DispatcherServlet        : GET "/api/products", parameters={}
2026-10-03T20:03:18.452Z  INFO 1 --- [nio-8080-exec-8] c.e.shop.web.OrderController             : Order created id=11147 customer=c-3515 total=192.75
2026-10-03T20:03:18.602Z DEBUG 1 --- [nio-8080-exec-3] o.s.web.servlet.DispatcherServlet        : GET "/api/products", parameters={}
2026-10-03T20:03:18.999Z  INFO 1 --- [nio-8080-exec-11] c.e.shop.web.OrderController             : Order created id=11152 customer=c-2479 total=263.06
2026-10-03T20:03:19.806Z DEBUG 1 --- [nio-8080-exec-10] o.s.web.servlet.DispatcherServlet        : GET "/api/products", parameters={}
2026-10-03T20:03:20.088Z  INFO 1 --- [   scheduling-1] c.e.shop.service.InventorySync           : Synced 1156 stock levels in 491 ms
2026-10-03T20:03:20.163Z  INFO 1 --- [nio-8080-exec-7] c.e.shop.web.OrderController             : Order created id=11158 customer=c-4290 total=74.47
2026-10-03T20:03:20.533Z ERROR 1 --- [nio-8080-exec-6] c.e.shop.service.PaymentService          : Payment failed for order id=11162
java.net.SocketTimeoutException: Read timed out
	at com.example.shop.client.GatewayClient.post(GatewayClient.java:88) ~[classes!/:1.4.2]
	at com.example.shop.service.PaymentService.charge(PaymentService.java:54) ~[classes!/:1.4.2]
Caused by: java.net.SocketException: Connection reset
	... 55 common frames omitted
2026-10-03T20:03:20.827Z  INFO 1 --- [nio-8080-exec-8] c.e.shop.web.OrderController             : Order created id=11165 customer=c-1312 total=201.12
2026-10-03T20:03:20.999Z  INFO 1 --- [nio-8080-exec-4] c.e.shop.web.OrderController             : Order created id=11166 customer=c-3447 total=173.48
2026-10-03T20:03:20.999Z  INFO 1 --- [   scheduling-1] c.e.shop.service.InventorySync           : Synced 1067 stock levels in 448 ms
2026-10-03T20:03:21.366Z  INFO 1 --- [nio-8080-exec-8] c.e.shop.web.OrderController             : Order created id=11170 customer=c-1661 total=280.77
2026-10-03T20:03:21.457Z ERROR 1 --- [nio-8080-exec-6] c.e.shop.service.PaymentService          : Payment failed for order id=11171
java.net.SocketTimeoutException: Read timed out
	at com.example.shop.client.GatewayClient.post(GatewayClient.java:88) ~[classes!/:1.4.2]
	at com.example.shop.service.PaymentService.charge(PaymentService.java:54) ~[classes!/:1.4.2]
Caused by: java.net.SocketException: Connection reset
	... 56 common frames omitted
2026-10-03T20:03:22.305Z  INFO 1 --- [nio-8080-exec-3] c.e.shop.web.OrderController             : Order created id=11178 customer=c-3070 total=11.29
2026-10-03T20:03:22.861Z DEBUG 1 --- [nio-8080-exec-12] o.s.web.servlet.DispatcherServlet        : GET "/api/products", parameters={}
2026-10-03T20:03:22.999Z  INFO 1 --- [nio-8080-exec-4] c.e.shop.web.OrderController             : Order created id=11180 customer=c-1083 total=58.06
2026-10-03T20:03:22.999Z  INFO 1 --- [   scheduling-1] c.e.shop.service.InventorySync           : Synced 1353 stock levels in 294 ms
2026-10-03T20:03:23.641Z DEBUG 1 --- [nio-8080-exec-9] o.s.web.servlet.DispatcherServlet        : GET "/api/products", parameters={}
2026-10-03T20:03:23.809Z ERROR 1 --- [nio-8080-exec-3] c.e.shop.service.PaymentService          : Payment failed for order id=11188
java.net.SocketTimeoutException: Read timed out
	at com.example.shop.client.GatewayClient.post(GatewayClient.java:88) ~[classes!/:1.4.2]
	at com.example.shop.service.PaymentService.charge(PaymentService.java:54) ~[classes!/:1.4.2]
Caused by: java.net.SocketException: Connection reset
	... 30 common frames omitted
2026-10-03T20:03:23.987Z DEBUG 1 --- [nio-8080-exec-6] o.s.web.servlet.DispatcherServlet        : GET "/api/products", parameters={}
2026-10-03T20:03:24.241Z  INFO 1 --- [nio-8080-exec-8] c.e.shop.web.OrderController             : Order created id=11193 customer=c-3441 total=297.24
2026-10-03T20:03:24.636Z  INFO 1 --- [nio-8080-exec-9] c.e.shop.web.OrderController             : Order created id=11196 customer=c-3051 total=115.39
2026-10-03T20:03:24.999Z  INFO 1 --- [nio-8080-exec-5] c.e.shop.web.OrderController             : Order created id=11198 customer=c-1429 total=45.72
2026-10-03T20:03:24.999Z  INFO 1 --- [nio-8080-exec-10] c.e.shop.web.OrderController             : Order created id=11199 customer=c-2276 total=19.77
2026-10-03T20:03:25.136Z  INFO 1 --- [nio-8080-exec-2] c.e.shop.web.OrderController             : Order created id=11200 customer=c-3412 total=128.31
2026-10-03T20:03:25.422Z  WARN 1 --- [nio-8080-exec-4] c.e.shop.service.PaymentService          : Payment gateway slow response: 2025 ms (threshold 1500 ms)
2026-10-03T20:03:25.514Z DEBUG 1 --- [nio-8080-exec-6] o.s.web.servlet.DispatcherServlet        : GET "/api/products", parameters={}
2026-10-03T20:03:25.762Z  INFO 1 --- [nio-8080-exec-4] c.e.shop.web.OrderController             : Order created id=11206 customer=c-3941 total=11.88
2026-10-03T20:03:25.882Z  INFO 1 --- [nio-8080-exec-11] c.e.shop.web.OrderController             : Order created id=11207 customer=c-4433 total=79.06
2026-10-03T20:03:25.999Z  INFO 1 --- [nio-8080-exec-2] c.e.shop.web.OrderController             : Order created id=11208 customer=c-2567 total=1.57
2026-10-03T20:03:25.999Z  INFO 1 --- [nio-8080-exec-10] c.e.shop.web.OrderController             : Order created id=11209 customer=c-4843 total=88.56
2026-10-03T20:03:26.459Z DEBUG 1 --- [nio-8080-exec-6] o.s.web.servlet.DispatcherServlet        : GET "/api/products", parameters={}
2026-10-03T20:03:26.951Z  INFO 1 --- [nio-8080-exec-7] c.e.shop.web.OrderController             : Order created id=11216 customer=c-2868 total=129.29
2026-10-03T20:03:26.999Z  INFO 1 --- [nio-8080-exec-6] c.e.shop.web.OrderController             : Order created id=11218 customer=c-2657 total=43.56
2026-10-03T20:03:27.842Z  INFO 1 --- [   scheduling-1] c.e.shop.service.InventorySync           : Synced 1006 stock levels in 253 ms
2026-10-03T20:03:27.999Z  INFO 1 --- [nio-8080-exec-1] c.e.shop.web.OrderController             : Order created id=11227 customer=c-4655 total=122.47
2026-10-03T20:03:27.999Z  INFO 1 --- [nio-8080-exec-4] c.e.shop.web.OrderController             : Order created id=11228 customer=c-4779 total=22.02
2026-10-03T20:03:27.999Z  INFO 1 --- [nio-8080-exec-4] c.e.shop.web.OrderController             : Order created id=11229 customer=c-3500 total=257.34
2026-10-03T20:03:28.947Z  INFO 1 --- [nio-8080-exec-7] c.e.shop.web.OrderController             : Order created id=11234 customer=c-2747 total=110.97
2026-10-03T20:03:29.129Z ERROR 1 --- [nio-8080-exec-9] c.e.shop.service.PaymentService          : Payment failed for order id=11237
java.net.SocketTimeoutException: Read timed out
	at com.example.shop.client.GatewayClient.post(GatewayClient.java:88) ~[classes!/:1.4.2]
	at com.example.shop.service.PaymentService.charge(PaymentService.java:54) ~[classes!/:1.4.2]
Caused by: java.net.SocketException: Connection reset
	... 29 common frames omitted
2026-10-03T20:03:29.232Z  INFO 1 --- [nio-8080-exec-4] c.e.shop.web.OrderController             : Order created id=11238 customer=c-4048 total=152.87
2026-10-03T20:03:29.447Z  INFO 1 --- [nio-8080-exec-7] c.e.shop.web.OrderController             : Order created id=11241 customer=c-4849 total=93.31
2026-10-03T20:03:29.481Z  INFO 1 --- [nio-8080-exec-11] c.e.shop.web.OrderController             : Order created id=11242 customer=c-4658 total=21.75
2026-10-03T20:03:29.999Z  INFO 1 --- [nio-8080-exec-6] c.e.shop.web.OrderController             : Order created id=11247 customer=c-3515 total=64.16
2026-10-03T20:03:30.829Z DEBUG 1 --- [nio-8080-exec-11] o.s.web.servlet.DispatcherServlet        : GET "/api/products", parameters={}
2026-10-03T20:03:30.906Z  INFO 1 --- [nio-8080-exec-9] c.e.shop.web.OrderController             : Order created id=11253 customer=c-1323 total=78.11
2026-10-03T20:03:30.999Z  WARN 1 --- [nio-8080-exec-3] c.e.shop.service.PaymentService          : Payment gateway slow response: 2732 ms (threshold 1500 ms)
2026-10-03T20:03:30.999Z DEBUG 1 --- [nio-8080-exec-11] o.s.web.servlet.DispatcherServlet        : GET "/api/products", parameters={}
2026-10-03T20:03:31.337Z  INFO 1 --- [nio-8080-exec-8] c.e.shop.web.OrderController             : Order created id=11259 customer=c-3734 total=218.78
2026-10-03T20:03:31.999Z  INFO 1 --- [nio-8080-exec-7] c.e.shop.web.OrderController             : Order created id=11265 customer=c-3701 total=190.62
2026-10-03T20:03:32.811Z ERROR 1 --- [nio-8080-exec-4] c.e.shop.service.PaymentService          : Payment failed for order id=11269
java.net.SocketTimeoutException: Read timed out
	at com.example.shop.client.GatewayClient.post(GatewayClient.java:88) ~[classes!/:1.4.2]
	at com.example.shop.service.PaymentService.charge(PaymentService.java:54) ~[classes!/:1.4.2]
Caused by: java.net.SocketException: Connection reset
	... 56 common frames omitted
2026-10-03T20:03:32.880Z DEBUG 1 --- [nio-8080-exec-1] o.s.web.servlet.DispatcherServlet        : GET "/api/products", parameters={}
2026-10-03T20:03:32.927Z  INFO 1 --- [nio-8080-exec-3] c.e.shop.web.OrderController             : Order created id=11271 customer=c-2643 total=21.52
2026-10-03T20:03:32.945Z  INFO 1 --- [nio-8080-exec-4] c.e.shop.web.OrderController             : Order created id=11272 customer=c-1896 total=44.18
2026-10-03T20:03:32.999Z  INFO 1 --- [nio-8080-exec-3] c.e.shop.web.OrderController             : Order created id=11274 customer=c-3632 total=244.97
2026-10-03T20:03:33.156Z  INFO 1 --- [nio-8080-exec-4] c.e.shop.web.OrderController             : Order created id=11280 customer=c-4231 total=21.97
2026-10-03T20:03:33.159Z  INFO 1 --- [nio-8080-exec-12] c.e.shop.web.OrderController             : Order created id=11281 customer=c-2341 total=296.73
2026-10-03T20:03:33.220Z  INFO 1 --- [nio-8080-exec-4] c.e.shop.web.OrderController             : Order created id=11282 customer=c-3800 total=105.50
2026-10-03T20:03:33.547Z  INFO 1 --- [nio-8080-exec-11] c.e.shop.web.OrderController             : Order created id=11284 customer=c-3608 total=177.76
2026-10-03T20:03:33.927Z  INFO 1 --- [nio-8080-exec-9] c.e.shop.web.OrderController             : Order created id=11287 customer=c-4964 total=70.26
2026-10-03T20:03:33.999Z  WARN 1 --- [nio-8080-exec-3] c.e.shop.service.PaymentService          : Payment gateway slow response: 2881 ms (threshold 1500 ms)
2026-10-03T20:03:34.291Z  INFO 1 --- [nio-8080-exec-7] c.e.shop.web.OrderController             : Order created id=11294 customer=c-3380 total=65.20
2026-10-03T20:03:34.596Z  INFO 1 --- [nio-8080-exec-7] c.e.shop.web.OrderController             : Order created id=11296 customer=c-1782 total=254.27
2026-10-03T20:03:34.649Z  INFO 1 --- [nio-8080-exec-1] c.e.shop.web.OrderController             : Order created id=11297 customer=c-3979 total=124.78
2026-10-03T20:03:35.310Z  INFO 1 --- [nio-8080-exec-6] c.e.shop.web.OrderController             : Order created id=11301 customer=c-3812 total=116.98
2026-10-03T20:03:35.980Z  INFO 1 --- [nio-8080-exec-8] c.e.shop.web.OrderController             : Order created id=11306 customer=c-2847 total=86.01
2026-10-03T20:03:36.272Z  INFO 1 --- [nio-8080-exec-12] c.e.shop.web.OrderController             : Order created id=11309 customer=c-1180 total=173.58
2026-10-03T20:03:36.614Z  WARN 1 --- [nio-8080-exec-4] c.e.shop.service.PaymentService          : Payment gateway slow response: 2358 ms (threshold 1500 ms)
2026-10-03T20:03:36.999Z  INFO 1 --- [nio-8080-exec-12] c.e.shop.web.OrderController             : Order created id=11314 customer=c-1595 total=6.68
2026-10-03T20:03:37.577Z  INFO 1 --- [nio-8080-exec-1] c.e.shop.web.OrderController             : Order created id=11318 customer=c-1422 total=109.69
2026-10-03T20:03:38.543Z  INFO 1 --- [nio-8080-exec-2] c.e.shop.web.OrderController             : Order created id=11325 customer=c-3111 total=129.27
2026-10-03T20:03:38.813Z  INFO 1 --- [   scheduling-1] c.e.shop.service.InventorySync           : Synced 1153 stock levels in 286 ms
2026-10-03T20:03:39.746Z  INFO 1 --- [nio-8080-exec-3] c.e.shop.web.OrderController             : Order created id=11333 customer=c-1077 total=103.19
2026-10-03T20:03:39.962Z ERROR 1 --- [nio-8080-exec-8] c.e.shop.service.PaymentService          : Payment failed for order id=11334
java.net.SocketTimeoutException: Read timed out
	at com.example.shop.client.GatewayClient.post(GatewayClient.java:88) ~[classes!/:1.4.2]
	at com.example.shop.service.PaymentService.charge(PaymentService.java:54) ~[classes!/:1.4.2]
Caused by: java.net.SocketException: Connection reset
	... 41 common frames omitted
2026-10-03T20:03:39.999Z  INFO 1 --- [nio-8080-exec-6] c.e.shop.web.OrderController             : Order created id=11336 customer=c-4866 total=13.44
2026-10-03T20:03:40.104Z  INFO 1 --- [nio-8080-exec-4] c.e.shop.web.OrderController             : Order created id=11338 customer=c-3062 total=277.91
2026-10-03T20:03:40.617Z DEBUG 1 --- [nio-8080-exec-11] o.s.web.servlet.DispatcherServlet        : GET "/api/products", parameters={}
2026-10-03T20:03:40.999Z DEBUG 1 --- [nio-8080-exec-11] o.s.web.servlet.DispatcherServlet        : GET "/api/products", parameters={}
2026-10-03T20:03:41.506Z  INFO 1 --- [nio-8080-exec-8] c.e.shop.web.OrderController             : Order created id=11350 customer=c-1258 total=43.91
2026-10-03T20:03:41.999Z  INFO 1 --- [nio-8080-exec-2] c.e.shop.web.OrderController             : Order created id=11355 customer=c-2004 total=152.34
2026-10-03T20:03:41.999Z  INFO 1 --- [   scheduling-1] c.e.shop.service.InventorySync           : Synced 1424 stock levels in 287 ms
2026-10-03T20:03:42.241Z  INFO 1 --- [nio-8080-exec-5] c.e.shop.web.OrderController             : Order created id=11361 customer=c-1232 total=12.09
2026-10-03T20:03:42.901Z ERROR 1 --- [nio-8080-exec-6] c.e.shop.service.PaymentService          : Payment failed for order id=11364
java.net.SocketTimeoutException: Read timed out
	at com.example.shop.client.GatewayClient.post(GatewayClient.java:88) ~[classes!/:1.4.2]
	at com.example.shop.service.PaymentService.charge(PaymentService.java:54) ~[classes!/:1.4.2]
Caused by: java.net.SocketException: Connection reset
	... 44 common frames omitted
2026-10-03T20:03:43.359Z  INFO 1 --- [nio-8080-exec-2] c.e.shop.web.OrderController             : Order created id=11366 customer=c-2745 total=244.76
2026-10-03T20:03:43.775Z  INFO 1 --- [nio-8080-exec-2] c.e.shop.web.OrderController             : Order created id=11367 customer=c-2638 total=86.86
2026-10-03T20:03:43.805Z  INFO 1 --- [nio-8080-exec-2] c.e.shop.web.OrderController             : Order created id=11368 customer=c-4645 total=95.80
2026-10-03T20:03:44.395Z  INFO 1 --- [   scheduling-1] c.e.shop.service.InventorySync           : Synced 1394 stock levels in 333 ms
2026-10-03T20:03:44.983Z  INFO 1 --- [nio-8080-exec-7] c.e.shop.web.OrderController             : Order created id=11377 customer=c-2452 total=236.01
2026-10-03T20:03:44.999Z DEBUG 1 --- [nio-8080-exec-6] o.s.web.servlet.DispatcherServlet        : GET "/api/products", parameters={}
2026-10-03T20:03:44.999Z  INFO 1 --- [nio-8080-exec-3] c.e.shop.web.OrderController             : Order created id=11379 customer=c-2030 total=37.45
2026-10-03T20:03:44.999Z  INFO 1 --- [nio-8080-exec-7] c.e.shop.web.OrderController             : Order created id=11382 customer=c-2615 total=37.98
2026-10-03T20:03:45.115Z  INFO 1 --- [nio-8080-exec-9] c.e.shop.web.OrderController             : Order created id=11383 customer=c-1583 total=27.13
2026-10-03T20:03:45.999Z  INFO 1 --- [nio-8080-exec-3] c.e.shop.web.OrderController             : Order created id=11390 customer=c-1263 total=295.60
2026-10-03T20:03:46.999Z  INFO 1 --- [nio-8080-exec-4] c.e.shop.web.OrderController             : Order created id=11397 customer=c-3444 total=247.40
2026-10-03T20:03:46.999Z  WARN 1 --- [nio-8080-exec-4] c.e.shop.service.PaymentService          : Payment gateway slow response: 3646 ms (threshold 1500 ms)
2026-10-03T20:03:46.999Z ERROR 1 --- [nio-8080-exec-12] c.e.shop.service.PaymentService          : Payment failed for order id=11399
java.net.SocketTimeoutException: Read timed out
	at com.example.shop.client.GatewayClient.post(GatewayClient.java:88) ~[classes!/:1.4.2]
	at com.example.shop.service.PaymentService.charge(PaymentService.java:54) ~[classes!/:1.4.2]
Caused by: java.net.SocketException: Connection reset
	... 46 common frames omitted
2026-10-03T20:03:46.999Z  INFO 1 --- [nio-8080-exec-2] c.e.shop.web.OrderController             : Order created id=11400 customer=c-3183 total=23.54
2026-10-03T20:03:47.348Z  INFO 1 --- [nio-8080-exec-6] c.e.shop.web.OrderController             : Order created id=11402 customer=c-3098 total=228.09
2026-10-03T20:03:47.671Z  INFO 1 --- [nio-8080-exec-3] c.e.shop.web.OrderController             : Order created id=11404 customer=c-1875 total=12.37
2026-10-03T20:03:47.710Z  INFO 1 --- [nio-8080-exec-12] c.e.shop.web.OrderController             : Order created id=11405 customer=c-4886 total=14.05
2026-10-03T20:03:48.533Z  INFO 1 --- [nio-8080-exec-11] c.e.shop.web.OrderController             : Order created id=11409 customer=c-4167 total=228.98
2026-10-03T20:03:48.883Z  INFO 1 --- [nio-8080-exec-4] c.e.shop.web.OrderController             : Order created id=11411 customer=c-3948 total=74.07
2026-10-03T20:03:49.601Z  INFO 1 --- [nio-8080-exec-1] c.e.shop.web.OrderController             : Order created id=11413 customer=c-4882 total=291.38
2026-10-03T20:03:49.716Z  INFO 1 --- [   scheduling-1] c.e.shop.service.InventorySync           : Synced 1335 stock levels in 325 ms
2026-10-03T20:03:49.981Z DEBUG 1 --- [nio-8080-exec-10] o.s.web.servlet.DispatcherServlet        : GET "/api/products", parameters={}
2026-10-03T20:03:49.999Z ERROR 1 --- [nio-8080-exec-11] c.e.shop.service.PaymentService          : Payment failed for order id=11419
java.net.SocketTimeoutException: Read timed out
	at com.example.shop.client.GatewayClient.post(GatewayClient.java:88) ~[classes!/:1.4.2]
	at com.example.shop.service.PaymentService.charge(PaymentService.java:54) ~[classes!/:1.4.2]
Caused by: java.net.SocketException: Connection reset
	... 51 common frames omitted
2026-10-03T20:03:50.172Z  INFO 1 --- [nio-8080-exec-6] c.e.shop.web.OrderController             : Order created id=11420 customer=c-4649 total=35.63
2026-10-03T20:03:50.448Z  WARN 1 --- [nio-8080-exec-5] c.e.shop.service.PaymentService          : Payment gateway slow response: 3299 ms (threshold 1500 ms)
2026-10-03T20:03:50.520Z  INFO 1 --- [nio-8080-exec-2] c.e.shop.web.OrderController             : Order created id=11423 customer=c-3588 total=298.75
2026-10-03T20:03:50.999Z  INFO 1 --- [nio-8080-exec-11] c.e.shop.web.OrderController             : Order created id=11426 customer=c-3606 total=75.25
2026-10-03T20:03:51.478Z ERROR 1 --- [nio-8080-exec-12] c.e.shop.service.PaymentService          : Payment failed for order id=11427
java.net.SocketTimeoutException: Read timed out
	at com.example.shop.client.GatewayClient.post(GatewayClient.java:88) ~[classes!/:1.4.2]
	at com.example.shop.service.PaymentService.charge(PaymentService.java:54) ~[classes!/:1.4.2]
Caused by: java.net.SocketException: Connection reset
	... 34 common frames omitted
2026-10-03T20:03:51.571Z  INFO 1 --- [nio-8080-exec-7] c.e.shop.web.OrderController             : Order created id=11428 customer=c-3316 total=20.28
2026-10-03T20:03:52.681Z DEBUG 1 --- [nio-8080-exec-11] o.s.web.servlet.DispatcherServlet        : GET "/api/products", parameters={}
2026-10-03T20:03:52.949Z  INFO 1 --- [   scheduling-1] c.e.shop.service.InventorySync           : Synced 1235 stock levels in 347 ms
2026-10-03T20:03:52.971Z ERROR 1 --- [nio-8080-exec-12] c.e.shop.service.PaymentService          : Payment failed for order id=11438
java.net.SocketTimeoutException: Read timed out
	at com.example.shop.client.GatewayClient.post(GatewayClient.java:88) ~[classes!/:1.4.2]
	at com.example.shop.service.PaymentService.charge(PaymentService.java:54) ~[classes!/:1.4.2]
Caused by: java.net.SocketException: Connection reset
	... 22 common frames omitted
2026-10-03T20:03:53.399Z  INFO 1 --- [nio-8080-exec-8] c.e.shop.web.OrderController             : Order created id=11443 customer=c-4466 total=219.87
2026-10-03T20:03:55.583Z  INFO 1 --- [nio-8080-exec-12] c.e.shop.web.OrderController             : Order created id=11453 customer=c-1492 total=31.28
2026-10-03T20:03:55.999Z  INFO 1 --- [   scheduling-1] c.e.shop.service.InventorySync           : Synced 1137 stock levels in 420 ms
2026-10-03T20:03:56.443Z DEBUG 1 --- [nio-8080-exec-9] o.s.web.servlet.DispatcherServlet        : GET "/api/products", parameters={}
2026-10-03T20:03:56.516Z  INFO 1 --- [nio-8080-exec-1] c.e.shop.web.OrderController             : Order created id=11460 customer=c-4766 total=69.85
2026-10-03T20:03:56.551Z  WARN 1 --- [nio-8080-exec-8] c.e.shop.service.PaymentService          : Payment gateway slow response: 3331 ms (threshold 1500 ms)
2026-10-03T20:03:56.620Z  WARN 1 --- [nio-8080-exec-7] c.e.shop.service.PaymentService          : Payment gateway slow response: 1561 ms (threshold 1500 ms)
2026-10-03T20:03:56.999Z  INFO 1 --- [nio-8080-exec-8] c.e.shop.web.OrderController             : Order created id=11467 customer=c-1840 total=39.21
2026-10-03T20:03:57.152Z DEBUG 1 --- [nio-8080-exec-11] o.s.web.servlet.DispatcherServlet        : GET "/api/products", parameters={}
2026-10-03T20:03:57.203Z  INFO 1 --- [   scheduling-1] c.e.shop.service.InventorySync           : Synced 1012 stock levels in 324 ms
2026-10-03T20:03:57.720Z  INFO 1 --- [nio-8080-exec-8] c.e.shop.web.OrderController             : Order created id=11472 customer=c-1321 total=257.20
2026-10-03T20:03:58.767Z  WARN 1 --- [nio-8080-exec-12] c.e.shop.service.PaymentService          : Payment gateway slow response: 1850 ms (threshold 1500 ms)
2026-10-03T20:03:58.994Z  INFO 1 --- [nio-8080-exec-6] c.e.shop.web.OrderController             : Order created id=11478 customer=c-4538 total=254.19
2026-10-03T20:03:58.999Z DEBUG 1 --- [nio-8080-exec-2] o.s.web.servlet.DispatcherServlet        : GET "/api/products", parameters={}
2026-10-03T20:03:58.999Z  INFO 1 --- [nio-8080-exec-3] c.e.shop.web.OrderController             : Order created id=11480 customer=c-4589 total=151.07
2026-10-03T20:03:59.087Z  INFO 1 --- [nio-8080-exec-6] c.e.shop.web.OrderController             : Order created id=11481 customer=c-1312 total=287.55
2026-10-03T20:03:59.474Z  INFO 1 --- [nio-8080-exec-9] c.e.shop.web.OrderController             : Order created id=11482 customer=c-2788 total=280.05
2026-10-03T20:03:59.974Z  INFO 1 --- [nio-8080-exec-7] c.e.shop.web.OrderController             : Order created id=11486 customer=c-4107 total=87.71
2026-10-03T20:04:00.092Z  INFO 1 --- [nio-8080-exec-7] c.e.shop.web.OrderController             : Order created id=11489 customer=c-1557 total=79.72
2026-10-03T20:04:00.999Z  INFO 1 --- [   scheduling-1] c.e.shop.service.InventorySync           : Synced 1327 stock levels in 320 ms
2026-10-03T20:04:01.999Z  INFO 1 --- [nio-8080-exec-8] c.e.shop.web.OrderController             : Order created id=11502 customer=c-3480 total=167.09
2026-10-03T20:04:01.999Z  INFO 1 --- [nio-8080-exec-11] c.e.shop.web.OrderController             : Order created id=11505 customer=c-4848 total=171.52
2026-10-03T20:04:02.131Z  INFO 1 --- [nio-8080-exec-11] c.e.shop.web.OrderController             : Order created id=11507 customer=c-4550 total=64.00
2026-10-03T20:04:02.347Z  INFO 1 --- [nio-8080-exec-8] c.e.shop.web.OrderController             : Order created id=11508 customer=c-1774 total=175.07
2026-10-03T20:04:02.999Z  INFO 1 --- [nio-8080-exec-1] c.e.shop.web.OrderController             : Order created id=11513 customer=c-2239 total=206.88
2026-10-03T20:04:02.999Z  INFO 1 --- [nio-8080-exec-12] c.e.shop.web.OrderController             : Order created id=11514 customer=c-1889 total=12.51
2026-10-03T20:04:03.594Z  INFO 1 --- [nio-8080-exec-7] c.e.shop.web.OrderController             : Order created id=11518 customer=c-4424 total=88.38
2026-10-03T20:04:03.885Z  INFO 1 --- [nio-8080-exec-10] c.e.shop.web.OrderController             : Order created id=11519 customer=c-1060 total=42.78
2026-10-03T20:04:04.273Z  INFO 1 --- [nio-8080-exec-6] c.e.shop.web.OrderController             : Order created id=11525 customer=c-2468 total=259.44
2026-10-03T20:04:04.502Z  INFO 1 --- [   scheduling-1] c.e.shop.service.InventorySync           : Synced 1482 stock levels in 427 ms
2026-10-03T20:04:04.971Z  INFO 1 --- [nio-8080-exec-2] c.e.shop.web.OrderController             : Order created id=11533 customer=c-1229 total=64.97
2026-10-03T20:20:27.408Z  INFO 1 --- [   scheduling-1] c.e.shop.service.InventorySync           : Synced 1153 stock levels in 362 ms
2026-10-03T20:20:28.215Z  INFO 1 --- [nio-8080-exec-7] c.e.shop.web.OrderController             : Order created id=10617 customer=c-1470 total=266.91
2026-10-03T20:20:28.709Z ERROR 1 --- [nio-8080-exec-1] c.e.shop.service.PaymentService          : Payment failed for order id=10619
java.net.SocketTimeoutException: Read timed out
	at com.example.shop.client.GatewayClient.post(GatewayClient.java:88) ~[classes!/:1.4.2]
	at com.example.shop.service.PaymentService.charge(PaymentService.java:54) ~[classes!/:1.4.2]
Caused by: java.net.SocketException: Connection reset
	... 21 common frames omitted
2026-10-03T20:20:28.950Z  INFO 1 --- [nio-8080-exec-1] c.e.shop.web.OrderController             : Order created id=10621 customer=c-4575 total=7.85
2026-10-03T20:20:29.253Z  INFO 1 --- [nio-8080-exec-9] c.e.shop.web.OrderController             : Order created id=10622 customer=c-3575 total=280.70
2026-10-03T20:20:29.332Z  INFO 1 --- [nio-8080-exec-9] c.e.shop.web.OrderController             : Order created id=10623 customer=c-2414 total=149.96
2026-10-03T20:20:29.564Z  INFO 1 --- [nio-8080-exec-7] c.e.shop.web.OrderController             : Order created id=10625 customer=c-3814 total=71.43
2026-10-03T20:20:30.597Z  WARN 1 --- [nio-8080-exec-12] c.e.shop.service.PaymentService          : Payment gateway slow response: 3787 ms (threshold 1500 ms)
2026-10-03T20:20:31.430Z  INFO 1 --- [   scheduling-1] c.e.shop.service.InventorySync           : Synced 1049 stock levels in 300 ms
2026-10-03T20:20:31.980Z  INFO 1 --- [nio-8080-exec-6] c.e.shop.web.OrderController             : Order created id=10645 customer=c-1968 total=226.98
2026-10-03T20:20:31.999Z DEBUG 1 --- [nio-8080-exec-2] o.s.web.servlet.DispatcherServlet        : GET "/api/products", parameters={}
2026-10-03T20:20:32.252Z  INFO 1 --- [nio-8080-exec-7] c.e.shop.web.OrderController             : Order created id=10648 customer=c-3611 total=11.15
2026-10-03T20:20:32.509Z  INFO 1 --- [nio-8080-exec-7] c.e.shop.web.OrderController             : Order created id=10650 customer=c-2523 total=244.05
2026-10-03T20:20:32.844Z  INFO 1 --- [nio-8080-exec-9] c.e.shop.web.OrderController             : Order created id=10653 customer=c-1033 total=177.22
2026-10-03T20:20:33.999Z  INFO 1 --- [nio-8080-exec-12] c.e.shop.web.OrderController             : Order created id=10657 customer=c-2677 total=101.04
2026-10-03T20:20:33.999Z  INFO 1 --- [nio-8080-exec-7] c.e.shop.web.OrderController             : Order created id=10659 customer=c-3300 total=169.37
2026-10-03T20:20:34.269Z  INFO 1 --- [nio-8080-exec-9] c.e.shop.web.OrderController             : Order created id=10663 customer=c-3783 total=247.13
2026-10-03T20:20:34.678Z  INFO 1 --- [nio-8080-exec-4] c.e.shop.web.OrderController             : Order created id=10665 customer=c-1469 total=14.78
2026-10-03T20:20:34.999Z  WARN 1 --- [nio-8080-exec-6] c.e.shop.service.PaymentService          : Payment gateway slow response: 3153 ms (threshold 1500 ms)
2026-10-03T20:20:35.364Z  INFO 1 --- [nio-8080-exec-10] c.e.shop.web.OrderController             : Order created id=10674 customer=c-2256 total=205.18
2026-10-03T20:20:35.455Z  INFO 1 --- [nio-8080-exec-12] c.e.shop.web.OrderController             : Order created id=10675 customer=c-1979 total=206.10
2026-10-03T20:20:35.817Z  INFO 1 --- [nio-8080-exec-6] c.e.shop.web.OrderController             : Order created id=10677 customer=c-4248 total=131.93
2026-10-03T20:20:35.999Z  INFO 1 --- [nio-8080-exec-4] c.e.shop.web.OrderController             : Order created id=10679 customer=c-1852 total=295.47
2026-10-03T20:20:37.292Z  INFO 1 --- [nio-8080-exec-5] c.e.shop.web.OrderController             : Order created id=10690 customer=c-2953 total=69.17
2026-10-03T20:20:37.427Z  INFO 1 --- [nio-8080-exec-3] c.e.shop.web.OrderController             : Order created id=10692 customer=c-2467 total=299.12
2026-10-03T20:20:37.693Z  INFO 1 --- [nio-8080-exec-9] c.e.shop.web.OrderController             : Order created id=10694 customer=c-2575 total=80.74
2026-10-03T20:20:37.999Z  INFO 1 --- [nio-8080-exec-11] c.e.shop.web.OrderController             : Order created id=10697 customer=c-1402 total=59.66
2026-10-03T20:20:38.621Z DEBUG 1 --- [nio-8080-exec-2] o.s.web.servlet.DispatcherServlet        : GET "/api/products", parameters={}
2026-10-03T20:20:38.740Z  INFO 1 --- [nio-8080-exec-4] c.e.shop.web.OrderController             : Order created id=10702 customer=c-1719 total=184.00
2026-10-03T20:20:38.999Z  INFO 1 --- [nio-8080-exec-11] c.e.shop.web.OrderController             : Order created id=10703 customer=c-4857 total=266.45
2026-10-03T20:20:38.999Z  INFO 1 --- [nio-8080-exec-1] c.e.shop.web.OrderController             : Order created id=10704 customer=c-4850 total=41.35
2026-10-03T20:20:39.407Z  INFO 1 --- [nio-8080-exec-4] c.e.shop.web.OrderController             : Order created id=10706 customer=c-1194 total=241.66
2026-10-03T20:20:39.485Z  INFO 1 --- [nio-8080-exec-8] c.e.shop.web.OrderController             : Order created id=10707 customer=c-4259 total=127.75
2026-10-03T20:20:39.573Z  INFO 1 --- [nio-8080-exec-9] c.e.shop.web.OrderController             : Order created id=10709 customer=c-1853 total=135.56
2026-10-03T20:20:39.645Z  INFO 1 --- [nio-8080-exec-7] c.e.shop.web.OrderController             : Order created id=10710 customer=c-1242 total=277.58
2026-10-03T20:20:39.739Z  INFO 1 --- [nio-8080-exec-11] c.e.shop.web.OrderController             : Order created id=10712 customer=c-4056 total=234.91
2026-10-03T20:20:39.965Z  INFO 1 --- [nio-8080-exec-5] c.e.shop.web.OrderController             : Order created id=10714 customer=c-3411 total=46.48
2026-10-03T20:20:41.067Z DEBUG 1 --- [nio-8080-exec-8] o.s.web.servlet.DispatcherServlet        : GET "/api/products", parameters={}
2026-10-03T20:20:41.512Z  WARN 1 --- [nio-8080-exec-5] c.e.shop.service.PaymentService          : Payment gateway slow response: 3549 ms (threshold 1500 ms)
2026-10-03T20:20:42.817Z  INFO 1 --- [nio-8080-exec-1] c.e.shop.web.OrderController             : Order created id=10730 customer=c-4304 total=245.86
2026-10-03T20:20:42.840Z  INFO 1 --- [nio-8080-exec-12] c.e.shop.web.OrderController             : Order created id=10731 customer=c-1203 total=229.99
2026-10-03T20:20:43.999Z  INFO 1 --- [nio-8080-exec-7] c.e.shop.web.OrderController             : Order created id=10738 customer=c-1807 total=232.71
2026-10-03T20:20:43.999Z  INFO 1 --- [nio-8080-exec-9] c.e.shop.web.OrderController             : Order created id=10739 customer=c-4116 total=13.43
2026-10-03T20:20:43.999Z ERROR 1 --- [nio-8080-exec-7] c.e.shop.service.PaymentService          : Payment failed for order id=10740
java.net.SocketTimeoutException: Read timed out
	at com.example.shop.client.GatewayClient.post(GatewayClient.java:88) ~[classes!/:1.4.2]
	at com.example.shop.service.PaymentService.charge(PaymentService.java:54) ~[classes!/:1.4.2]
Caused by: java.net.SocketException: Connection reset
	... 43 common frames omitted
2026-10-03T20:20:44.018Z  INFO 1 --- [nio-8080-exec-6] c.e.shop.web.OrderController             : Order created id=10741 customer=c-3975 total=31.99
2026-10-03T20:20:44.809Z  WARN 1 --- [nio-8080-exec-11] c.e.shop.service.PaymentService          : Payment gateway slow response: 2542 ms (threshold 1500 ms)
2026-10-03T20:20:44.999Z DEBUG 1 --- [nio-8080-exec-6] o.s.web.servlet.DispatcherServlet        : GET "/api/products", parameters={}
2026-10-03T20:20:45.263Z  INFO 1 --- [nio-8080-exec-9] c.e.shop.web.OrderController             : Order created id=10747 customer=c-1329 total=40.62
2026-10-03T20:20:45.279Z  INFO 1 --- [nio-8080-exec-9] c.e.shop.web.OrderController             : Order created id=10748 customer=c-3148 total=149.68
2026-10-03T20:20:45.960Z  INFO 1 --- [   scheduling-1] c.e.shop.service.InventorySync           : Synced 1384 stock levels in 365 ms
2026-10-03T20:20:46.999Z DEBUG 1 --- [nio-8080-exec-4] o.s.web.servlet.DispatcherServlet        : GET "/api/products", parameters={}
2026-10-03T20:20:46.999Z  INFO 1 --- [nio-8080-exec-11] c.e.shop.web.OrderController             : Order created id=10756 customer=c-4184 total=239.33
2026-10-03T20:20:47.880Z  INFO 1 --- [nio-8080-exec-5] c.e.shop.web.OrderController             : Order created id=10762 customer=c-1878 total=68.01
2026-10-03T20:20:48.347Z  INFO 1 --- [nio-8080-exec-11] c.e.shop.web.OrderController             : Order created id=10765 customer=c-4127 total=218.83
2026-10-03T20:20:48.470Z  INFO 1 --- [nio-8080-exec-5] c.e.shop.web.OrderController             : Order created id=10766 customer=c-2684 total=89.20
2026-10-03T20:20:48.999Z  INFO 1 --- [nio-8080-exec-5] c.e.shop.web.OrderController             : Order created id=10772 customer=c-1554 total=192.31
2026-10-03T20:20:49.833Z  INFO 1 --- [nio-8080-exec-11] c.e.shop.web.OrderController             : Order created id=10777 customer=c-3258 total=27.14
2026-10-03T20:20:50.158Z  INFO 1 --- [nio-8080-exec-9] c.e.shop.web.OrderController             : Order created id=10778 customer=c-4926 total=192.18
2026-10-03T20:20:50.726Z  INFO 1 --- [nio-8080-exec-11] c.e.shop.web.OrderController             : Order created id=10781 customer=c-4470 total=25.32
2026-10-03T20:20:50.748Z  INFO 1 --- [nio-8080-exec-11] c.e.shop.web.OrderController             : Order created id=10782 customer=c-3544 total=68.64
2026-10-03T20:20:50.900Z  INFO 1 --- [nio-8080-exec-1] c.e.shop.web.OrderController             : Order created id=10783 customer=c-4787 total=298.43
2026-10-03T20:20:51.999Z  WARN 1 --- [nio-8080-exec-5] c.e.shop.service.PaymentService          : Payment gateway slow response: 2148 ms (threshold 1500 ms)
2026-10-03T20:20:52.166Z DEBUG 1 --- [nio-8080-exec-4] o.s.web.servlet.DispatcherServlet        : GET "/api/products", parameters={}
2026-10-03T20:20:52.967Z  INFO 1 --- [nio-8080-exec-12] c.e.shop.web.OrderController             : Order created id=10795 customer=c-3423 total=281.20
2026-10-03T20:20:52.999Z  WARN 1 --- [nio-8080-exec-8] c.e.shop.service.PaymentService          : Payment gateway slow response: 2065 ms (threshold 1500 ms)
2026-10-03T20:20:52.999Z  INFO 1 --- [nio-8080-exec-1] c.e.shop.web.OrderController             : Order created id=10798 customer=c-3233 total=38.52
2026-10-03T20:20:53.144Z  INFO 1 --- [nio-8080-exec-7] c.e.shop.web.OrderController             : Order created id=10799 customer=c-3538 total=291.71
2026-10-03T20:20:53.290Z  INFO 1 --- [nio-8080-exec-7] c.e.shop.web.OrderController             : Order created id=10801 customer=c-4201 total=146.54
2026-10-03T20:20:54.709Z  INFO 1 --- [nio-8080-exec-7] c.e.shop.web.OrderController             : Order created id=10810 customer=c-2599 total=71.52
2026-10-03T20:20:54.832Z  INFO 1 --- [nio-8080-exec-1] c.e.shop.web.OrderController             : Order created id=10811 customer=c-1360 total=285.75
2026-10-03T20:20:55.325Z DEBUG 1 --- [nio-8080-exec-1] o.s.web.servlet.DispatcherServlet        : GET "/api/products", parameters={}
2026-10-03T20:20:55.648Z  INFO 1 --- [nio-8080-exec-4] c.e.shop.web.OrderController             : Order created id=10814 customer=c-2263 total=108.11
2026-10-03T20:20:55.872Z  INFO 1 --- [   scheduling-1] c.e.shop.service.InventorySync           : Synced 1486 stock levels in 279 ms
2026-10-03T20:20:55.999Z  INFO 1 --- [nio-8080-exec-8] c.e.shop.web.OrderController             : Order created id=10817 customer=c-4785 total=157.36
2026-10-03T20:20:56.952Z  INFO 1 --- [nio-8080-exec-1] c.e.shop.web.OrderController             : Order created id=10823 customer=c-1550 total=243.94
2026-10-03T20:20:56.999Z  INFO 1 --- [nio-8080-exec-12] c.e.shop.web.OrderController             : Order created id=10825 customer=c-3520 total=84.05
2026-10-03T20:20:57.410Z  INFO 1 --- [nio-8080-exec-10] c.e.shop.web.OrderController             : Order created id=10828 customer=c-4946 total=129.22
2026-10-03T20:20:57.512Z DEBUG 1 --- [nio-8080-exec-11] o.s.web.servlet.DispatcherServlet        : GET "/api/products", parameters={}
2026-10-03T20:20:57.999Z  INFO 1 --- [nio-8080-exec-9] c.e.shop.web.OrderController             : Order created id=10831 customer=c-3638 total=9.18
2026-10-03T20:20:58.293Z  WARN 1 --- [nio-8080-exec-4] c.e.shop.service.PaymentService          : Payment gateway slow response: 3489 ms (threshold 1500 ms)
2026-10-03T20:20:58.363Z  INFO 1 --- [nio-8080-exec-6] c.e.shop.web.OrderController             : Order created id=10834 customer=c-2486 total=42.69
2026-10-03T20:20:58.999Z  INFO 1 --- [nio-8080-exec-10] c.e.shop.web.OrderController             : Order created id=10839 customer=c-1345 total=97.64
2026-10-03T20:20:58.999Z  INFO 1 --- [nio-8080-exec-4] c.e.shop.web.OrderController             : Order created id=10840 customer=c-2544 total=257.42
2026-10-03T20:20:59.238Z DEBUG 1 --- [nio-8080-exec-5] o.s.web.servlet.DispatcherServlet        : GET "/api/products", parameters={}
2026-10-03T20:20:59.670Z  INFO 1 --- [nio-8080-exec-6] c.e.shop.web.OrderController             : Order created id=10844 customer=c-1108 total=2.80
2026-10-03T20:20:59.999Z DEBUG 1 --- [nio-8080-exec-5] o.s.web.servlet.DispatcherServlet        : GET "/api/products", parameters={}
2026-10-03T20:21:00.142Z  INFO 1 --- [nio-8080-exec-4] c.e.shop.web.OrderController             : Order created id=10849 customer=c-3554 total=39.77
2026-10-03T20:21:00.394Z  INFO 1 --- [nio-8080-exec-8] c.e.shop.web.OrderController             : Order created id=10850 customer=c-3768 total=132.37
2026-10-03T20:21:00.770Z  INFO 1 --- [nio-8080-exec-10] c.e.shop.web.OrderController             : Order created id=10851 customer=c-2081 total=14.21
2026-10-03T20:21:01.584Z  INFO 1 --- [nio-8080-exec-7] c.e.shop.web.OrderController             : Order created id=10856 customer=c-3418 total=200.26
2026-10-03T20:21:01.999Z  INFO 1 --- [nio-8080-exec-9] c.e.shop.web.OrderController             : Order created id=10858 customer=c-3387 total=173.50
2026-10-03T20:21:03.358Z  INFO 1 --- [   scheduling-1] c.e.shop.service.InventorySync           : Synced 1381 stock levels in 289 ms
2026-10-03T20:21:03.597Z ERROR 1 --- [nio-8080-exec-12] c.e.shop.service.PaymentService          : Payment failed for order id=10866
java.net.SocketTimeoutException: Read timed out
	at com.example.shop.client.GatewayClient.post(GatewayClient.java:88) ~[classes!/:1.4.2]
	at com.example.shop.service.PaymentService.charge(PaymentService.java:54) ~[classes!/:1.4.2]
Caused by: java.net.SocketException: Connection reset
	... 26 common frames omitted
2026-10-03T20:21:03.928Z  INFO 1 --- [nio-8080-exec-3] c.e.shop.web.OrderController             : Order created id=10867 customer=c-4134 total=159.63
2026-10-03T20:21:03.999Z  INFO 1 --- [nio-8080-exec-7] c.e.shop.web.OrderController             : Order created id=10871 customer=c-4715 total=114.25
2026-10-03T20:21:04.312Z  INFO 1 --- [nio-8080-exec-6] c.e.shop.web.OrderController             : Order created id=10873 customer=c-1175 total=12.66
2026-10-03T20:21:04.626Z ERROR 1 --- [nio-8080-exec-11] c.e.shop.service.PaymentService          : Payment failed for order id=10877
java.net.SocketTimeoutException: Read timed out
	at com.example.shop.client.GatewayClient.post(GatewayClient.java:88) ~[classes!/:1.4.2]
	at com.example.shop.service.PaymentService.charge(PaymentService.java:54) ~[classes!/:1.4.2]
Caused by: java.net.SocketException: Connection reset
	... 40 common frames omitted
2026-10-03T20:21:05.698Z ERROR 1 --- [nio-8080-exec-11] c.e.shop.service.PaymentService          : Payment failed for order id=10888
java.net.SocketTimeoutException: Read timed out
	at com.example.shop.client.GatewayClient.post(GatewayClient.java:88) ~[classes!/:1.4.2]
	at com.example.shop.service.PaymentService.charge(PaymentService.java:54) ~[classes!/:1.4.2]
Caused by: java.net.SocketException: Connection reset
	... 26 common frames omitted
2026-10-03T20:21:05.999Z  INFO 1 --- [   scheduling-1] c.e.shop.service.InventorySync           : Synced 1419 stock levels in 349 ms
2026-10-03T20:21:06.473Z  INFO 1 --- [nio-8080-exec-4] c.e.shop.web.OrderController             : Order created id=10894 customer=c-3264 total=220.04
2026-10-03T20:21:06.999Z  INFO 1 --- [nio-8080-exec-12] c.e.shop.web.OrderController             : Order created id=10898 customer=c-2400 total=179.50
2026-10-03T20:21:06.999Z  INFO 1 --- [nio-8080-exec-1] c.e.shop.web.OrderController             : Order created id=10899 customer=c-3878 total=60.28
2026-10-03T20:21:06.999Z  INFO 1 --- [nio-8080-exec-12] c.e.shop.web.OrderController             : Order created id=10900 customer=c-3367 total=241.15
2026-10-03T20:21:07.233Z  INFO 1 --- [nio-8080-exec-5] c.e.shop.web.OrderController             : Order created id=10902 customer=c-1876 total=31.85
2026-10-03T20:21:07.447Z  INFO 1 --- [nio-8080-exec-11] c.e.shop.web.OrderController             : Order created id=10904 customer=c-3147 total=262.60
2026-10-03T20:21:07.771Z  WARN 1 --- [nio-8080-exec-10] c.e.shop.service.PaymentService          : Payment gateway slow response: 2737 ms (threshold 1500 ms)
2026-10-03T20:21:08.987Z  INFO 1 --- [nio-8080-exec-10] c.e.shop.web.OrderController             : Order created id=10913 customer=c-3704 total=184.84
2026-10-03T20:21:08.999Z  INFO 1 --- [nio-8080-exec-10] c.e.shop.web.OrderController             : Order created id=10915 customer=c-3729 total=263.33
2026-10-03T20:21:09.462Z  INFO 1 --- [nio-8080-exec-3] c.e.shop.web.OrderController             : Order created id=10918 customer=c-4705 total=18.64
2026-10-03T20:21:10.174Z  INFO 1 --- [nio-8080-exec-10] c.e.shop.web.OrderController             : Order created id=10923 customer=c-1116 total=54.83
2026-10-03T20:21:10.649Z  INFO 1 --- [nio-8080-exec-12] c.e.shop.web.OrderController             : Order created id=10926 customer=c-4707 total=156.03
2026-10-03T20:21:11.428Z  INFO 1 --- [nio-8080-exec-10] c.e.shop.web.OrderController             : Order created id=10932 customer=c-4169 total=279.68
2026-10-03T20:21:12.154Z  INFO 1 --- [   scheduling-1] c.e.shop.service.InventorySync           : Synced 1394 stock levels in 464 ms
2026-10-03T20:21:12.310Z  INFO 1 --- [nio-8080-exec-9] c.e.shop.web.OrderController             : Order created id=10940 customer=c-1322 total=42.24
2026-10-03T20:21:12.826Z  INFO 1 --- [nio-8080-exec-2] c.e.shop.web.OrderController             : Order created id=10944 customer=c-1816 total=80.06
2026-10-03T20:21:13.949Z  INFO 1 --- [nio-8080-exec-9] c.e.shop.web.OrderController             : Order created id=10955 customer=c-2728 total=188.75
2026-10-03T20:21:14.082Z  INFO 1 --- [   scheduling-1] c.e.shop.service.InventorySync           : Synced 1313 stock levels in 459 ms
2026-10-03T20:21:14.166Z ERROR 1 --- [nio-8080-exec-11] c.e.shop.service.PaymentService          : Payment failed for order id=10959
java.net.SocketTimeoutException: Read timed out
	at com.example.shop.client.GatewayClient.post(GatewayClient.java:88) ~[classes!/:1.4.2]
	at com.example.shop.service.PaymentService.charge(PaymentService.java:54) ~[classes!/:1.4.2]
Caused by: java.net.SocketException: Connection reset
	... 52 common frames omitted
2026-10-03T20:21:14.387Z  INFO 1 --- [nio-8080-exec-4] c.e.shop.web.OrderController             : Order created id=10960 customer=c-2716 total=230.68
2026-10-03T20:21:14.999Z  INFO 1 --- [nio-8080-exec-10] c.e.shop.web.OrderController             : Order created id=10966 customer=c-3216 total=286.79
2026-10-03T20:21:14.999Z  INFO 1 --- [nio-8080-exec-3] c.e.shop.web.OrderController             : Order created id=10967 customer=c-4247 total=3.15
2026-10-03T20:21:15.768Z  INFO 1 --- [nio-8080-exec-2] c.e.shop.web.OrderController             : Order created id=10971 customer=c-2911 total=262.62
2026-10-03T20:21:15.915Z  INFO 1 --- [   scheduling-1] c.e.shop.service.InventorySync           : Synced 1429 stock levels in 411 ms
2026-10-03T20:21:15.989Z  INFO 1 --- [   scheduling-1] c.e.shop.service.InventorySync           : Synced 1467 stock levels in 420 ms
2026-10-03T20:21:16.733Z  INFO 1 --- [nio-8080-exec-7] c.e.shop.web.OrderController             : Order created id=10980 customer=c-1079 total=30.56
2026-10-03T20:21:16.780Z DEBUG 1 --- [nio-8080-exec-11] o.s.web.servlet.DispatcherServlet        : GET "/api/products", parameters={}
2026-10-03T20:21:17.920Z  INFO 1 --- [nio-8080-exec-12] c.e.shop.web.OrderController             : Order created id=10984 customer=c-4603 total=41.69
2026-10-03T20:21:17.990Z  INFO 1 --- [   scheduling-1] c.e.shop.service.InventorySync           : Synced 1237 stock levels in 301 ms
2026-10-03T20:21:17.999Z  INFO 1 --- [nio-8080-exec-6] c.e.shop.web.OrderController             : Order created id=10987 customer=c-1739 total=55.37
2026-10-03T20:21:18.999Z  INFO 1 --- [nio-8080-exec-12] c.e.shop.web.OrderController             : Order created id=10995 customer=c-2189 total=5.26
2026-10-03T20:21:19.631Z  INFO 1 --- [nio-8080-exec-10] c.e.shop.web.OrderController             : Order created id=11000 customer=c-3983 total=220.44
2026-10-03T20:21:20.626Z  WARN 1 --- [nio-8080-exec-11] c.e.shop.service.PaymentService          : Payment gateway slow response: 3068 ms (threshold 1500 ms)
2026-10-03T20:21:21.211Z  INFO 1 --- [nio-8080-exec-2] c.e.shop.web.OrderController             : Order created id=11010 customer=c-3995 total=77.53
2026-10-03T20:21:21.626Z  INFO 1 --- [nio-8080-exec-9] c.e.shop.web.OrderController             : Order created id=11015 customer=c-2485 total=281.29
2026-10-03T20:21:21.850Z  INFO 1 --- [nio-8080-exec-9] c.e.shop.web.OrderController             : Order created id=11016 customer=c-3032 total=190.22
2026-10-03T20:21:21.999Z  INFO 1 --- [nio-8080-exec-1] c.e.shop.web.OrderController             : Order created id=11017 customer=c-4888 total=283.70
2026-10-03T20:21:22.352Z  INFO 1 --- [   scheduling-1] c.e.shop.service.InventorySync           : Synced 1083 stock levels in 267 ms
2026-10-03T20:21:23.731Z  INFO 1 --- [nio-8080-exec-1] c.e.shop.web.OrderController             : Order created id=11031 customer=c-1271 total=265.71
2026-10-03T20:21:23.999Z  INFO 1 --- [nio-8080-exec-2] c.e.shop.web.OrderController             : Order created id=11034 customer=c-3192 total=221.16
2026-10-03T20:21:23.999Z  INFO 1 --- [   scheduling-1] c.e.shop.service.InventorySync           : Synced 1423 stock levels in 280 ms
2026-10-03T20:21:24.655Z  INFO 1 --- [nio-8080-exec-8] c.e.shop.web.OrderController             : Order created id=11038 customer=c-3343 total=293.14
2026-10-03T20:21:24.723Z  INFO 1 --- [nio-8080-exec-6] c.e.shop.web.OrderController             : Order created id=11039 customer=c-2302 total=236.25
2026-10-03T20:21:26.145Z  WARN 1 --- [nio-8080-exec-4] c.e.shop.service.PaymentService          : Payment gateway slow response: 3538 ms (threshold 1500 ms)
2026-10-03T20:21:26.343Z  INFO 1 --- [nio-8080-exec-5] c.e.shop.web.OrderController             : Order created id=11051 customer=c-3431 total=111.19
2026-10-03T20:21:26.930Z  INFO 1 --- [nio-8080-exec-11] c.e.shop.web.OrderController             : Order created id=11055 customer=c-3483 total=79.21
2026-10-03T20:21:27.366Z  WARN 1 --- [nio-8080-exec-10] c.e.shop.service.PaymentService          : Payment gateway slow response: 3082 ms (threshold 1500 ms)
2026-10-03T20:21:27.999Z DEBUG 1 --- [nio-8080-exec-4] o.s.web.servlet.DispatcherServlet        : GET "/api/products", parameters={}
2026-10-03T20:21:28.072Z  INFO 1 --- [nio-8080-exec-6] c.e.shop.web.OrderController             : Order created id=11066 customer=c-3743 total=206.07
2026-10-03T20:21:29.245Z  INFO 1 --- [nio-8080-exec-5] c.e.shop.web.OrderController             : Order created id=11072 customer=c-3183 total=201.79
2026-10-03T20:21:30.021Z DEBUG 1 --- [nio-8080-exec-4] o.s.web.servlet.DispatcherServlet        : GET "/api/products", parameters={}
2026-10-03T20:21:30.999Z  INFO 1 --- [nio-8080-exec-6] c.e.shop.web.OrderController             : Order created id=11082 customer=c-4822 total=258.14
2026-10-03T20:21:31.999Z  INFO 1 --- [nio-8080-exec-4] c.e.shop.web.OrderController             : Order created id=11087 customer=c-1084 total=298.36
2026-10-03T20:21:32.498Z  INFO 1 --- [nio-8080-exec-2] c.e.shop.web.OrderController             : Order created id=11090 customer=c-4366 total=175.57
2026-10-03T20:21:33.104Z DEBUG 1 --- [nio-8080-exec-6] o.s.web.servlet.DispatcherServlet        : GET "/api/products", parameters={}
2026-10-03T20:21:33.327Z  INFO 1 --- [nio-8080-exec-11] c.e.shop.web.OrderController             : Order created id=11096 customer=c-4848 total=184.55
2026-10-03T20:21:33.506Z  INFO 1 --- [nio-8080-exec-2] c.e.shop.web.OrderController             : Order created id=11098 customer=c-3570 total=269.92
2026-10-03T20:21:34.304Z  INFO 1 --- [nio-8080-exec-3] c.e.shop.web.OrderController             : Order created id=11102 customer=c-2854 total=255.82
2026-10-03T20:21:34.829Z  WARN 1 --- [nio-8080-exec-3] c.e.shop.service.PaymentService          : Payment gateway slow response: 3637 ms (threshold 1500 ms)
2026-10-03T20:21:35.507Z  INFO 1 --- [   scheduling-1] c.e.shop.service.InventorySync           : Synced 1447 stock levels in 372 ms
2026-10-03T20:21:35.687Z  INFO 1 --- [nio-8080-exec-2] c.e.shop.web.OrderController             : Order created id=11116 customer=c-4184 total=22.27
2026-10-03T20:21:36.446Z  INFO 1 --- [nio-8080-exec-7] c.e.shop.web.OrderController             : Order created id=11123 customer=c-2721 total=128.97
2026-10-03T20:21:37.335Z  INFO 1 --- [nio-8080-exec-10] c.e.shop.web.OrderController             : Order created id=11131 customer=c-3644 total=254.50
2026-10-03T20:21:38.188Z  INFO 1 --- [nio-8080-exec-9] c.e.shop.web.OrderController             : Order created id=11136 customer=c-1747 total=151.06
2026-10-03T20:21:39.422Z  INFO 1 --- [nio-8080-exec-8] c.e.shop.web.OrderController             : Order created id=11143 customer=c-3262 total=70.85
2026-10-03T20:21:39.577Z  INFO 1 --- [nio-8080-exec-12] c.e.shop.web.OrderController             : Order created id=11144 customer=c-4265 total=288.07
2026-10-03T20:21:39.883Z DEBUG 1 --- [nio-8080-exec-12] o.s.web.servlet.DispatcherServlet        : GET "/api/products", parameters={}
2026-10-03T20:21:40.427Z  INFO 1 --- [nio-8080-exec-11] c.e.shop.web.OrderController             : Order created id=11154 customer=c-4274 total=39.21
2026-10-03T20:21:40.492Z  INFO 1 --- [nio-8080-exec-9] c.e.shop.web.OrderController             : Order created id=11155 customer=c-2654 total=37.19
2026-10-03T20:21:41.481Z  INFO 1 --- [nio-8080-exec-1] c.e.shop.web.OrderController             : Order created id=11160 customer=c-1294 total=183.10
2026-10-03T20:21:41.563Z  INFO 1 --- [nio-8080-exec-3] c.e.shop.web.OrderController             : Order created id=11161 customer=c-3760 total=229.33
2026-10-03T20:21:41.809Z  INFO 1 --- [nio-8080-exec-8] c.e.shop.web.OrderController             : Order created id=11165 customer=c-1179 total=122.52
2026-10-03T20:21:43.249Z  INFO 1 --- [nio-8080-exec-10] c.e.shop.web.OrderController             : Order created id=11176 customer=c-4410 total=176.28
2026-10-03T20:21:44.333Z DEBUG 1 --- [nio-8080-exec-5] o.s.web.servlet.DispatcherServlet        : GET "/api/products", parameters={}
2026-10-03T20:21:44.745Z  INFO 1 --- [nio-8080-exec-9] c.e.shop.web.OrderController             : Order created id=11183 customer=c-2789 total=114.65
2026-10-03T20:21:44.999Z  INFO 1 --- [   scheduling-1] c.e.shop.service.InventorySync           : Synced 1363 stock levels in 227 ms
2026-10-03T20:21:44.999Z  INFO 1 --- [nio-8080-exec-2] c.e.shop.web.OrderController             : Order created id=11188 customer=c-1619 total=158.95
2026-10-03T20:21:45.137Z DEBUG 1 --- [nio-8080-exec-12] o.s.web.servlet.DispatcherServlet        : GET "/api/products", parameters={}
2026-10-03T20:21:45.412Z  INFO 1 --- [nio-8080-exec-11] c.e.shop.web.OrderController             : Order created id=11192 customer=c-4506 total=93.18
2026-10-03T20:21:45.844Z  INFO 1 --- [nio-8080-exec-12] c.e.shop.web.OrderController             : Order created id=11195 customer=c-3644 total=225.26
2026-10-03T20:21:45.858Z  INFO 1 --- [nio-8080-exec-1] c.e.shop.web.OrderController             : Order created id=11196 customer=c-3051 total=155.40
2026-10-03T20:21:45.999Z  INFO 1 --- [nio-8080-exec-1] c.e.shop.web.OrderController             : Order created id=11197 customer=c-3476 total=255.64
2026-10-03T20:21:46.552Z  INFO 1 --- [nio-8080-exec-3] c.e.shop.web.OrderController             : Order created id=11202 customer=c-1110 total=223.89
2026-10-03T20:21:47.067Z DEBUG 1 --- [nio-8080-exec-2] o.s.web.servlet.DispatcherServlet        : GET "/api/products", parameters={}
2026-10-03T20:21:47.345Z  INFO 1 --- [nio-8080-exec-10] c.e.shop.web.OrderController             : Order created id=11213 customer=c-1495 total=3.29
2026-10-03T20:21:47.432Z  WARN 1 --- [nio-8080-exec-1] c.e.shop.service.PaymentService          : Payment gateway slow response: 1533 ms (threshold 1500 ms)
2026-10-03T20:21:48.307Z  WARN 1 --- [nio-8080-exec-6] c.e.shop.service.PaymentService          : Payment gateway slow response: 2424 ms (threshold 1500 ms)
2026-10-03T20:21:48.578Z  INFO 1 --- [nio-8080-exec-5] c.e.shop.web.OrderController             : Order created id=11220 customer=c-2499 total=95.80
2026-10-03T20:21:48.845Z  INFO 1 --- [nio-8080-exec-1] c.e.shop.web.OrderController             : Order created id=11221 customer=c-1412 total=80.29
2026-10-03T20:21:48.999Z  INFO 1 --- [nio-8080-exec-11] c.e.shop.web.OrderController             : Order created id=11222 customer=c-3538 total=53.55
2026-10-03T20:21:49.463Z  INFO 1 --- [nio-8080-exec-11] c.e.shop.web.OrderController             : Order created id=11223 customer=c-3918 total=234.11
2026-10-03T20:21:49.619Z  WARN 1 --- [nio-8080-exec-5] c.e.shop.service.PaymentService          : Payment gateway slow response: 1577 ms (threshold 1500 ms)
2026-10-03T20:21:49.836Z  INFO 1 --- [nio-8080-exec-12] c.e.shop.web.OrderController             : Order created id=11227 customer=c-3400 total=47.07
2026-10-03T20:21:49.999Z  INFO 1 --- [nio-8080-exec-4] c.e.shop.web.OrderController             : Order created id=11229 customer=c-3961 total=50.53
2026-10-03T20:21:50.682Z  INFO 1 --- [nio-8080-exec-3] c.e.shop.web.OrderController             : Order created id=11234 customer=c-4810 total=172.73
2026-10-03T20:21:51.406Z ERROR 1 --- [nio-8080-exec-1] c.e.shop.service.PaymentService          : Payment failed for order id=11241
java.net.SocketTimeoutException: Read timed out
	at com.example.shop.client.GatewayClient.post(GatewayClient.java:88) ~[classes!/:1.4.2]
	at com.example.shop.service.PaymentService.charge(PaymentService.java:54) ~[classes!/:1.4.2]
Caused by: java.net.SocketException: Connection reset
	... 55 common frames omitted
2026-10-03T20:21:51.539Z  INFO 1 --- [nio-8080-exec-9] c.e.shop.web.OrderController             : Order created id=11242 customer=c-2285 total=141.64
2026-10-03T20:21:51.857Z  INFO 1 --- [nio-8080-exec-10] c.e.shop.web.OrderController             : Order created id=11245 customer=c-2369 total=110.83
2026-10-03T20:21:51.943Z  INFO 1 --- [nio-8080-exec-6] c.e.shop.web.OrderController             : Order created id=11246 customer=c-3598 total=119.24
2026-10-03T20:21:51.999Z  INFO 1 --- [nio-8080-exec-5] c.e.shop.web.OrderController             : Order created id=11247 customer=c-2150 total=262.52
2026-10-03T20:21:52.077Z  INFO 1 --- [nio-8080-exec-6] c.e.shop.web.OrderController             : Order created id=11248 customer=c-3798 total=49.88
2026-10-03T20:21:52.428Z  INFO 1 --- [nio-8080-exec-3] c.e.shop.web.OrderController             : Order created id=11251 customer=c-1307 total=113.58
2026-10-03T20:21:52.584Z  INFO 1 --- [nio-8080-exec-2] c.e.shop.web.OrderController             : Order created id=11252 customer=c-3225 total=226.62
2026-10-03T20:21:52.635Z  INFO 1 --- [nio-8080-exec-2] c.e.shop.web.OrderController             : Order created id=11254 customer=c-4750 total=118.40
2026-10-03T20:21:52.779Z DEBUG 1 --- [nio-8080-exec-1] o.s.web.servlet.DispatcherServlet        : GET "/api/products", parameters={}
2026-10-03T20:21:53.283Z  INFO 1 --- [nio-8080-exec-5] c.e.shop.web.OrderController             : Order created id=11261 customer=c-1272 total=297.00
2026-10-03T20:21:53.471Z  INFO 1 --- [nio-8080-exec-3] c.e.shop.web.OrderController             : Order created id=11263 customer=c-3747 total=107.73
2026-10-03T20:21:54.527Z  INFO 1 --- [nio-8080-exec-4] c.e.shop.web.OrderController             : Order created id=11268 customer=c-1864 total=273.04
2026-10-03T20:21:54.656Z ERROR 1 --- [nio-8080-exec-6] c.e.shop.service.PaymentService          : Payment failed for order id=11270
java.net.SocketTimeoutException: Read timed out
	at com.example.shop.client.GatewayClient.post(GatewayClient.java:88) ~[classes!/:1.4.2]
	at com.example.shop.service.PaymentService.charge(PaymentService.java:54) ~[classes!/:1.4.2]
Caused by: java.net.SocketException: Connection reset
	... 41 common frames omitted
2026-10-03T20:21:55.368Z  INFO 1 --- [nio-8080-exec-4] c.e.shop.web.OrderController             : Order created id=11279 customer=c-1380 total=181.17
2026-10-03T20:21:55.589Z ERROR 1 --- [nio-8080-exec-4] c.e.shop.service.PaymentService          : Payment failed for order id=11282
java.net.SocketTimeoutException: Read timed out
	at com.example.shop.client.GatewayClient.post(GatewayClient.java:88) ~[classes!/:1.4.2]
	at com.example.shop.service.PaymentService.charge(PaymentService.java:54) ~[classes!/:1.4.2]
Caused by: java.net.SocketException: Connection reset
	... 55 common frames omitted
2026-10-03T20:21:55.947Z  INFO 1 --- [   scheduling-1] c.e.shop.service.InventorySync           : Synced 1064 stock levels in 486 ms
2026-10-03T20:21:56.081Z  INFO 1 --- [nio-8080-exec-11] c.e.shop.web.OrderController             : Order created id=11286 customer=c-4989 total=223.18
2026-10-03T20:21:56.829Z  INFO 1 --- [nio-8080-exec-1] c.e.shop.web.OrderController             : Order created id=11290 customer=c-3648 total=160.72
2026-10-03T20:21:57.372Z  INFO 1 --- [nio-8080-exec-4] c.e.shop.web.OrderController             : Order created id=11296 customer=c-2519 total=272.41
2026-10-03T20:21:58.312Z  WARN 1 --- [nio-8080-exec-12] c.e.shop.service.PaymentService          : Payment gateway slow response: 3053 ms (threshold 1500 ms)
2026-10-03T20:21:59.772Z  INFO 1 --- [nio-8080-exec-6] c.e.shop.web.OrderController             : Order created id=11313 customer=c-3978 total=213.14
2026-10-03T20:21:59.999Z  INFO 1 --- [nio-8080-exec-7] c.e.shop.web.OrderController             : Order created id=11316 customer=c-2936 total=74.10
2026-10-03T20:22:00.288Z  INFO 1 --- [nio-8080-exec-2] c.e.shop.web.OrderController             : Order created id=11318 customer=c-4814 total=54.29
2026-10-03T20:22:00.783Z  INFO 1 --- [nio-8080-exec-11] c.e.shop.web.OrderController             : Order created id=11319 customer=c-3298 total=222.67
2026-10-03T20:22:00.800Z  INFO 1 --- [nio-8080-exec-11] c.e.shop.web.OrderController             : Order created id=11320 customer=c-2207 total=51.84
2026-10-03T20:22:00.853Z  INFO 1 --- [nio-8080-exec-7] c.e.shop.web.OrderController             : Order created id=11321 customer=c-1491 total=42.29
2026-10-03T20:22:00.999Z  INFO 1 --- [nio-8080-exec-11] c.e.shop.web.OrderController             : Order created id=11324 customer=c-3655 total=198.06
2026-10-03T20:22:00.999Z ERROR 1 --- [nio-8080-exec-4] c.e.shop.service.PaymentService          : Payment failed for order id=11326
java.net.SocketTimeoutException: Read timed out
	at com.example.shop.client.GatewayClient.post(GatewayClient.java:88) ~[classes!/:1.4.2]
	at com.example.shop.service.PaymentService.charge(PaymentService.java:54) ~[classes!/:1.4.2]
Caused by: java.net.SocketException: Connection reset
	... 56 common frames omitted
2026-10-03T20:22:01.292Z  INFO 1 --- [nio-8080-exec-9] c.e.shop.web.OrderController             : Order created id=11328 customer=c-3026 total=102.37
2026-10-03T20:22:01.349Z  INFO 1 --- [nio-8080-exec-8] c.e.shop.web.OrderController             : Order created id=11329 customer=c-1074 total=213.33
2026-10-03T20:22:01.569Z  INFO 1 --- [nio-8080-exec-2] c.e.shop.web.OrderController             : Order created id=11330 customer=c-1515 total=211.66
2026-10-03T20:22:01.629Z  INFO 1 --- [nio-8080-exec-6] c.e.shop.web.OrderController             : Order created id=11331 customer=c-4983 total=233.06
2026-10-03T20:22:01.820Z DEBUG 1 --- [nio-8080-exec-11] o.s.web.servlet.DispatcherServlet        : GET "/api/products", parameters={}
2026-10-03T20:22:02.999Z  WARN 1 --- [nio-8080-exec-10] c.e.shop.service.PaymentService          : Payment gateway slow response: 3045 ms (threshold 1500 ms)
2026-10-03T20:22:03.790Z  INFO 1 --- [nio-8080-exec-8] c.e.shop.web.OrderController             : Order created id=11345 customer=c-4079 total=9.86
2026-10-03T20:22:03.867Z  INFO 1 --- [nio-8080-exec-6] c.e.shop.web.OrderController             : Order created id=11346 customer=c-1611 total=213.72
2026-10-03T20:22:03.999Z  INFO 1 --- [nio-8080-exec-8] c.e.shop.web.OrderController             : Order created id=11348 customer=c-2134 total=76.29
2026-10-03T20:22:04.070Z  INFO 1 --- [   scheduling-1] c.e.shop.service.InventorySync           : Synced 1051 stock levels in 357 ms
2026-10-03T20:22:04.935Z  INFO 1 --- [nio-8080-exec-12] c.e.shop.web.OrderController             : Order created id=11357 customer=c-4311 total=284.84
2026-10-03T20:22:05.818Z  INFO 1 --- [nio-8080-exec-10] c.e.shop.web.OrderController             : Order created id=11360 customer=c-2084 total=99.19
2026-10-03T20:22:05.999Z  INFO 1 --- [nio-8080-exec-12] c.e.shop.web.OrderController             : Order created id=11362 customer=c-3247 total=65.09
2026-10-03T20:22:07.207Z  INFO 1 --- [nio-8080-exec-10] c.e.shop.web.OrderController             : Order created id=11370 customer=c-1484 total=80.09
2026-10-03T20:22:07.999Z  INFO 1 --- [   scheduling-1] c.e.shop.service.InventorySync           : Synced 1263 stock levels in 459 ms
2026-10-03T20:22:09.482Z ERROR 1 --- [nio-8080-exec-2] c.e.shop.service.PaymentService          : Payment failed for order id=11385
java.net.SocketTimeoutException: Read timed out
	at com.example.shop.client.GatewayClient.post(GatewayClient.java:88) ~[classes!/:1.4.2]
	at com.example.shop.service.PaymentService.charge(PaymentService.java:54) ~[classes!/:1.4.2]
Caused by: java.net.SocketException: Connection reset
	... 41 common frames omitted
2026-10-03T20:22:09.999Z  INFO 1 --- [nio-8080-exec-9] c.e.shop.web.OrderController             : Order created id=11390 customer=c-4582 total=235.79
2026-10-03T20:22:10.268Z  INFO 1 --- [nio-8080-exec-11] c.e.shop.web.OrderController             : Order created id=11391 customer=c-1635 total=266.91
2026-10-03T20:22:11.521Z ERROR 1 --- [nio-8080-exec-9] c.e.shop.service.PaymentService          : Payment failed for order id=11396
java.net.SocketTimeoutException: Read timed out
	at com.example.shop.client.GatewayClient.post(GatewayClient.java:88) ~[classes!/:1.4.2]
	at com.example.shop.service.PaymentService.charge(PaymentService.java:54) ~[classes!/:1.4.2]
Caused by: java.net.SocketException: Connection reset
	... 40 common frames omitted
2026-10-03T20:22:11.737Z  INFO 1 --- [nio-8080-exec-7] c.e.shop.web.OrderController             : Order created id=11397 customer=c-4667 total=38.38
2026-10-03T20:22:11.789Z  INFO 1 --- [nio-8080-exec-11] c.e.shop.web.OrderController             : Order created id=11398 customer=c-3478 total=89.39
2026-10-03T20:22:11.999Z  INFO 1 --- [nio-8080-exec-11] c.e.shop.web.OrderController             : Order created id=11399 customer=c-3211 total=286.27
2026-10-03T20:22:12.191Z  INFO 1 --- [nio-8080-exec-4] c.e.shop.web.OrderController             : Order created id=11401 customer=c-1351 total=8.19
2026-10-03T20:22:12.548Z  INFO 1 --- [nio-8080-exec-10] c.e.shop.web.OrderController             : Order created id=11403 customer=c-4008 total=185.88
2026-10-03T20:22:13.372Z  INFO 1 --- [nio-8080-exec-2] c.e.shop.web.OrderController             : Order created id=11409 customer=c-4765 total=283.96
2026-10-03T20:22:13.721Z  INFO 1 --- [nio-8080-exec-3] c.e.shop.web.OrderController             : Order created id=11410 customer=c-3076 total=221.04
2026-10-03T20:22:13.999Z  INFO 1 --- [   scheduling-1] c.e.shop.service.InventorySync           : Synced 1235 stock levels in 318 ms
2026-10-03T20:22:14.079Z  INFO 1 --- [nio-8080-exec-2] c.e.shop.web.OrderController             : Order created id=11412 customer=c-2556 total=38.29
2026-10-03T20:22:14.419Z DEBUG 1 --- [nio-8080-exec-1] o.s.web.servlet.DispatcherServlet        : GET "/api/products", parameters={}
2026-10-03T20:22:15.318Z  WARN 1 --- [nio-8080-exec-4] c.e.shop.service.PaymentService          : Payment gateway slow response: 3195 ms (threshold 1500 ms)
2026-10-03T20:22:15.603Z  INFO 1 --- [nio-8080-exec-1] c.e.shop.web.OrderController             : Order created id=11423 customer=c-1305 total=224.81
2026-10-03T20:22:15.999Z  INFO 1 --- [nio-8080-exec-7] c.e.shop.web.OrderController             : Order created id=11424 customer=c-3706 total=71.66
2026-10-03T20:22:16.870Z DEBUG 1 --- [nio-8080-exec-2] o.s.web.servlet.DispatcherServlet        : GET "/api/products", parameters={}
2026-10-03T20:22:16.999Z  INFO 1 --- [nio-8080-exec-9] c.e.shop.web.OrderController             : Order created id=11432 customer=c-3359 total=122.90
2026-10-03T20:22:17.041Z  INFO 1 --- [nio-8080-exec-3] c.e.shop.web.OrderController             : Order created id=11435 customer=c-4770 total=154.32
2026-10-03T20:22:17.065Z  INFO 1 --- [nio-8080-exec-8] c.e.shop.web.OrderController             : Order created id=11436 customer=c-3931 total=39.63
2026-10-03T20:22:18.257Z ERROR 1 --- [nio-8080-exec-7] c.e.shop.service.PaymentService          : Payment failed for order id=11444
java.net.SocketTimeoutException: Read timed out
	at com.example.shop.client.GatewayClient.post(GatewayClient.java:88) ~[classes!/:1.4.2]
	at com.example.shop.service.PaymentService.charge(PaymentService.java:54) ~[classes!/:1.4.2]
Caused by: java.net.SocketException: Connection reset
	... 41 common frames omitted
2026-10-03T20:22:18.959Z  INFO 1 --- [nio-8080-exec-10] c.e.shop.web.OrderController             : Order created id=11446 customer=c-2239 total=192.16
2026-10-03T20:22:18.999Z  INFO 1 --- [nio-8080-exec-9] c.e.shop.web.OrderController             : Order created id=11447 customer=c-1748 total=112.51
2026-10-03T20:22:19.231Z  INFO 1 --- [   scheduling-1] c.e.shop.service.InventorySync           : Synced 1117 stock levels in 495 ms
2026-10-03T20:22:19.772Z  INFO 1 --- [nio-8080-exec-7] c.e.shop.web.OrderController             : Order created id=11451 customer=c-4905 total=28.95
2026-10-03T20:22:19.967Z  INFO 1 --- [nio-8080-exec-3] c.e.shop.web.OrderController             : Order created id=11452 customer=c-1057 total=218.37
2026-10-03T20:22:19.999Z  WARN 1 --- [nio-8080-exec-2] c.e.shop.service.PaymentService          : Payment gateway slow response: 2249 ms (threshold 1500 ms)
2026-10-03T20:22:20.193Z  INFO 1 --- [nio-8080-exec-11] c.e.shop.web.OrderController             : Order created id=11457 customer=c-2859 total=66.46
2026-10-03T20:22:21.999Z ERROR 1 --- [nio-8080-exec-6] c.e.shop.service.PaymentService          : Payment failed for order id=11468
java.net.SocketTimeoutException: Read timed out
	at com.example.shop.client.GatewayClient.post(GatewayClient.java:88) ~[classes!/:1.4.2]
	at com.example.shop.service.PaymentService.charge(PaymentService.java:54) ~[classes!/:1.4.2]
Caused by: java.net.SocketException: Connection reset
	... 28 common frames omitted
2026-10-03T20:22:22.117Z  INFO 1 --- [nio-8080-exec-10] c.e.shop.web.OrderController             : Order created id=11473 customer=c-4688 total=94.23
2026-10-03T20:22:23.241Z  INFO 1 --- [nio-8080-exec-6] c.e.shop.web.OrderController             : Order created id=11476 customer=c-3806 total=108.20
2026-10-03T20:22:23.399Z  INFO 1 --- [nio-8080-exec-10] c.e.shop.web.OrderController             : Order created id=11478 customer=c-1049 total=233.00
2026-10-03T20:22:23.999Z  INFO 1 --- [nio-8080-exec-9] c.e.shop.web.OrderController             : Order created id=11483 customer=c-2451 total=112.76
2026-10-03T20:22:23.999Z  INFO 1 --- [nio-8080-exec-11] c.e.shop.web.OrderController             : Order created id=11484 customer=c-1174 total=173.04
2026-10-03T20:22:24.098Z  INFO 1 --- [nio-8080-exec-4] c.e.shop.web.OrderController             : Order created id=11486 customer=c-1687 total=176.75
2026-10-03T20:22:24.811Z  INFO 1 --- [nio-8080-exec-7] c.e.shop.web.OrderController             : Order created id=11489 customer=c-2611 total=227.28
2026-10-03T20:22:25.284Z  INFO 1 --- [nio-8080-exec-7] c.e.shop.web.OrderController             : Order created id=11495 customer=c-3983 total=178.79
2026-10-03T20:22:25.999Z  INFO 1 --- [nio-8080-exec-3] c.e.shop.web.OrderController             : Order created id=11498 customer=c-1724 total=192.08
2026-10-03T20:22:25.999Z  INFO 1 --- [nio-8080-exec-11] c.e.shop.web.OrderController             : Order created id=11500 customer=c-4690 total=296.94
2026-10-03T20:22:25.999Z  WARN 1 --- [nio-8080-exec-10] c.e.shop.service.PaymentService          : Payment gateway slow response: 1879 ms (threshold 1500 ms)
2026-10-03T20:22:26.411Z  INFO 1 --- [nio-8080-exec-11] c.e.shop.web.OrderController             : Order created id=11504 customer=c-2371 total=295.15
2026-10-03T20:22:26.675Z  INFO 1 --- [nio-8080-exec-9] c.e.shop.web.OrderController             : Order created id=11506 customer=c-3968 total=23.24
2026-10-03T20:30:15.140Z  INFO 1 --- [nio-8080-exec-1] c.e.shop.web.OrderController             : Order created id=10606 customer=c-1839 total=119.08
2026-10-03T20:30:16.091Z  INFO 1 --- [nio-8080-exec-7] c.e.shop.web.OrderController             : Order created id=10608 customer=c-4731 total=297.48
2026-10-03T20:30:16.376Z DEBUG 1 --- [nio-8080-exec-10] o.s.web.servlet.DispatcherServlet        : GET "/api/products", parameters={}
2026-10-03T20:30:16.633Z  INFO 1 --- [nio-8080-exec-7] c.e.shop.web.OrderController             : Order created id=10610 customer=c-2649 total=203.38
2026-10-03T20:30:17.081Z  INFO 1 --- [nio-8080-exec-5] c.e.shop.web.OrderController             : Order created id=10616 customer=c-1640 total=29.30
2026-10-03T20:30:17.216Z  INFO 1 --- [nio-8080-exec-2] c.e.shop.web.OrderController             : Order created id=10617 customer=c-3945 total=103.21
2026-10-03T20:30:17.245Z  INFO 1 --- [nio-8080-exec-10] c.e.shop.web.OrderController             : Order created id=10618 customer=c-4113 total=63.74
2026-10-03T20:30:17.999Z  INFO 1 --- [nio-8080-exec-1] c.e.shop.web.OrderController             : Order created id=10625 customer=c-3880 total=23.94
2026-10-03T20:30:18.276Z  INFO 1 --- [nio-8080-exec-12] c.e.shop.web.OrderController             : Order created id=10626 customer=c-3866 total=267.08
2026-10-03T20:30:18.433Z  INFO 1 --- [nio-8080-exec-3] c.e.shop.web.OrderController             : Order created id=10627 customer=c-1608 total=115.06
2026-10-03T20:30:19.742Z DEBUG 1 --- [nio-8080-exec-6] o.s.web.servlet.DispatcherServlet        : GET "/api/products", parameters={}
2026-10-03T20:30:19.999Z  INFO 1 --- [nio-8080-exec-1] c.e.shop.web.OrderController             : Order created id=10639 customer=c-4829 total=256.24
2026-10-03T20:30:20.839Z  INFO 1 --- [nio-8080-exec-9] c.e.shop.web.OrderController             : Order created id=10643 customer=c-3622 total=292.80
2026-10-03T20:30:20.999Z  INFO 1 --- [nio-8080-exec-7] c.e.shop.web.OrderController             : Order created id=10644 customer=c-1128 total=142.82
2026-10-03T20:30:21.675Z  INFO 1 --- [nio-8080-exec-3] c.e.shop.web.OrderController             : Order created id=10649 customer=c-2261 total=239.88
2026-10-03T20:30:21.837Z DEBUG 1 --- [nio-8080-exec-6] o.s.web.servlet.DispatcherServlet        : GET "/api/products", parameters={}
2026-10-03T20:30:22.479Z ERROR 1 --- [nio-8080-exec-6] c.e.shop.service.PaymentService          : Payment failed for order id=10654
java.net.SocketTimeoutException: Read timed out
	at com.example.shop.client.GatewayClient.post(GatewayClient.java:88) ~[classes!/:1.4.2]
	at com.example.shop.service.PaymentService.charge(PaymentService.java:54) ~[classes!/:1.4.2]
Caused by: java.net.SocketException: Connection reset
	... 33 common frames omitted
2026-10-03T20:30:22.626Z  INFO 1 --- [nio-8080-exec-5] c.e.shop.web.OrderController             : Order created id=10655 customer=c-4864 total=90.36
2026-10-03T20:30:22.999Z  INFO 1 --- [nio-8080-exec-9] c.e.shop.web.OrderController             : Order created id=10658 customer=c-3262 total=234.07
2026-10-03T20:30:22.999Z  INFO 1 --- [nio-8080-exec-12] c.e.shop.web.OrderController             : Order created id=10659 customer=c-2565 total=204.52
2026-10-03T20:30:23.185Z  INFO 1 --- [   scheduling-1] c.e.shop.service.InventorySync           : Synced 1150 stock levels in 322 ms
2026-10-03T20:30:23.321Z  INFO 1 --- [nio-8080-exec-6] c.e.shop.web.OrderController             : Order created id=10663 customer=c-3486 total=52.79
2026-10-03T20:30:23.670Z DEBUG 1 --- [nio-8080-exec-12] o.s.web.servlet.DispatcherServlet        : GET "/api/products", parameters={}
2026-10-03T20:30:24.379Z  INFO 1 --- [nio-8080-exec-8] c.e.shop.web.OrderController             : Order created id=10671 customer=c-3815 total=161.41
2026-10-03T20:30:24.999Z  WARN 1 --- [nio-8080-exec-6] c.e.shop.service.PaymentService          : Payment gateway slow response: 3327 ms (threshold 1500 ms)
2026-10-03T20:30:25.724Z  INFO 1 --- [nio-8080-exec-12] c.e.shop.web.OrderController             : Order created id=10679 customer=c-2707 total=6.45
2026-10-03T20:30:25.945Z DEBUG 1 --- [nio-8080-exec-2] o.s.web.servlet.DispatcherServlet        : GET "/api/products", parameters={}
2026-10-03T20:30:26.999Z  INFO 1 --- [nio-8080-exec-12] c.e.shop.web.OrderController             : Order created id=10687 customer=c-3566 total=149.77
2026-10-03T20:30:27.943Z ERROR 1 --- [nio-8080-exec-8] c.e.shop.service.PaymentService          : Payment failed for order id=10692
java.net.SocketTimeoutException: Read timed out
	at com.example.shop.client.GatewayClient.post(GatewayClient.java:88) ~[classes!/:1.4.2]
	at com.example.shop.service.PaymentService.charge(PaymentService.java:54) ~[classes!/:1.4.2]
Caused by: java.net.SocketException: Connection reset
	... 38 common frames omitted
2026-10-03T20:30:28.999Z ERROR 1 --- [nio-8080-exec-1] c.e.shop.service.PaymentService          : Payment failed for order id=10701
java.net.SocketTimeoutException: Read timed out
	at com.example.shop.client.GatewayClient.post(GatewayClient.java:88) ~[classes!/:1.4.2]
	at com.example.shop.service.PaymentService.charge(PaymentService.java:54) ~[classes!/:1.4.2]
Caused by: java.net.SocketException: Connection reset
	... 53 common frames omitted
2026-10-03T20:30:28.999Z  INFO 1 --- [nio-8080-exec-6] c.e.shop.web.OrderController             : Order created id=10702 customer=c-4171 total=7.16
2026-10-03T20:30:29.091Z  WARN 1 --- [nio-8080-exec-12] c.e.shop.service.PaymentService          : Payment gateway slow response: 2707 ms (threshold 1500 ms)
2026-10-03T20:30:29.391Z  INFO 1 --- [nio-8080-exec-12] c.e.shop.web.OrderController             : Order created id=10707 customer=c-1535 total=104.42
2026-10-03T20:30:29.433Z  INFO 1 --- [nio-8080-exec-12] c.e.shop.web.OrderController             : Order created id=10708 customer=c-1985 total=64.66
2026-10-03T20:30:29.519Z  INFO 1 --- [   scheduling-1] c.e.shop.service.InventorySync           : Synced 1206 stock levels in 313 ms
2026-10-03T20:30:30.404Z  INFO 1 --- [nio-8080-exec-5] c.e.shop.web.OrderController             : Order created id=10715 customer=c-4568 total=198.37
2026-10-03T20:30:30.495Z  INFO 1 --- [nio-8080-exec-10] c.e.shop.web.OrderController             : Order created id=10716 customer=c-3963 total=12.88
2026-10-03T20:30:32.449Z  INFO 1 --- [nio-8080-exec-12] c.e.shop.web.OrderController             : Order created id=10729 customer=c-2047 total=55.46
2026-10-03T20:30:32.553Z  INFO 1 --- [nio-8080-exec-12] c.e.shop.web.OrderController             : Order created id=10730 customer=c-1043 total=1.24
2026-10-03T20:30:33.999Z  INFO 1 --- [nio-8080-exec-3] c.e.shop.web.OrderController             : Order created id=10742 customer=c-3972 total=151.41
2026-10-03T20:30:34.293Z  INFO 1 --- [nio-8080-exec-7] c.e.shop.web.OrderController             : Order created id=10746 customer=c-4351 total=81.91
2026-10-03T20:30:34.999Z  INFO 1 --- [nio-8080-exec-6] c.e.shop.web.OrderController             : Order created id=10752 customer=c-3256 total=161.35
2026-10-03T20:30:35.693Z  INFO 1 --- [nio-8080-exec-2] c.e.shop.web.OrderController             : Order created id=10756 customer=c-3663 total=107.80
2026-10-03T20:30:35.835Z DEBUG 1 --- [nio-8080-exec-9] o.s.web.servlet.DispatcherServlet        : GET "/api/products", parameters={}
2026-10-03T20:30:36.205Z DEBUG 1 --- [nio-8080-exec-1] o.s.web.servlet.DispatcherServlet        : GET "/api/products", parameters={}
2026-10-03T20:30:36.711Z DEBUG 1 --- [nio-8080-exec-3] o.s.web.servlet.DispatcherServlet        : GET "/api/products", parameters={}
2026-10-03T20:30:37.216Z ERROR 1 --- [nio-8080-exec-5] c.e.shop.service.PaymentService          : Payment failed for order id=10768
java.net.SocketTimeoutException: Read timed out
	at com.example.shop.client.GatewayClient.post(GatewayClient.java:88) ~[classes!/:1.4.2]
	at com.example.shop.service.PaymentService.charge(PaymentService.java:54) ~[classes!/:1.4.2]
Caused by: java.net.SocketException: Connection reset
	... 29 common frames omitted
2026-10-03T20:30:37.237Z  INFO 1 --- [nio-8080-exec-12] c.e.shop.web.OrderController             : Order created id=10769 customer=c-4608 total=21.38
2026-10-03T20:30:37.510Z  INFO 1 --- [nio-8080-exec-12] c.e.shop.web.OrderController             : Order created id=10771 customer=c-2738 total=194.35
2026-10-03T20:30:37.735Z  INFO 1 --- [   scheduling-1] c.e.shop.service.InventorySync           : Synced 1215 stock levels in 415 ms
2026-10-03T20:30:37.890Z  INFO 1 --- [nio-8080-exec-9] c.e.shop.web.OrderController             : Order created id=10774 customer=c-4314 total=87.51
2026-10-03T20:30:38.224Z  INFO 1 --- [nio-8080-exec-9] c.e.shop.web.OrderController             : Order created id=10778 customer=c-2257 total=275.44
2026-10-03T20:30:38.450Z DEBUG 1 --- [nio-8080-exec-4] o.s.web.servlet.DispatcherServlet        : GET "/api/products", parameters={}
2026-10-03T20:30:38.500Z  INFO 1 --- [nio-8080-exec-5] c.e.shop.web.OrderController             : Order created id=10781 customer=c-2249 total=228.35
2026-10-03T20:30:38.779Z  INFO 1 --- [   scheduling-1] c.e.shop.service.InventorySync           : Synced 1354 stock levels in 318 ms
2026-10-03T20:30:38.816Z DEBUG 1 --- [nio-8080-exec-10] o.s.web.servlet.DispatcherServlet        : GET "/api/products", parameters={}
2026-10-03T20:30:38.885Z  INFO 1 --- [nio-8080-exec-5] c.e.shop.web.OrderController             : Order created id=10785 customer=c-2819 total=122.38
2026-10-03T20:30:38.936Z  INFO 1 --- [nio-8080-exec-4] c.e.shop.web.OrderController             : Order created id=10786 customer=c-4886 total=294.63
2026-10-03T20:30:38.999Z ERROR 1 --- [nio-8080-exec-7] c.e.shop.service.PaymentService          : Payment failed for order id=10787
java.net.SocketTimeoutException: Read timed out
	at com.example.shop.client.GatewayClient.post(GatewayClient.java:88) ~[classes!/:1.4.2]
	at com.example.shop.service.PaymentService.charge(PaymentService.java:54) ~[classes!/:1.4.2]
Caused by: java.net.SocketException: Connection reset
	... 31 common frames omitted
2026-10-03T20:30:39.227Z DEBUG 1 --- [nio-8080-exec-12] o.s.web.servlet.DispatcherServlet        : GET "/api/products", parameters={}
2026-10-03T20:30:41.438Z  INFO 1 --- [nio-8080-exec-4] c.e.shop.web.OrderController             : Order created id=10796 customer=c-4405 total=219.16
2026-10-03T20:30:41.671Z  INFO 1 --- [nio-8080-exec-8] c.e.shop.web.OrderController             : Order created id=10798 customer=c-4784 total=234.01
2026-10-03T20:30:42.071Z  INFO 1 --- [nio-8080-exec-3] c.e.shop.web.OrderController             : Order created id=10799 customer=c-4901 total=162.26
2026-10-03T20:30:42.999Z  INFO 1 --- [nio-8080-exec-8] c.e.shop.web.OrderController             : Order created id=10805 customer=c-4007 total=7.98
2026-10-03T20:30:42.999Z  INFO 1 --- [nio-8080-exec-10] c.e.shop.web.OrderController             : Order created id=10807 customer=c-4666 total=8.86
2026-10-03T20:30:42.999Z DEBUG 1 --- [nio-8080-exec-1] o.s.web.servlet.DispatcherServlet        : GET "/api/products", parameters={}
2026-10-03T20:30:42.999Z  INFO 1 --- [nio-8080-exec-6] c.e.shop.web.OrderController             : Order created id=10809 customer=c-2216 total=23.04
2026-10-03T20:30:43.473Z  INFO 1 --- [nio-8080-exec-4] c.e.shop.web.OrderController             : Order created id=10811 customer=c-3330 total=219.76
2026-10-03T20:30:44.406Z  INFO 1 --- [nio-8080-exec-11] c.e.shop.web.OrderController             : Order created id=10818 customer=c-4794 total=294.65
2026-10-03T20:30:45.023Z  INFO 1 --- [nio-8080-exec-4] c.e.shop.web.OrderController             : Order created id=10823 customer=c-3375 total=227.91
2026-10-03T20:30:45.144Z  INFO 1 --- [nio-8080-exec-4] c.e.shop.web.OrderController             : Order created id=10825 customer=c-2675 total=270.77
2026-10-03T20:30:45.972Z  INFO 1 --- [nio-8080-exec-3] c.e.shop.web.OrderController             : Order created id=10826 customer=c-3094 total=143.05
2026-10-03T20:30:47.003Z  INFO 1 --- [nio-8080-exec-10] c.e.shop.web.OrderController             : Order created id=10830 customer=c-1391 total=27.34
2026-10-03T20:30:47.150Z  INFO 1 --- [nio-8080-exec-11] c.e.shop.web.OrderController             : Order created id=10831 customer=c-4145 total=180.35
2026-10-03T20:30:47.999Z DEBUG 1 --- [nio-8080-exec-5] o.s.web.servlet.DispatcherServlet        : GET "/api/products", parameters={}
2026-10-03T20:30:48.999Z  INFO 1 --- [nio-8080-exec-3] c.e.shop.web.OrderController             : Order created id=10842 customer=c-2313 total=19.64
2026-10-03T20:30:50.283Z  INFO 1 --- [nio-8080-exec-11] c.e.shop.web.OrderController             : Order created id=10848 customer=c-3819 total=257.67
2026-10-03T20:30:50.736Z  INFO 1 --- [nio-8080-exec-8] c.e.shop.web.OrderController             : Order created id=10849 customer=c-3458 total=94.61
2026-10-03T20:30:51.114Z DEBUG 1 --- [nio-8080-exec-8] o.s.web.servlet.DispatcherServlet        : GET "/api/products", parameters={}
2026-10-03T20:30:51.298Z  INFO 1 --- [   scheduling-1] c.e.shop.service.InventorySync           : Synced 1347 stock levels in 257 ms
2026-10-03T20:30:51.383Z  INFO 1 --- [nio-8080-exec-3] c.e.shop.web.OrderController             : Order created id=10861 customer=c-4402 total=207.94
2026-10-03T20:30:51.468Z DEBUG 1 --- [nio-8080-exec-8] o.s.web.servlet.DispatcherServlet        : GET "/api/products", parameters={}
2026-10-03T20:30:52.411Z  INFO 1 --- [nio-8080-exec-9] c.e.shop.web.OrderController             : Order created id=10870 customer=c-3393 total=200.20
2026-10-03T20:30:52.999Z  INFO 1 --- [nio-8080-exec-11] c.e.shop.web.OrderController             : Order created id=10874 customer=c-3414 total=290.22
2026-10-03T20:30:53.100Z  INFO 1 --- [nio-8080-exec-8] c.e.shop.web.OrderController             : Order created id=10875 customer=c-2841 total=294.89
2026-10-03T20:30:53.196Z  INFO 1 --- [nio-8080-exec-2] c.e.shop.web.OrderController             : Order created id=10876 customer=c-3280 total=3.88
2026-10-03T20:30:53.220Z  INFO 1 --- [nio-8080-exec-6] c.e.shop.web.OrderController             : Order created id=10877 customer=c-3654 total=260.50
2026-10-03T20:30:53.505Z  INFO 1 --- [nio-8080-exec-10] c.e.shop.web.OrderController             : Order created id=10878 customer=c-1608 total=18.78
2026-10-03T20:30:54.651Z ERROR 1 --- [nio-8080-exec-12] c.e.shop.service.PaymentService          : Payment failed for order id=10882
java.net.SocketTimeoutException: Read timed out
	at com.example.shop.client.GatewayClient.post(GatewayClient.java:88) ~[classes!/:1.4.2]
	at com.example.shop.service.PaymentService.charge(PaymentService.java:54) ~[classes!/:1.4.2]
Caused by: java.net.SocketException: Connection reset
	... 46 common frames omitted
2026-10-03T20:30:54.999Z  INFO 1 --- [nio-8080-exec-8] c.e.shop.web.OrderController             : Order created id=10885 customer=c-3638 total=205.03
2026-10-03T20:30:55.923Z  INFO 1 --- [nio-8080-exec-12] c.e.shop.web.OrderController             : Order created id=10894 customer=c-1001 total=154.66
2026-10-03T20:30:55.999Z  INFO 1 --- [nio-8080-exec-2] c.e.shop.web.OrderController             : Order created id=10895 customer=c-2839 total=141.67
2026-10-03T20:30:57.106Z ERROR 1 --- [nio-8080-exec-2] c.e.shop.service.PaymentService          : Payment failed for order id=10900
java.net.SocketTimeoutException: Read timed out
	at com.example.shop.client.GatewayClient.post(GatewayClient.java:88) ~[classes!/:1.4.2]
	at com.example.shop.service.PaymentService.charge(PaymentService.java:54) ~[classes!/:1.4.2]
Caused by: java.net.SocketException: Connection reset
	... 39 common frames omitted
2026-10-03T20:30:57.515Z  INFO 1 --- [nio-8080-exec-7] c.e.shop.web.OrderController             : Order created id=10903 customer=c-3196 total=22.36
2026-10-03T20:30:59.269Z  INFO 1 --- [nio-8080-exec-5] c.e.shop.web.OrderController             : Order created id=10914 customer=c-4749 total=237.00
2026-10-03T20:30:59.999Z ERROR 1 --- [nio-8080-exec-4] c.e.shop.service.PaymentService          : Payment failed for order id=10919
java.net.SocketTimeoutException: Read timed out
	at com.example.shop.client.GatewayClient.post(GatewayClient.java:88) ~[classes!/:1.4.2]
	at com.example.shop.service.PaymentService.charge(PaymentService.java:54) ~[classes!/:1.4.2]
Caused by: java.net.SocketException: Connection reset
	... 44 common frames omitted
2026-10-03T20:30:59.999Z ERROR 1 --- [nio-8080-exec-12] c.e.shop.service.PaymentService          : Payment failed for order id=10920
java.net.SocketTimeoutException: Read timed out
	at com.example.shop.client.GatewayClient.post(GatewayClient.java:88) ~[classes!/:1.4.2]
	at com.example.shop.service.PaymentService.charge(PaymentService.java:54) ~[classes!/:1.4.2]
Caused by: java.net.SocketException: Connection reset
	... 47 common frames omitted
2026-10-03T20:31:00.602Z  INFO 1 --- [nio-8080-exec-2] c.e.shop.web.OrderController             : Order created id=10926 customer=c-4117 total=150.78
2026-10-03T20:31:00.932Z DEBUG 1 --- [nio-8080-exec-12] o.s.web.servlet.DispatcherServlet        : GET "/api/products", parameters={}
2026-10-03T20:31:00.999Z  INFO 1 --- [nio-8080-exec-5] c.e.shop.web.OrderController             : Order created id=10929 customer=c-4107 total=220.29
2026-10-03T20:31:01.101Z  INFO 1 --- [nio-8080-exec-8] c.e.shop.web.OrderController             : Order created id=10931 customer=c-3605 total=41.76
2026-10-03T20:31:01.344Z  INFO 1 --- [nio-8080-exec-6] c.e.shop.web.OrderController             : Order created id=10933 customer=c-3994 total=282.17
2026-10-03T20:31:01.839Z  WARN 1 --- [nio-8080-exec-6] c.e.shop.service.PaymentService          : Payment gateway slow response: 2929 ms (threshold 1500 ms)
2026-10-03T20:31:01.999Z  INFO 1 --- [nio-8080-exec-3] c.e.shop.web.OrderController             : Order created id=10938 customer=c-4570 total=45.63
2026-10-03T20:31:02.234Z  WARN 1 --- [nio-8080-exec-5] c.e.shop.service.PaymentService          : Payment gateway slow response: 3198 ms (threshold 1500 ms)
2026-10-03T20:31:02.346Z  INFO 1 --- [nio-8080-exec-6] c.e.shop.web.OrderController             : Order created id=10940 customer=c-2670 total=165.09
2026-10-03T20:31:02.487Z  INFO 1 --- [nio-8080-exec-7] c.e.shop.web.OrderController             : Order created id=10942 customer=c-3451 total=173.17
2026-10-03T20:31:02.719Z  INFO 1 --- [nio-8080-exec-12] c.e.shop.web.OrderController             : Order created id=10944 customer=c-2455 total=52.51
2026-10-03T20:31:02.999Z  INFO 1 --- [nio-8080-exec-7] c.e.shop.web.OrderController             : Order created id=10945 customer=c-4471 total=75.82
2026-10-03T20:31:03.884Z  INFO 1 --- [nio-8080-exec-9] c.e.shop.web.OrderController             : Order created id=10949 customer=c-4007 total=69.23
2026-10-03T20:31:03.945Z  INFO 1 --- [nio-8080-exec-5] c.e.shop.web.OrderController             : Order created id=10950 customer=c-1338 total=249.97
2026-10-03T20:31:04.154Z DEBUG 1 --- [nio-8080-exec-4] o.s.web.servlet.DispatcherServlet        : GET "/api/products", parameters={}
2026-10-03T20:31:04.165Z  INFO 1 --- [nio-8080-exec-8] c.e.shop.web.OrderController             : Order created id=10953 customer=c-3616 total=267.95
2026-10-03T20:31:04.999Z  INFO 1 --- [nio-8080-exec-10] c.e.shop.web.OrderController             : Order created id=10955 customer=c-4549 total=182.52
2026-10-03T20:31:05.999Z  WARN 1 --- [nio-8080-exec-3] c.e.shop.service.PaymentService          : Payment gateway slow response: 3817 ms (threshold 1500 ms)
2026-10-03T20:31:06.999Z  INFO 1 --- [nio-8080-exec-6] c.e.shop.web.OrderController             : Order created id=10970 customer=c-4813 total=9.87
2026-10-03T20:31:06.999Z ERROR 1 --- [nio-8080-exec-12] c.e.shop.service.PaymentService          : Payment failed for order id=10971
java.net.SocketTimeoutException: Read timed out
	at com.example.shop.client.GatewayClient.post(GatewayClient.java:88) ~[classes!/:1.4.2]
	at com.example.shop.service.PaymentService.charge(PaymentService.java:54) ~[classes!/:1.4.2]
Caused by: java.net.SocketException: Connection reset
	... 23 common frames omitted
2026-10-03T20:31:07.103Z  INFO 1 --- [nio-8080-exec-12] c.e.shop.web.OrderController             : Order created id=10972 customer=c-4036 total=225.94
2026-10-03T20:31:07.182Z  INFO 1 --- [nio-8080-exec-5] c.e.shop.web.OrderController             : Order created id=10973 customer=c-4365 total=193.00
2026-10-03T20:31:07.782Z  INFO 1 --- [nio-8080-exec-2] c.e.shop.web.OrderController             : Order created id=10976 customer=c-4576 total=285.00
2026-10-03T20:31:07.905Z  INFO 1 --- [nio-8080-exec-7] c.e.shop.web.OrderController             : Order created id=10979 customer=c-2786 total=251.89
2026-10-03T20:31:08.079Z  INFO 1 --- [nio-8080-exec-11] c.e.shop.web.OrderController             : Order created id=10981 customer=c-3540 total=238.26
2026-10-03T20:31:08.148Z  INFO 1 --- [nio-8080-exec-2] c.e.shop.web.OrderController             : Order created id=10982 customer=c-1753 total=68.11
2026-10-03T20:31:08.555Z  INFO 1 --- [   scheduling-1] c.e.shop.service.InventorySync           : Synced 1175 stock levels in 496 ms
2026-10-03T20:31:08.728Z  INFO 1 --- [nio-8080-exec-8] c.e.shop.web.OrderController             : Order created id=10988 customer=c-4700 total=83.99
2026-10-03T20:31:09.873Z  INFO 1 --- [nio-8080-exec-3] c.e.shop.web.OrderController             : Order created id=10994 customer=c-2127 total=157.80
2026-10-03T20:31:10.324Z  INFO 1 --- [nio-8080-exec-9] c.e.shop.web.OrderController             : Order created id=10997 customer=c-1218 total=181.40
2026-10-03T20:31:10.535Z  INFO 1 --- [nio-8080-exec-8] c.e.shop.web.OrderController             : Order created id=10999 customer=c-2028 total=8.95
2026-10-03T20:31:10.704Z  INFO 1 --- [nio-8080-exec-7] c.e.shop.web.OrderController             : Order created id=11001 customer=c-1580 total=44.77
2026-10-03T20:31:10.999Z ERROR 1 --- [nio-8080-exec-1] c.e.shop.service.PaymentService          : Payment failed for order id=11005
java.net.SocketTimeoutException: Read timed out
	at com.example.shop.client.GatewayClient.post(GatewayClient.java:88) ~[classes!/:1.4.2]
	at com.example.shop.service.PaymentService.charge(PaymentService.java:54) ~[classes!/:1.4.2]
Caused by: java.net.SocketException: Connection reset
	... 24 common frames omitted
2026-10-03T20:31:10.999Z  INFO 1 --- [   scheduling-1] c.e.shop.service.InventorySync           : Synced 1128 stock levels in 268 ms
2026-10-03T20:31:10.999Z  INFO 1 --- [nio-8080-exec-2] c.e.shop.web.OrderController             : Order created id=11008 customer=c-2668 total=232.04
2026-10-03T20:31:11.660Z DEBUG 1 --- [nio-8080-exec-6] o.s.web.servlet.DispatcherServlet        : GET "/api/products", parameters={}
2026-10-03T20:31:12.349Z  INFO 1 --- [nio-8080-exec-12] c.e.shop.web.OrderController             : Order created id=11015 customer=c-2333 total=186.54
2026-10-03T20:31:12.729Z  INFO 1 --- [nio-8080-exec-12] c.e.shop.web.OrderController             : Order created id=11018 customer=c-1066 total=281.36
2026-10-03T20:31:12.988Z DEBUG 1 --- [nio-8080-exec-4] o.s.web.servlet.DispatcherServlet        : GET "/api/products", parameters={}
2026-10-03T20:31:13.556Z  INFO 1 --- [nio-8080-exec-12] c.e.shop.web.OrderController             : Order created id=11022 customer=c-3730 total=151.60
2026-10-03T20:31:13.999Z  INFO 1 --- [nio-8080-exec-1] c.e.shop.web.OrderController             : Order created id=11026 customer=c-3697 total=242.32
2026-10-03T20:31:14.999Z  INFO 1 --- [nio-8080-exec-6] c.e.shop.web.OrderController             : Order created id=11033 customer=c-3340 total=282.95
2026-10-03T20:31:14.999Z  INFO 1 --- [nio-8080-exec-8] c.e.shop.web.OrderController             : Order created id=11034 customer=c-2590 total=58.18
2026-10-03T20:31:14.999Z DEBUG 1 --- [nio-8080-exec-7] o.s.web.servlet.DispatcherServlet        : GET "/api/products", parameters={}
2026-10-03T20:31:15.248Z  INFO 1 --- [nio-8080-exec-9] c.e.shop.web.OrderController             : Order created id=11039 customer=c-4481 total=158.86
2026-10-03T20:31:15.584Z  INFO 1 --- [nio-8080-exec-11] c.e.shop.web.OrderController             : Order created id=11041 customer=c-1371 total=165.39
2026-10-03T20:31:15.869Z  INFO 1 --- [nio-8080-exec-9] c.e.shop.web.OrderController             : Order created id=11042 customer=c-2770 total=203.12
2026-10-03T20:31:16.722Z  WARN 1 --- [nio-8080-exec-6] c.e.shop.service.PaymentService          : Payment gateway slow response: 2581 ms (threshold 1500 ms)
2026-10-03T20:31:17.305Z  INFO 1 --- [nio-8080-exec-8] c.e.shop.web.OrderController             : Order created id=11058 customer=c-1223 total=127.75
2026-10-03T20:31:17.942Z  INFO 1 --- [nio-8080-exec-3] c.e.shop.web.OrderController             : Order created id=11061 customer=c-4746 total=35.77
2026-10-03T20:31:18.999Z  INFO 1 --- [nio-8080-exec-7] c.e.shop.web.OrderController             : Order created id=11072 customer=c-4054 total=214.53
2026-10-03T20:31:20.048Z  INFO 1 --- [nio-8080-exec-3] c.e.shop.web.OrderController             : Order created id=11078 customer=c-4986 total=55.05
2026-10-03T20:31:20.922Z  INFO 1 --- [nio-8080-exec-2] c.e.shop.web.OrderController             : Order created id=11083 customer=c-1312 total=160.11
2026-10-03T20:31:20.999Z  INFO 1 --- [nio-8080-exec-2] c.e.shop.web.OrderController             : Order created id=11084 customer=c-1215 total=260.11
2026-10-03T20:31:21.348Z  WARN 1 --- [nio-8080-exec-1] c.e.shop.service.PaymentService          : Payment gateway slow response: 3273 ms (threshold 1500 ms)
2026-10-03T20:31:21.726Z  INFO 1 --- [nio-8080-exec-3] c.e.shop.web.OrderController             : Order created id=11087 customer=c-1658 total=232.11
2026-10-03T20:31:21.969Z ERROR 1 --- [nio-8080-exec-11] c.e.shop.service.PaymentService          : Payment failed for order id=11088
java.net.SocketTimeoutException: Read timed out
	at com.example.shop.client.GatewayClient.post(GatewayClient.java:88) ~[classes!/:1.4.2]
	at com.example.shop.service.PaymentService.charge(PaymentService.java:54) ~[classes!/:1.4.2]
Caused by: java.net.SocketException: Connection reset
	... 45 common frames omitted
2026-10-03T20:31:21.999Z  INFO 1 --- [   scheduling-1] c.e.shop.service.InventorySync           : Synced 1453 stock levels in 456 ms
2026-10-03T20:31:23.613Z  INFO 1 --- [nio-8080-exec-5] c.e.shop.web.OrderController             : Order created id=11104 customer=c-2608 total=4.71
2026-10-03T20:31:23.668Z  INFO 1 --- [nio-8080-exec-3] c.e.shop.web.OrderController             : Order created id=11105 customer=c-4554 total=129.91
2026-10-03T20:31:23.999Z  INFO 1 --- [nio-8080-exec-6] c.e.shop.web.OrderController             : Order created id=11109 customer=c-4344 total=84.98
2026-10-03T20:31:24.090Z  INFO 1 --- [nio-8080-exec-7] c.e.shop.web.OrderController             : Order created id=11110 customer=c-2930 total=231.09
2026-10-03T20:31:24.999Z  INFO 1 --- [   scheduling-1] c.e.shop.service.InventorySync           : Synced 1074 stock levels in 261 ms
2026-10-03T20:31:25.358Z ERROR 1 --- [nio-8080-exec-3] c.e.shop.service.PaymentService          : Payment failed for order id=11117
java.net.SocketTimeoutException: Read timed out
	at com.example.shop.client.GatewayClient.post(GatewayClient.java:88) ~[classes!/:1.4.2]
	at com.example.shop.service.PaymentService.charge(PaymentService.java:54) ~[classes!/:1.4.2]
Caused by: java.net.SocketException: Connection reset
	... 24 common frames omitted
2026-10-03T20:31:25.453Z  INFO 1 --- [nio-8080-exec-1] c.e.shop.web.OrderController             : Order created id=11118 customer=c-1696 total=32.81
2026-10-03T20:31:25.590Z  INFO 1 --- [nio-8080-exec-2] c.e.shop.web.OrderController             : Order created id=11120 customer=c-1934 total=98.43
2026-10-03T20:31:25.597Z  INFO 1 --- [nio-8080-exec-11] c.e.shop.web.OrderController             : Order created id=11121 customer=c-4714 total=113.16
2026-10-03T20:31:25.961Z  INFO 1 --- [nio-8080-exec-1] c.e.shop.web.OrderController             : Order created id=11123 customer=c-4295 total=188.03
2026-10-03T20:31:26.213Z  INFO 1 --- [nio-8080-exec-12] c.e.shop.web.OrderController             : Order created id=11125 customer=c-2543 total=18.18
2026-10-03T20:31:26.407Z DEBUG 1 --- [nio-8080-exec-7] o.s.web.servlet.DispatcherServlet        : GET "/api/products", parameters={}
2026-10-03T20:31:26.999Z  INFO 1 --- [nio-8080-exec-6] c.e.shop.web.OrderController             : Order created id=11132 customer=c-2969 total=290.67
2026-10-03T20:31:26.999Z  INFO 1 --- [nio-8080-exec-12] c.e.shop.web.OrderController             : Order created id=11133 customer=c-3054 total=290.33
2026-10-03T20:31:28.386Z  INFO 1 --- [nio-8080-exec-1] c.e.shop.web.OrderController             : Order created id=11140 customer=c-1054 total=164.94
2026-10-03T20:31:30.359Z  INFO 1 --- [nio-8080-exec-3] c.e.shop.web.OrderController             : Order created id=11149 customer=c-2036 total=295.44
2026-10-03T20:31:30.999Z  INFO 1 --- [   scheduling-1] c.e.shop.service.InventorySync           : Synced 1168 stock levels in 255 ms
2026-10-03T20:31:30.999Z  INFO 1 --- [nio-8080-exec-5] c.e.shop.web.OrderController             : Order created id=11155 customer=c-2023 total=59.69
2026-10-03T20:31:31.076Z DEBUG 1 --- [nio-8080-exec-1] o.s.web.servlet.DispatcherServlet        : GET "/api/products", parameters={}
2026-10-03T20:31:31.567Z  INFO 1 --- [nio-8080-exec-4] c.e.shop.web.OrderController             : Order created id=11160 customer=c-1926 total=271.99
2026-10-03T20:31:31.999Z  INFO 1 --- [   scheduling-1] c.e.shop.service.InventorySync           : Synced 1459 stock levels in 267 ms
2026-10-03T20:31:32.032Z  INFO 1 --- [nio-8080-exec-11] c.e.shop.web.OrderController             : Order created id=11167 customer=c-2773 total=178.79
2026-10-03T20:31:32.380Z  INFO 1 --- [nio-8080-exec-1] c.e.shop.web.OrderController             : Order created id=11169 customer=c-1054 total=285.30
2026-10-03T20:31:32.609Z  INFO 1 --- [nio-8080-exec-2] c.e.shop.web.OrderController             : Order created id=11172 customer=c-2624 total=250.61
2026-10-03T20:31:33.301Z DEBUG 1 --- [nio-8080-exec-12] o.s.web.servlet.DispatcherServlet        : GET "/api/products", parameters={}
2026-10-03T20:31:33.621Z ERROR 1 --- [nio-8080-exec-12] c.e.shop.service.PaymentService          : Payment failed for order id=11177
java.net.SocketTimeoutException: Read timed out
	at com.example.shop.client.GatewayClient.post(GatewayClient.java:88) ~[classes!/:1.4.2]
	at com.example.shop.service.PaymentService.charge(PaymentService.java:54) ~[classes!/:1.4.2]
Caused by: java.net.SocketException: Connection reset
	... 54 common frames omitted
2026-10-03T20:31:33.842Z  INFO 1 --- [nio-8080-exec-6] c.e.shop.web.OrderController             : Order created id=11178 customer=c-1780 total=99.95
2026-10-03T20:31:33.999Z  INFO 1 --- [nio-8080-exec-10] c.e.shop.web.OrderController             : Order created id=11180 customer=c-3356 total=108.11
2026-10-03T20:31:35.763Z ERROR 1 --- [nio-8080-exec-1] c.e.shop.service.PaymentService          : Payment failed for order id=11197
java.net.SocketTimeoutException: Read timed out
	at com.example.shop.client.GatewayClient.post(GatewayClient.java:88) ~[classes!/:1.4.2]
	at com.example.shop.service.PaymentService.charge(PaymentService.java:54) ~[classes!/:1.4.2]
Caused by: java.net.SocketException: Connection reset
	... 51 common frames omitted
2026-10-03T20:31:36.450Z  INFO 1 --- [   scheduling-1] c.e.shop.service.InventorySync           : Synced 1125 stock levels in 354 ms
2026-10-03T20:31:36.999Z  INFO 1 --- [nio-8080-exec-12] c.e.shop.web.OrderController             : Order created id=11206 customer=c-4413 total=272.70
2026-10-03T20:31:36.999Z  INFO 1 --- [nio-8080-exec-8] c.e.shop.web.OrderController             : Order created id=11209 customer=c-1163 total=129.72
2026-10-03T20:31:37.151Z  INFO 1 --- [nio-8080-exec-8] c.e.shop.web.OrderController             : Order created id=11212 customer=c-3299 total=286.61
2026-10-03T20:31:38.539Z  INFO 1 --- [nio-8080-exec-4] c.e.shop.web.OrderController             : Order created id=11218 customer=c-4528 total=210.39
2026-10-03T20:31:38.900Z  WARN 1 --- [nio-8080-exec-9] c.e.shop.service.PaymentService          : Payment gateway slow response: 2907 ms (threshold 1500 ms)
2026-10-03T20:31:38.999Z  INFO 1 --- [nio-8080-exec-9] c.e.shop.web.OrderController             : Order created id=11222 customer=c-1459 total=255.19
2026-10-03T20:31:38.999Z  INFO 1 --- [nio-8080-exec-6] c.e.shop.web.OrderController             : Order created id=11223 customer=c-4810 total=240.59
2026-10-03T20:31:38.999Z ERROR 1 --- [nio-8080-exec-3] c.e.shop.service.PaymentService          : Payment failed for order id=11224
java.net.SocketTimeoutException: Read timed out
	at com.example.shop.client.GatewayClient.post(GatewayClient.java:88) ~[classes!/:1.4.2]
	at com.example.shop.service.PaymentService.charge(PaymentService.java:54) ~[classes!/:1.4.2]
Caused by: java.net.SocketException: Connection reset
	... 21 common frames omitted
2026-10-03T20:31:39.325Z DEBUG 1 --- [nio-8080-exec-11] o.s.web.servlet.DispatcherServlet        : GET "/api/products", parameters={}
2026-10-03T20:31:39.705Z  INFO 1 --- [nio-8080-exec-8] c.e.shop.web.OrderController             : Order created id=11227 customer=c-1259 total=185.58
2026-10-03T20:31:39.999Z ERROR 1 --- [nio-8080-exec-3] c.e.shop.service.PaymentService          : Payment failed for order id=11230
java.net.SocketTimeoutException: Read timed out
	at com.example.shop.client.GatewayClient.post(GatewayClient.java:88) ~[classes!/:1.4.2]
	at com.example.shop.service.PaymentService.charge(PaymentService.java:54) ~[classes!/:1.4.2]
Caused by: java.net.SocketException: Connection reset
	... 57 common frames omitted
2026-10-03T20:31:40.738Z  INFO 1 --- [nio-8080-exec-2] c.e.shop.web.OrderController             : Order created id=11236 customer=c-4701 total=276.24
2026-10-03T20:31:41.209Z  INFO 1 --- [nio-8080-exec-5] c.e.shop.web.OrderController             : Order created id=11239 customer=c-4953 total=183.65
2026-10-03T20:31:41.798Z  INFO 1 --- [nio-8080-exec-8] c.e.shop.web.OrderController             : Order created id=11242 customer=c-1630 total=74.24
2026-10-03T20:31:42.326Z  INFO 1 --- [nio-8080-exec-6] c.e.shop.web.OrderController             : Order created id=11247 customer=c-3943 total=125.54
2026-10-03T20:31:42.690Z  INFO 1 --- [nio-8080-exec-7] c.e.shop.web.OrderController             : Order created id=11251 customer=c-3558 total=24.10
2026-10-03T20:31:42.999Z ERROR 1 --- [nio-8080-exec-1] c.e.shop.service.PaymentService          : Payment failed for order id=11254
java.net.SocketTimeoutException: Read timed out
	at com.example.shop.client.GatewayClient.post(GatewayClient.java:88) ~[classes!/:1.4.2]
	at com.example.shop.service.PaymentService.charge(PaymentService.java:54) ~[classes!/:1.4.2]
Caused by: java.net.SocketException: Connection reset
	... 52 common frames omitted
2026-10-03T20:31:42.999Z  INFO 1 --- [nio-8080-exec-10] c.e.shop.web.OrderController             : Order created id=11256 customer=c-4627 total=174.91
2026-10-03T20:31:43.185Z  INFO 1 --- [nio-8080-exec-3] c.e.shop.web.OrderController             : Order created id=11259 customer=c-1390 total=158.67
2026-10-03T20:31:44.435Z  INFO 1 --- [nio-8080-exec-4] c.e.shop.web.OrderController             : Order created id=11269 customer=c-1200 total=170.92
2026-10-03T20:31:44.520Z  INFO 1 --- [nio-8080-exec-4] c.e.shop.web.OrderController             : Order created id=11270 customer=c-3371 total=210.83
2026-10-03T20:31:45.820Z  INFO 1 --- [nio-8080-exec-9] c.e.shop.web.OrderController             : Order created id=11278 customer=c-1707 total=106.82
2026-10-03T20:31:46.295Z  INFO 1 --- [nio-8080-exec-3] c.e.shop.web.OrderController             : Order created id=11283 customer=c-2361 total=192.18
2026-10-03T20:31:46.354Z ERROR 1 --- [nio-8080-exec-9] c.e.shop.service.PaymentService          : Payment failed for order id=11284
java.net.SocketTimeoutException: Read timed out
	at com.example.shop.client.GatewayClient.post(GatewayClient.java:88) ~[classes!/:1.4.2]
	at com.example.shop.service.PaymentService.charge(PaymentService.java:54) ~[classes!/:1.4.2]
Caused by: java.net.SocketException: Connection reset
	... 33 common frames omitted
2026-10-03T20:31:47.105Z  INFO 1 --- [nio-8080-exec-10] c.e.shop.web.OrderController             : Order created id=11288 customer=c-4735 total=39.90
2026-10-03T20:31:47.265Z  INFO 1 --- [nio-8080-exec-12] c.e.shop.web.OrderController             : Order created id=11289 customer=c-4143 total=31.98
2026-10-03T20:31:47.315Z  INFO 1 --- [nio-8080-exec-10] c.e.shop.web.OrderController             : Order created id=11291 customer=c-2296 total=243.38
2026-10-03T20:31:47.435Z  INFO 1 --- [nio-8080-exec-7] c.e.shop.web.OrderController             : Order created id=11292 customer=c-2583 total=89.44
2026-10-03T20:31:47.655Z  INFO 1 --- [nio-8080-exec-5] c.e.shop.web.OrderController             : Order created id=11293 customer=c-2141 total=230.34
2026-10-03T20:31:48.273Z  INFO 1 --- [nio-8080-exec-10] c.e.shop.web.OrderController             : Order created id=11297 customer=c-4829 total=213.59
2026-10-03T20:31:48.999Z  INFO 1 --- [nio-8080-exec-2] c.e.shop.web.OrderController             : Order created id=11300 customer=c-3219 total=263.99
2026-10-03T20:31:49.617Z  WARN 1 --- [nio-8080-exec-10] c.e.shop.service.PaymentService          : Payment gateway slow response: 3603 ms (threshold 1500 ms)
2026-10-03T20:31:49.686Z  INFO 1 --- [   scheduling-1] c.e.shop.service.InventorySync           : Synced 1370 stock levels in 442 ms
2026-10-03T20:31:49.999Z  INFO 1 --- [nio-8080-exec-8] c.e.shop.web.OrderController             : Order created id=11309 customer=c-1025 total=80.56
2026-10-03T20:31:50.385Z  INFO 1 --- [nio-8080-exec-5] c.e.shop.web.OrderController             : Order created id=11314 customer=c-2081 total=81.10
2026-10-03T20:31:50.797Z  INFO 1 --- [nio-8080-exec-12] c.e.shop.web.OrderController             : Order created id=11317 customer=c-3859 total=243.63
2026-10-03T20:31:50.877Z  INFO 1 --- [nio-8080-exec-7] c.e.shop.web.OrderController             : Order created id=11318 customer=c-3514 total=91.63
2026-10-03T20:31:50.999Z ERROR 1 --- [nio-8080-exec-8] c.e.shop.service.PaymentService          : Payment failed for order id=11320
java.net.SocketTimeoutException: Read timed out
	at com.example.shop.client.GatewayClient.post(GatewayClient.java:88) ~[classes!/:1.4.2]
	at com.example.shop.service.PaymentService.charge(PaymentService.java:54) ~[classes!/:1.4.2]
Caused by: java.net.SocketException: Connection reset
	... 21 common frames omitted
2026-10-03T20:31:50.999Z  WARN 1 --- [nio-8080-exec-9] c.e.shop.service.PaymentService          : Payment gateway slow response: 3087 ms (threshold 1500 ms)
2026-10-03T20:31:51.439Z  INFO 1 --- [nio-8080-exec-5] c.e.shop.web.OrderController             : Order created id=11323 customer=c-4399 total=136.20
2026-10-03T20:31:51.553Z  INFO 1 --- [nio-8080-exec-9] c.e.shop.web.OrderController             : Order created id=11324 customer=c-1217 total=237.09
2026-10-03T20:31:52.575Z  INFO 1 --- [nio-8080-exec-8] c.e.shop.web.OrderController             : Order created id=11329 customer=c-1122 total=16.25
2026-10-03T20:31:52.634Z  INFO 1 --- [nio-8080-exec-1] c.e.shop.web.OrderController             : Order created id=11330 customer=c-3970 total=28.37
2026-10-03T20:31:52.941Z  INFO 1 --- [nio-8080-exec-9] c.e.shop.web.OrderController             : Order created id=11333 customer=c-4972 total=92.03
2026-10-03T20:31:53.932Z  INFO 1 --- [nio-8080-exec-2] c.e.shop.web.OrderController             : Order created id=11338 customer=c-4358 total=173.21
2026-10-03T20:31:54.091Z  INFO 1 --- [   scheduling-1] c.e.shop.service.InventorySync           : Synced 1176 stock levels in 366 ms
2026-10-03T20:31:54.146Z  WARN 1 --- [nio-8080-exec-10] c.e.shop.service.PaymentService          : Payment gateway slow response: 1750 ms (threshold 1500 ms)
2026-10-03T20:31:54.991Z ERROR 1 --- [nio-8080-exec-3] c.e.shop.service.PaymentService          : Payment failed for order id=11348
java.net.SocketTimeoutException: Read timed out
	at com.example.shop.client.GatewayClient.post(GatewayClient.java:88) ~[classes!/:1.4.2]
	at com.example.shop.service.PaymentService.charge(PaymentService.java:54) ~[classes!/:1.4.2]
Caused by: java.net.SocketException: Connection reset
	... 59 common frames omitted
2026-10-03T20:31:54.999Z DEBUG 1 --- [nio-8080-exec-6] o.s.web.servlet.DispatcherServlet        : GET "/api/products", parameters={}
2026-10-03T20:31:55.180Z  INFO 1 --- [nio-8080-exec-9] c.e.shop.web.OrderController             : Order created id=11351 customer=c-4216 total=22.76
2026-10-03T20:31:55.382Z ERROR 1 --- [nio-8080-exec-3] c.e.shop.service.PaymentService          : Payment failed for order id=11353
java.net.SocketTimeoutException: Read timed out
	at com.example.shop.client.GatewayClient.post(GatewayClient.java:88) ~[classes!/:1.4.2]
	at com.example.shop.service.PaymentService.charge(PaymentService.java:54) ~[classes!/:1.4.2]
Caused by: java.net.SocketException: Connection reset
	... 32 common frames omitted
2026-10-03T20:31:55.655Z  INFO 1 --- [nio-8080-exec-11] c.e.shop.web.OrderController             : Order created id=11354 customer=c-2715 total=298.56
2026-10-03T20:31:56.142Z DEBUG 1 --- [nio-8080-exec-12] o.s.web.servlet.DispatcherServlet        : GET "/api/products", parameters={}
2026-10-03T20:31:56.263Z  INFO 1 --- [nio-8080-exec-7] c.e.shop.web.OrderController             : Order created id=11357 customer=c-1244 total=152.85
2026-10-03T20:31:56.443Z  INFO 1 --- [nio-8080-exec-3] c.e.shop.web.OrderController             : Order created id=11359 customer=c-2864 total=211.78
2026-10-03T20:31:56.999Z  INFO 1 --- [nio-8080-exec-10] c.e.shop.web.OrderController             : Order created id=11364 customer=c-3776 total=37.38
2026-10-03T20:31:57.286Z ERROR 1 --- [nio-8080-exec-2] c.e.shop.service.PaymentService          : Payment failed for order id=11365
java.net.SocketTimeoutException: Read timed out
	at com.example.shop.client.GatewayClient.post(GatewayClient.java:88) ~[classes!/:1.4.2]
	at com.example.shop.service.PaymentService.charge(PaymentService.java:54) ~[classes!/:1.4.2]
Caused by: java.net.SocketException: Connection reset
	... 55 common frames omitted
2026-10-03T20:31:57.423Z  INFO 1 --- [nio-8080-exec-1] c.e.shop.web.OrderController             : Order created id=11367 customer=c-4057 total=161.16
2026-10-03T20:31:57.820Z  INFO 1 --- [nio-8080-exec-11] c.e.shop.web.OrderController             : Order created id=11369 customer=c-2005 total=282.65
2026-10-03T20:31:57.999Z DEBUG 1 --- [nio-8080-exec-3] o.s.web.servlet.DispatcherServlet        : GET "/api/products", parameters={}
2026-10-03T20:31:58.145Z  INFO 1 --- [nio-8080-exec-4] c.e.shop.web.OrderController             : Order created id=11374 customer=c-4022 total=262.73
2026-10-03T20:31:58.412Z  INFO 1 --- [nio-8080-exec-2] c.e.shop.web.OrderController             : Order created id=11376 customer=c-2635 total=159.75
2026-10-03T20:31:58.976Z  INFO 1 --- [nio-8080-exec-3] c.e.shop.web.OrderController             : Order created id=11379 customer=c-2943 total=10.57
2026-10-03T20:32:00.089Z  INFO 1 --- [nio-8080-exec-10] c.e.shop.web.OrderController             : Order created id=11385 customer=c-3774 total=43.12
2026-10-03T20:32:01.036Z  INFO 1 --- [nio-8080-exec-9] c.e.shop.web.OrderController             : Order created id=11389 customer=c-1524 total=207.05
2026-10-03T20:32:01.568Z  INFO 1 --- [nio-8080-exec-12] c.e.shop.web.OrderController             : Order created id=11393 customer=c-2357 total=200.70
2026-10-03T20:32:01.999Z  INFO 1 --- [nio-8080-exec-5] c.e.shop.web.OrderController             : Order created id=11395 customer=c-3641 total=249.30
2026-10-03T20:32:02.131Z  INFO 1 --- [nio-8080-exec-12] c.e.shop.web.OrderController             : Order created id=11396 customer=c-1431 total=299.11
2026-10-03T20:32:02.296Z  INFO 1 --- [nio-8080-exec-4] c.e.shop.web.OrderController             : Order created id=11397 customer=c-4091 total=29.36
2026-10-03T20:32:02.521Z  INFO 1 --- [nio-8080-exec-6] c.e.shop.web.OrderController             : Order created id=11398 customer=c-1903 total=222.46
2026-10-03T20:32:02.716Z DEBUG 1 --- [nio-8080-exec-9] o.s.web.servlet.DispatcherServlet        : GET "/api/products", parameters={}
2026-10-03T20:32:03.109Z  INFO 1 --- [   scheduling-1] c.e.shop.service.InventorySync           : Synced 1418 stock levels in 493 ms
2026-10-03T20:32:03.318Z  INFO 1 --- [nio-8080-exec-6] c.e.shop.web.OrderController             : Order created id=11403 customer=c-2869 total=263.84
2026-10-03T20:32:03.326Z  INFO 1 --- [nio-8080-exec-12] c.e.shop.web.OrderController             : Order created id=11404 customer=c-4203 total=104.85
2026-10-03T20:32:04.788Z  INFO 1 --- [nio-8080-exec-6] c.e.shop.web.OrderController             : Order created id=11413 customer=c-1264 total=204.52
2026-10-03T20:32:05.898Z ERROR 1 --- [nio-8080-exec-5] c.e.shop.service.PaymentService          : Payment failed for order id=11415
java.net.SocketTimeoutException: Read timed out
	at com.example.shop.client.GatewayClient.post(GatewayClient.java:88) ~[classes!/:1.4.2]
	at com.example.shop.service.PaymentService.charge(PaymentService.java:54) ~[classes!/:1.4.2]
Caused by: java.net.SocketException: Connection reset
	... 34 common frames omitted
2026-10-03T20:32:05.997Z  INFO 1 --- [nio-8080-exec-5] c.e.shop.web.OrderController             : Order created id=11416 customer=c-1065 total=277.78
2026-10-03T20:32:06.733Z  INFO 1 --- [nio-8080-exec-1] c.e.shop.web.OrderController             : Order created id=11423 customer=c-3334 total=85.20
2026-10-03T20:32:06.965Z  INFO 1 --- [nio-8080-exec-1] c.e.shop.web.OrderController             : Order created id=11424 customer=c-1355 total=80.51
2026-10-03T20:32:06.999Z  INFO 1 --- [nio-8080-exec-3] c.e.shop.web.OrderController             : Order created id=11425 customer=c-1578 total=28.51
2026-10-03T20:32:06.999Z  INFO 1 --- [   scheduling-1] c.e.shop.service.InventorySync           : Synced 1219 stock levels in 485 ms
2026-10-03T20:32:07.324Z  INFO 1 --- [nio-8080-exec-5] c.e.shop.web.OrderController             : Order created id=11432 customer=c-1668 total=131.19
2026-10-03T20:32:07.385Z  INFO 1 --- [nio-8080-exec-9] c.e.shop.web.OrderController             : Order created id=11433 customer=c-3991 total=298.28
2026-10-03T20:32:07.705Z ERROR 1 --- [nio-8080-exec-10] c.e.shop.service.PaymentService          : Payment failed for order id=11435
java.net.SocketTimeoutException: Read timed out
	at com.example.shop.client.GatewayClient.post(GatewayClient.java:88) ~[classes!/:1.4.2]
	at com.example.shop.service.PaymentService.charge(PaymentService.java:54) ~[classes!/:1.4.2]
Caused by: java.net.SocketException: Connection reset
	... 58 common frames omitted
2026-10-03T20:32:07.853Z ERROR 1 --- [nio-8080-exec-2] c.e.shop.service.PaymentService          : Payment failed for order id=11436
java.net.SocketTimeoutException: Read timed out
	at com.example.shop.client.GatewayClient.post(GatewayClient.java:88) ~[classes!/:1.4.2]
	at com.example.shop.service.PaymentService.charge(PaymentService.java:54) ~[classes!/:1.4.2]
Caused by: java.net.SocketException: Connection reset
	... 53 common frames omitted
2026-10-03T20:32:08.770Z  INFO 1 --- [nio-8080-exec-7] c.e.shop.web.OrderController             : Order created id=11445 customer=c-3001 total=234.17
2026-10-03T20:32:09.999Z  INFO 1 --- [nio-8080-exec-11] c.e.shop.web.OrderController             : Order created id=11452 customer=c-1765 total=288.27
2026-10-03T20:32:09.999Z  INFO 1 --- [nio-8080-exec-5] c.e.shop.web.OrderController             : Order created id=11453 customer=c-4035 total=127.23
2026-10-03T20:32:10.129Z DEBUG 1 --- [nio-8080-exec-5] o.s.web.servlet.DispatcherServlet        : GET "/api/products", parameters={}
2026-10-03T20:32:10.754Z  INFO 1 --- [nio-8080-exec-9] c.e.shop.web.OrderController             : Order created id=11460 customer=c-2835 total=187.48
2026-10-03T20:32:12.617Z  INFO 1 --- [nio-8080-exec-3] c.e.shop.web.OrderController             : Order created id=11475 customer=c-3195 total=204.86
2026-10-03T20:32:12.728Z  INFO 1 --- [nio-8080-exec-5] c.e.shop.web.OrderController             : Order created id=11476 customer=c-1808 total=179.45
2026-10-03T20:32:12.787Z  INFO 1 --- [nio-8080-exec-12] c.e.shop.web.OrderController             : Order created id=11477 customer=c-2359 total=252.95
2026-10-03T20:32:13.135Z  INFO 1 --- [nio-8080-exec-6] c.e.shop.web.OrderController             : Order created id=11479 customer=c-2815 total=84.48
2026-10-03T20:32:13.638Z  WARN 1 --- [nio-8080-exec-9] c.e.shop.service.PaymentService          : Payment gateway slow response: 3294 ms (threshold 1500 ms)
2026-10-03T20:32:13.814Z  INFO 1 --- [   scheduling-1] c.e.shop.service.InventorySync           : Synced 1400 stock levels in 336 ms
2026-10-03T20:32:14.999Z  INFO 1 --- [   scheduling-1] c.e.shop.service.InventorySync           : Synced 1377 stock levels in 331 ms
2026-10-03T20:32:14.999Z  WARN 1 --- [nio-8080-exec-2] c.e.shop.service.PaymentService          : Payment gateway slow response: 3998 ms (threshold 1500 ms)
2026-10-03T20:32:14.999Z  INFO 1 --- [   scheduling-1] c.e.shop.service.InventorySync           : Synced 1061 stock levels in 394 ms
