03-Oct-2026 08:14:02.113 INFO [main] org.apache.catalina.startup.VersionLoggerListener.log Server version name:   Apache Tomcat/10.1.28
03-Oct-2026 08:14:02.118 INFO [main] org.apache.catalina.startup.VersionLoggerListener.log Server built:          Aug 6 2026 09:12:41 UTC
03-Oct-2026 08:14:02.118 INFO [main] org.apache.catalina.startup.VersionLoggerListener.log Server version number: 10.1.28.0
03-Oct-2026 08:14:02.119 INFO [main] org.apache.catalina.startup.VersionLoggerListener.log OS Name:               Linux
03-Oct-2026 08:14:02.119 INFO [main] org.apache.catalina.startup.VersionLoggerListener.log OS Version:            6.8.0-45-generic
03-Oct-2026 08:14:02.120 INFO [main] org.apache.catalina.startup.VersionLoggerListener.log Architecture:          amd64
03-Oct-2026 08:14:02.120 INFO [main] org.apache.catalina.startup.VersionLoggerListener.log Java Home:             /usr/lib/jvm/java-21-openjdk-amd64
03-Oct-2026 08:14:02.121 INFO [main] org.apache.catalina.startup.VersionLoggerListener.log JVM Version:           21.0.4+7-LTS
03-Oct-2026 08:14:02.121 INFO [main] org.apache.catalina.startup.VersionLoggerListener.log CATALINA_BASE:         /opt/tomcat
03-Oct-2026 08:14:02.122 INFO [main] org.apache.catalina.startup.VersionLoggerListener.log CATALINA_HOME:         /opt/tomcat
03-Oct-2026 08:14:02.140 INFO [main] org.apache.coyote.AbstractProtocol.init Initializing ProtocolHandler ["http-nio-8080"]
03-Oct-2026 08:14:02.201 INFO [main] org.apache.catalina.startup.Catalina.load Server initialization in [412] milliseconds
03-Oct-2026 08:14:02.254 INFO [main] org.apache.catalina.core.StandardService.startInternal Starting service [Catalina]
03-Oct-2026 08:14:02.254 INFO [main] org.apache.catalina.core.StandardEngine.startInternal Starting Servlet engine: [Apache Tomcat/10.1.28]
03-Oct-2026 08:14:02.301 INFO [main] org.apache.catalina.startup.HostConfig.deployWAR Deploying web application archive [/opt/tomcat/webapps/shop.war]
03-Oct-2026 08:14:05.877 INFO [main] org.apache.jasper.servlet.TldScanner.scanJars At least one JAR was scanned for TLDs yet contained no TLDs. Enable debug logging for this logger for a complete list of JARs that were scanned but no TLDs were found in them.
03-Oct-2026 08:14:06.412 INFO [main] org.apache.catalina.startup.HostConfig.deployWAR Deployment of web application archive [/opt/tomcat/webapps/shop.war] has finished in [4,111] ms
03-Oct-2026 08:14:06.431 INFO [main] org.apache.coyote.AbstractProtocol.start Starting ProtocolHandler ["http-nio-8080"]
03-Oct-2026 08:14:06.455 INFO [main] org.apache.catalina.startup.Catalina.start Server startup in [4,253] milliseconds
03-Oct-2026 08:14:07.002 WARNING [http-nio-8080-exec-1] org.apache.catalina.util.SessionIdGeneratorBase.createSecureRandom Creation of SecureRandom instance for session ID generation using [SHA1PRNG] took [187] milliseconds.
03-Oct-2026 08:15:12.640 INFO [http-nio-8080-exec-3] com.example.shop.web.OrderController.create Order created id=10451 customer=c-2291 total=59.90
03-Oct-2026 08:15:44.018 INFO [http-nio-8080-exec-5] com.example.shop.web.OrderController.create Order created id=10452 customer=c-1078 total=134.00
03-Oct-2026 08:16:03.377 WARNING [http-nio-8080-exec-2] com.example.shop.service.PaymentService.charge Payment gateway slow response: 2314 ms (threshold 1500 ms)
03-Oct-2026 08:16:51.209 SEVERE [http-nio-8080-exec-7] com.example.shop.service.PaymentService.charge Payment failed for order 10453
	java.net.SocketTimeoutException: Read timed out
		at java.base/sun.nio.ch.NioSocketImpl.timedRead(NioSocketImpl.java:278)
		at java.base/sun.nio.ch.NioSocketImpl.implRead(NioSocketImpl.java:304)
		at java.base/java.net.Socket$SocketInputStream.read(Socket.java:1099)
		at com.example.shop.client.GatewayClient.post(GatewayClient.java:88)
		at com.example.shop.service.PaymentService.charge(PaymentService.java:54)
		at com.example.shop.web.OrderController.create(OrderController.java:41)
		at jakarta.servlet.http.HttpServlet.service(HttpServlet.java:590)
		at org.apache.catalina.core.ApplicationFilterChain.internalDoFilter(ApplicationFilterChain.java:164)
03-Oct-2026 08:16:51.233 INFO [http-nio-8080-exec-7] com.example.shop.service.PaymentService.retry Retrying payment for order 10453 (attempt 2/3)
03-Oct-2026 08:16:52.870 INFO [http-nio-8080-exec-7] com.example.shop.service.PaymentService.charge Payment succeeded for order 10453
03-Oct-2026 08:17:30.512 INFO [http-nio-8080-exec-4] com.example.shop.web.OrderController.create Order created id=10454 customer=c-3310 total=19.99
03-Oct-2026 08:18:09.944 WARNING [http-nio-8080-exec-6] org.apache.catalina.connector.Request.parseParameters Character decoding failed. Parameter [q] with value [%E4%F6%FC] has been ignored.
03-Oct-2026 08:19:21.003 SEVERE [http-nio-8080-exec-1] org.apache.catalina.core.ContainerBase.[Catalina].[localhost].[/shop].[dispatcherServlet] Servlet.service() for servlet [dispatcherServlet] in context with path [/shop] threw exception
	java.lang.NullPointerException: Cannot invoke "com.example.shop.model.Customer.getEmail()" because "customer" is null
		at com.example.shop.service.NotificationService.sendReceipt(NotificationService.java:37)
		at com.example.shop.web.OrderController.confirm(OrderController.java:72)
		at java.base/jdk.internal.reflect.DirectMethodHandleAccessor.invoke(DirectMethodHandleAccessor.java:103)
		at org.springframework.web.servlet.FrameworkServlet.service(FrameworkServlet.java:885)
		at org.apache.catalina.core.StandardWrapperValve.invoke(StandardWrapperValve.java:167)
03-Oct-2026 08:20:00.101 INFO [http-nio-8080-exec-8] com.example.shop.web.OrderController.create Order created id=10455 customer=c-1078 total=72.40
03-Oct-2026 08:21:45.760 WARNING [Catalina-utility-1] org.apache.catalina.valves.RemoteIpValve.invoke Invalid remote address header [X-Forwarded-For: unknown]
03-Oct-2026 08:23:10.288 INFO [http-nio-8080-exec-9] com.example.shop.web.OrderController.create Order created id=10456 customer=c-4402 total=249.00
03-Oct-2026 08:25:33.671 SEVERE [http-nio-8080-exec-2] org.apache.tomcat.util.threads.ThreadPoolExecutor.execute Thread pool exhausted: all 200 threads busy, queue full
03-Oct-2026 08:25:35.014 WARNING [http-nio-8080-exec-10] org.apache.coyote.http11.Http11Processor.service Error parsing HTTP request header
	java.lang.IllegalArgumentException: Invalid character found in method name [0x160x030x01...]. HTTP method names must be tokens
		at org.apache.coyote.http11.Http11InputBuffer.parseRequestLine(Http11InputBuffer.java:417)
		at org.apache.coyote.http11.Http11Processor.service(Http11Processor.java:261)
03-Oct-2026 08:26:00.002 INFO [Catalina-utility-2] org.apache.catalina.core.StandardContext.reload Reloading Context with name [/shop] has started
03-Oct-2026 08:26:02.915 INFO [Catalina-utility-2] org.apache.catalina.core.StandardContext.reload Reloading Context with name [/shop] is completed
03-Oct-2026 08:30:12.447 INFO [http-nio-8080-exec-1] com.example.shop.web.OrderController.create Order created id=10457 customer=c-2291 total=15.50
03-Oct-2026 08:45:00.001 INFO [main] org.apache.coyote.AbstractProtocol.pause Pausing ProtocolHandler ["http-nio-8080"]
03-Oct-2026 08:45:00.060 INFO [main] org.apache.catalina.core.StandardService.stopInternal Stopping service [Catalina]
03-Oct-2026 08:45:00.311 INFO [main] org.apache.coyote.AbstractProtocol.stop Stopping ProtocolHandler ["http-nio-8080"]
03-Oct-2026 08:45:00.402 INFO [main] org.apache.coyote.AbstractProtocol.destroy Destroying ProtocolHandler ["http-nio-8080"]
03-Oct-2026 08:45:00.402 INFO [main] org.apache.coyote.AbstractProtocol.destroy Destroying ProtocolHandler ["http-nio-8080"]
03-Oct-2026 08:21:45.760 WARNING [Catalina-utility-1] org.apache.catalina.valves.RemoteIpValve.invoke Invalid remote address header [X-Forwarded-For: unknown]
03-Oct-2026 08:23:10.288 INFO [http-nio-8080-exec-9] com.example.shop.web.OrderController.create Order created id=10456 customer=c-4402 total=249.00
03-Oct-2026 08:25:33.671 SEVERE [http-nio-8080-exec-2] org.apache.tomcat.util.threads.ThreadPoolExecutor.execute Thread pool exhausted: all 200 threads busy, queue full
03-Oct-2026 08:25:35.014 WARNING [http-nio-8080-exec-10] org.apache.coyote.http11.Http11Processor.service Error parsing HTTP request header
	java.lang.IllegalArgumentException: Invalid character found in method name [0x160x030x01...]. HTTP method names must be tokens
		at org.apache.coyote.http11.Http11InputBuffer.parseRequestLine(Http11InputBuffer.java:417)
		at org.apache.coyote.http11.Http11Processor.service(Http11Processor.java:261)
03-Oct-2026 08:26:00.002 INFO [Catalina-utility-2] org.apache.catalina.core.StandardContext.reload Reloading Context with name [/shop] has started
03-Oct-2026 08:26:02.915 INFO [Catalina-utility-2] org.apache.catalina.core.StandardContext.reload Reloading Context with name [/shop] is completed
03-Oct-2026 08:30:12.447 INFO [http-nio-8080-exec-1] com.example.shop.web.OrderController.create Order created id=10457 customer=c-2291 total=15.50
03-Oct-2026 08:45:00.001 INFO [main] org.apache.coyote.AbstractProtocol.pause Pausing ProtocolHandler ["http-nio-8080"]
03-Oct-2026 08:45:00.060 INFO [main] org.apache.catalina.core.StandardService.stopInternal Stopping service [Catalina]
03-Oct-2026 08:45:00.311 INFO [main] org.apache.coyote.AbstractProtocol.stop Stopping ProtocolHandler ["http-nio-8080"]
03-Oct-2026 08:45:00.402 INFO [main] org.apache.coyote.AbstractProtocol.destroy Destroying ProtocolHandler ["http-nio-8080"]
03-Oct-2026 08:45:00.402 INFO [main] org.apache.coyote.AbstractProtocol.destroy Destroying ProtocolHandler ["http-nio-8080"]
03-Oct-2026 08:21:45.760 WARNING [Catalina-utility-1] org.apache.catalina.valves.RemoteIpValve.invoke Invalid remote address header [X-Forwarded-For: unknown]
03-Oct-2026 08:23:10.288 INFO [http-nio-8080-exec-9] com.example.shop.web.OrderController.create Order created id=10456 customer=c-4402 total=249.00
03-Oct-2026 08:25:33.671 SEVERE [http-nio-8080-exec-2] org.apache.tomcat.util.threads.ThreadPoolExecutor.execute Thread pool exhausted: all 200 threads busy, queue full
03-Oct-2026 08:25:35.014 WARNING [http-nio-8080-exec-10] org.apache.coyote.http11.Http11Processor.service Error parsing HTTP request header
	java.lang.IllegalArgumentException: Invalid character found in method name [0x160x030x01...]. HTTP method names must be tokens
		at org.apache.coyote.http11.Http11InputBuffer.parseRequestLine(Http11InputBuffer.java:417)
		at org.apache.coyote.http11.Http11Processor.service(Http11Processor.java:261)
03-Oct-2026 08:26:00.002 INFO [Catalina-utility-2] org.apache.catalina.core.StandardContext.reload Reloading Context with name [/shop] has started
03-Oct-2026 08:26:02.915 INFO [Catalina-utility-2] org.apache.catalina.core.StandardContext.reload Reloading Context with name [/shop] is completed
03-Oct-2026 08:30:12.447 INFO [http-nio-8080-exec-1] com.example.shop.web.OrderController.create Order created id=10457 customer=c-2291 total=15.50
03-Oct-2026 08:45:00.001 INFO [main] org.apache.coyote.AbstractProtocol.pause Pausing ProtocolHandler ["http-nio-8080"]
03-Oct-2026 08:45:00.060 INFO [main] org.apache.catalina.core.StandardService.stopInternal Stopping service [Catalina]
03-Oct-2026 08:45:00.311 INFO [main] org.apache.coyote.AbstractProtocol.stop Stopping ProtocolHandler ["http-nio-8080"]
03-Oct-2026 08:45:00.402 INFO [main] org.apache.coyote.AbstractProtocol.destroy Destroying ProtocolHandler ["http-nio-8080"]
03-Oct-2026 08:45:00.402 INFO [main] org.apache.coyote.AbstractProtocol.destroy Destroying ProtocolHandler ["http-nio-8080"]
03-Oct-2026 08:21:45.760 WARNING [Catalina-utility-1] org.apache.catalina.valves.RemoteIpValve.invoke Invalid remote address header [X-Forwarded-For: unknown]
03-Oct-2026 08:23:10.288 INFO [http-nio-8080-exec-9] com.example.shop.web.OrderController.create Order created id=10456 customer=c-4402 total=249.00
03-Oct-2026 08:25:33.671 SEVERE [http-nio-8080-exec-2] org.apache.tomcat.util.threads.ThreadPoolExecutor.execute Thread pool exhausted: all 200 threads busy, queue full
03-Oct-2026 08:25:35.014 WARNING [http-nio-8080-exec-10] org.apache.coyote.http11.Http11Processor.service Error parsing HTTP request header
	java.lang.IllegalArgumentException: Invalid character found in method name [0x160x030x01...]. HTTP method names must be tokens
		at org.apache.coyote.http11.Http11InputBuffer.parseRequestLine(Http11InputBuffer.java:417)
		at org.apache.coyote.http11.Http11Processor.service(Http11Processor.java:261)
03-Oct-2026 08:26:00.002 INFO [Catalina-utility-2] org.apache.catalina.core.StandardContext.reload Reloading Context with name [/shop] has started
03-Oct-2026 08:26:02.915 INFO [Catalina-utility-2] org.apache.catalina.core.StandardContext.reload Reloading Context with name [/shop] is completed
03-Oct-2026 08:30:12.447 INFO [http-nio-8080-exec-1] com.example.shop.web.OrderController.create Order created id=10457 customer=c-2291 total=15.50
03-Oct-2026 08:45:00.001 INFO [main] org.apache.coyote.AbstractProtocol.pause Pausing ProtocolHandler ["http-nio-8080"]
03-Oct-2026 08:45:00.060 INFO [main] org.apache.catalina.core.StandardService.stopInternal Stopping service [Catalina]
03-Oct-2026 08:45:00.311 INFO [main] org.apache.coyote.AbstractProtocol.stop Stopping ProtocolHandler ["http-nio-8080"]
03-Oct-2026 08:45:00.402 INFO [main] org.apache.coyote.AbstractProtocol.destroy Destroying ProtocolHandler ["http-nio-8080"]
03-Oct-2026 08:45:00.402 INFO [main] org.apache.coyote.AbstractProtocol.destroy Destroying ProtocolHandler ["http-nio-8080"]
03-Oct-2026 19:56:19.237 SEVERE [http-nio-8080-exec-6] com.example.shop.service.PaymentService.charge Payment failed for order 10635
	java.net.SocketTimeoutException: Read timed out
		at java.base/sun.nio.ch.NioSocketImpl.timedRead(NioSocketImpl.java:278)
		at com.example.shop.client.GatewayClient.post(GatewayClient.java:88)
		at com.example.shop.service.PaymentService.charge(PaymentService.java:54)
03-Oct-2026 19:56:21.107 INFO [http-nio-8080-exec-5] com.example.shop.web.OrderController.create Order created id=10638 customer=c-4108 total=224.01
03-Oct-2026 19:56:25.270 INFO [http-nio-8080-exec-7] com.example.shop.web.OrderController.create Order created id=10642 customer=c-2308 total=181.22
03-Oct-2026 19:56:26.189 SEVERE [http-nio-8080-exec-7] com.example.shop.service.PaymentService.charge Payment failed for order 10643
	java.net.SocketTimeoutException: Read timed out
		at java.base/sun.nio.ch.NioSocketImpl.timedRead(NioSocketImpl.java:278)
		at com.example.shop.client.GatewayClient.post(GatewayClient.java:88)
		at com.example.shop.service.PaymentService.charge(PaymentService.java:54)
03-Oct-2026 19:56:30.145 SEVERE [http-nio-8080-exec-9] com.example.shop.service.PaymentService.charge Payment failed for order 10646
	java.net.SocketTimeoutException: Read timed out
		at java.base/sun.nio.ch.NioSocketImpl.timedRead(NioSocketImpl.java:278)
		at com.example.shop.client.GatewayClient.post(GatewayClient.java:88)
		at com.example.shop.service.PaymentService.charge(PaymentService.java:54)
03-Oct-2026 19:56:33.132 INFO [Catalina-utility-2] org.apache.catalina.core.StandardContext.reload Reloading Context with name [/shop] has started
03-Oct-2026 19:56:35.221 INFO [http-nio-8080-exec-4] com.example.shop.web.OrderController.create Order created id=10655 customer=c-1867 total=163.90
03-Oct-2026 19:56:37.178 INFO [http-nio-8080-exec-3] com.example.shop.web.OrderController.create Order created id=10657 customer=c-3575 total=81.26
03-Oct-2026 19:56:39.117 INFO [Catalina-utility-1] org.apache.catalina.core.StandardContext.reload Reloading Context with name [/shop] has started
03-Oct-2026 19:56:39.209 INFO [http-nio-8080-exec-10] com.example.shop.web.OrderController.create Order created id=10661 customer=c-2025 total=185.65
03-Oct-2026 19:56:43.074 WARNING [http-nio-8080-exec-9] com.example.shop.service.PaymentService.charge Payment gateway slow response: 2792 ms (threshold 1500 ms)
03-Oct-2026 19:56:43.232 INFO [http-nio-8080-exec-2] com.example.shop.web.OrderController.create Order created id=10665 customer=c-1903 total=276.77
03-Oct-2026 19:56:45.225 INFO [http-nio-8080-exec-1] com.example.shop.web.OrderController.create Order created id=10666 customer=c-2051 total=116.13
03-Oct-2026 19:57:23.156 INFO [http-nio-8080-exec-9] com.example.shop.web.OrderController.create Order created id=10606 customer=c-1976 total=7.62
03-Oct-2026 19:57:23.185 INFO [http-nio-8080-exec-10] com.example.shop.web.OrderController.create Order created id=10607 customer=c-4724 total=18.13
03-Oct-2026 19:57:23.200 INFO [http-nio-8080-exec-4] com.example.shop.web.OrderController.create Order created id=10608 customer=c-3598 total=76.86
03-Oct-2026 19:57:28.232 INFO [http-nio-8080-exec-2] com.example.shop.web.OrderController.create Order created id=10616 customer=c-2503 total=140.34
03-Oct-2026 19:57:28.484 INFO [http-nio-8080-exec-4] com.example.shop.web.OrderController.create Order created id=10619 customer=c-3753 total=132.63
03-Oct-2026 19:57:30.325 INFO [http-nio-8080-exec-8] com.example.shop.web.OrderController.create Order created id=10622 customer=c-2287 total=270.32
03-Oct-2026 19:57:31.250 INFO [http-nio-8080-exec-3] com.example.shop.web.OrderController.create Order created id=10623 customer=c-4458 total=179.54
03-Oct-2026 19:57:32.355 INFO [http-nio-8080-exec-5] com.example.shop.web.OrderController.create Order created id=10626 customer=c-4546 total=79.57
03-Oct-2026 19:57:33.096 WARNING [http-nio-8080-exec-6] com.example.shop.service.PaymentService.charge Payment gateway slow response: 3527 ms (threshold 1500 ms)
03-Oct-2026 19:57:33.248 WARNING [http-nio-8080-exec-5] com.example.shop.service.PaymentService.charge Payment gateway slow response: 3676 ms (threshold 1500 ms)
03-Oct-2026 19:57:33.310 INFO [http-nio-8080-exec-1] com.example.shop.web.OrderController.create Order created id=10630 customer=c-4392 total=18.43
03-Oct-2026 19:57:34.414 INFO [http-nio-8080-exec-3] com.example.shop.web.OrderController.create Order created id=10634 customer=c-2163 total=84.76
03-Oct-2026 19:57:35.231 INFO [http-nio-8080-exec-3] com.example.shop.web.OrderController.create Order created id=10635 customer=c-1000 total=64.69
03-Oct-2026 19:57:36.157 INFO [http-nio-8080-exec-9] com.example.shop.web.OrderController.create Order created id=10637 customer=c-3600 total=261.09
03-Oct-2026 19:57:37.246 INFO [http-nio-8080-exec-5] com.example.shop.web.OrderController.create Order created id=10638 customer=c-4366 total=254.01
03-Oct-2026 19:57:38.406 INFO [http-nio-8080-exec-7] com.example.shop.web.OrderController.create Order created id=10642 customer=c-2761 total=122.44
03-Oct-2026 19:57:39.404 INFO [http-nio-8080-exec-9] com.example.shop.web.OrderController.create Order created id=10645 customer=c-4469 total=80.99
03-Oct-2026 19:57:41.127 INFO [http-nio-8080-exec-10] com.example.shop.web.OrderController.create Order created id=10648 customer=c-2619 total=265.58
03-Oct-2026 19:57:41.181 INFO [http-nio-8080-exec-7] com.example.shop.web.OrderController.create Order created id=10649 customer=c-1444 total=87.47
03-Oct-2026 19:57:42.350 INFO [http-nio-8080-exec-3] com.example.shop.web.OrderController.create Order created id=10652 customer=c-4985 total=175.05
03-Oct-2026 19:57:43.239 INFO [http-nio-8080-exec-10] com.example.shop.web.OrderController.create Order created id=10653 customer=c-4096 total=36.79
03-Oct-2026 19:57:43.470 INFO [http-nio-8080-exec-7] com.example.shop.web.OrderController.create Order created id=10655 customer=c-4540 total=257.88
03-Oct-2026 19:57:48.039 INFO [http-nio-8080-exec-4] com.example.shop.web.OrderController.create Order created id=10667 customer=c-2211 total=251.65
03-Oct-2026 19:57:52.062 INFO [http-nio-8080-exec-8] com.example.shop.web.OrderController.create Order created id=10678 customer=c-4385 total=237.95
03-Oct-2026 19:57:53.413 SEVERE [http-nio-8080-exec-8] com.example.shop.service.PaymentService.charge Payment failed for order 10683
	java.net.SocketTimeoutException: Read timed out
		at java.base/sun.nio.ch.NioSocketImpl.timedRead(NioSocketImpl.java:278)
		at com.example.shop.client.GatewayClient.post(GatewayClient.java:88)
		at com.example.shop.service.PaymentService.charge(PaymentService.java:54)
03-Oct-2026 19:57:54.086 SEVERE [http-nio-8080-exec-2] com.example.shop.service.PaymentService.charge Payment failed for order 10685
	java.net.SocketTimeoutException: Read timed out
		at java.base/sun.nio.ch.NioSocketImpl.timedRead(NioSocketImpl.java:278)
		at com.example.shop.client.GatewayClient.post(GatewayClient.java:88)
		at com.example.shop.service.PaymentService.charge(PaymentService.java:54)
03-Oct-2026 19:57:54.252 INFO [http-nio-8080-exec-8] com.example.shop.web.OrderController.create Order created id=10686 customer=c-1681 total=245.78
03-Oct-2026 19:57:54.387 INFO [http-nio-8080-exec-3] com.example.shop.web.OrderController.create Order created id=10688 customer=c-3369 total=288.98
03-Oct-2026 19:57:55.162 WARNING [http-nio-8080-exec-1] com.example.shop.service.PaymentService.charge Payment gateway slow response: 2978 ms (threshold 1500 ms)
03-Oct-2026 19:57:55.286 SEVERE [http-nio-8080-exec-6] com.example.shop.service.PaymentService.charge Payment failed for order 10692
	java.net.SocketTimeoutException: Read timed out
		at java.base/sun.nio.ch.NioSocketImpl.timedRead(NioSocketImpl.java:278)
		at com.example.shop.client.GatewayClient.post(GatewayClient.java:88)
		at com.example.shop.service.PaymentService.charge(PaymentService.java:54)
03-Oct-2026 19:57:56.426 INFO [http-nio-8080-exec-7] com.example.shop.web.OrderController.create Order created id=10695 customer=c-2805 total=224.59
03-Oct-2026 19:57:57.422 INFO [http-nio-8080-exec-3] com.example.shop.web.OrderController.create Order created id=10696 customer=c-4305 total=159.46
03-Oct-2026 19:57:57.507 INFO [http-nio-8080-exec-6] com.example.shop.web.OrderController.create Order created id=10697 customer=c-3547 total=288.23
03-Oct-2026 19:58:02.083 INFO [http-nio-8080-exec-6] com.example.shop.web.OrderController.create Order created id=10701 customer=c-3131 total=73.60
03-Oct-2026 19:58:03.131 INFO [http-nio-8080-exec-6] com.example.shop.web.OrderController.create Order created id=10704 customer=c-2018 total=213.61
03-Oct-2026 19:58:03.181 WARNING [http-nio-8080-exec-8] com.example.shop.service.PaymentService.charge Payment gateway slow response: 2864 ms (threshold 1500 ms)
03-Oct-2026 19:58:04.123 WARNING [http-nio-8080-exec-5] com.example.shop.service.PaymentService.charge Payment gateway slow response: 2994 ms (threshold 1500 ms)
03-Oct-2026 19:58:04.207 INFO [http-nio-8080-exec-1] com.example.shop.web.OrderController.create Order created id=10710 customer=c-1478 total=107.11
03-Oct-2026 19:58:04.385 WARNING [http-nio-8080-exec-2] com.example.shop.service.PaymentService.charge Payment gateway slow response: 2806 ms (threshold 1500 ms)
03-Oct-2026 19:58:11.446 INFO [http-nio-8080-exec-5] com.example.shop.web.OrderController.create Order created id=10728 customer=c-1259 total=43.55
03-Oct-2026 19:58:12.010 INFO [http-nio-8080-exec-7] com.example.shop.web.OrderController.create Order created id=10729 customer=c-2381 total=96.94
03-Oct-2026 19:58:13.285 INFO [http-nio-8080-exec-10] com.example.shop.web.OrderController.create Order created id=10731 customer=c-2554 total=267.58
03-Oct-2026 19:58:13.348 INFO [http-nio-8080-exec-10] com.example.shop.web.OrderController.create Order created id=10732 customer=c-2387 total=7.81
03-Oct-2026 19:58:14.191 INFO [http-nio-8080-exec-5] com.example.shop.web.OrderController.create Order created id=10733 customer=c-2564 total=221.93
03-Oct-2026 19:58:15.145 INFO [Catalina-utility-2] org.apache.catalina.core.StandardContext.reload Reloading Context with name [/shop] has started
03-Oct-2026 19:58:17.116 INFO [Catalina-utility-2] org.apache.catalina.core.StandardContext.reload Reloading Context with name [/shop] has started
03-Oct-2026 19:58:18.246 WARNING [http-nio-8080-exec-4] com.example.shop.service.PaymentService.charge Payment gateway slow response: 2345 ms (threshold 1500 ms)
03-Oct-2026 19:58:19.324 INFO [http-nio-8080-exec-3] com.example.shop.web.OrderController.create Order created id=10742 customer=c-3203 total=220.98
03-Oct-2026 19:58:39.279 INFO [http-nio-8080-exec-1] com.example.shop.web.OrderController.create Order created id=10624 customer=c-4590 total=133.72
03-Oct-2026 19:58:39.396 INFO [http-nio-8080-exec-3] com.example.shop.web.OrderController.create Order created id=10626 customer=c-3361 total=208.38
03-Oct-2026 19:58:41.420 INFO [http-nio-8080-exec-2] com.example.shop.web.OrderController.create Order created id=10632 customer=c-1221 total=124.39
03-Oct-2026 19:58:42.999 WARNING [http-nio-8080-exec-4] com.example.shop.service.PaymentService.charge Payment gateway slow response: 2273 ms (threshold 1500 ms)
03-Oct-2026 19:58:42.999 INFO [Catalina-utility-2] org.apache.catalina.core.StandardContext.reload Reloading Context with name [/shop] has started
03-Oct-2026 19:58:43.766 INFO [http-nio-8080-exec-8] com.example.shop.web.OrderController.create Order created id=10648 customer=c-3679 total=281.23
03-Oct-2026 19:58:43.964 INFO [http-nio-8080-exec-9] com.example.shop.web.OrderController.create Order created id=10649 customer=c-4294 total=34.46
03-Oct-2026 19:58:43.999 INFO [http-nio-8080-exec-3] com.example.shop.web.OrderController.create Order created id=10653 customer=c-1144 total=292.48
03-Oct-2026 19:58:44.043 INFO [http-nio-8080-exec-8] com.example.shop.web.OrderController.create Order created id=10655 customer=c-4004 total=261.89
03-Oct-2026 19:58:44.184 INFO [http-nio-8080-exec-10] com.example.shop.web.OrderController.create Order created id=10657 customer=c-2780 total=93.62
03-Oct-2026 19:58:44.305 INFO [http-nio-8080-exec-1] com.example.shop.web.OrderController.create Order created id=10658 customer=c-2213 total=150.58
03-Oct-2026 19:58:44.569 INFO [http-nio-8080-exec-1] com.example.shop.web.OrderController.create Order created id=10659 customer=c-3890 total=79.58
03-Oct-2026 19:58:44.903 INFO [http-nio-8080-exec-9] com.example.shop.web.OrderController.create Order created id=10661 customer=c-1151 total=102.51
03-Oct-2026 19:58:45.198 INFO [http-nio-8080-exec-9] com.example.shop.web.OrderController.create Order created id=10664 customer=c-2702 total=163.09
03-Oct-2026 19:58:45.304 SEVERE [http-nio-8080-exec-2] com.example.shop.service.PaymentService.charge Payment failed for order 10666
	java.net.SocketTimeoutException: Read timed out
		at java.base/sun.nio.ch.NioSocketImpl.timedRead(NioSocketImpl.java:278)
		at com.example.shop.client.GatewayClient.post(GatewayClient.java:88)
		at com.example.shop.service.PaymentService.charge(PaymentService.java:54)
03-Oct-2026 19:58:45.613 INFO [http-nio-8080-exec-4] com.example.shop.web.OrderController.create Order created id=10669 customer=c-3282 total=221.33
03-Oct-2026 19:58:45.999 INFO [http-nio-8080-exec-4] com.example.shop.web.OrderController.create Order created id=10673 customer=c-1614 total=52.50
03-Oct-2026 19:58:46.287 INFO [http-nio-8080-exec-3] com.example.shop.web.OrderController.create Order created id=10676 customer=c-4606 total=49.52
03-Oct-2026 19:58:46.940 INFO [http-nio-8080-exec-4] com.example.shop.web.OrderController.create Order created id=10681 customer=c-1013 total=32.35
03-Oct-2026 19:58:46.999 SEVERE [http-nio-8080-exec-5] com.example.shop.service.PaymentService.charge Payment failed for order 10682
	java.net.SocketTimeoutException: Read timed out
		at java.base/sun.nio.ch.NioSocketImpl.timedRead(NioSocketImpl.java:278)
		at com.example.shop.client.GatewayClient.post(GatewayClient.java:88)
		at com.example.shop.service.PaymentService.charge(PaymentService.java:54)
03-Oct-2026 19:58:46.999 SEVERE [http-nio-8080-exec-9] com.example.shop.service.PaymentService.charge Payment failed for order 10684
	java.net.SocketTimeoutException: Read timed out
		at java.base/sun.nio.ch.NioSocketImpl.timedRead(NioSocketImpl.java:278)
		at com.example.shop.client.GatewayClient.post(GatewayClient.java:88)
		at com.example.shop.service.PaymentService.charge(PaymentService.java:54)
03-Oct-2026 19:58:47.249 INFO [http-nio-8080-exec-5] com.example.shop.web.OrderController.create Order created id=10685 customer=c-1692 total=48.57
03-Oct-2026 19:58:47.999 INFO [http-nio-8080-exec-3] com.example.shop.web.OrderController.create Order created id=10689 customer=c-1403 total=176.36
03-Oct-2026 19:58:47.999 WARNING [http-nio-8080-exec-3] com.example.shop.service.PaymentService.charge Payment gateway slow response: 3419 ms (threshold 1500 ms)
03-Oct-2026 19:58:48.188 INFO [http-nio-8080-exec-1] com.example.shop.web.OrderController.create Order created id=10694 customer=c-2015 total=56.06
03-Oct-2026 19:58:48.834 INFO [http-nio-8080-exec-7] com.example.shop.web.OrderController.create Order created id=10696 customer=c-3942 total=96.70
03-Oct-2026 19:58:49.035 INFO [http-nio-8080-exec-7] com.example.shop.web.OrderController.create Order created id=10698 customer=c-3345 total=169.18
03-Oct-2026 19:58:49.206 WARNING [http-nio-8080-exec-7] com.example.shop.service.PaymentService.charge Payment gateway slow response: 2907 ms (threshold 1500 ms)
03-Oct-2026 19:58:49.879 INFO [http-nio-8080-exec-10] com.example.shop.web.OrderController.create Order created id=10703 customer=c-4998 total=254.65
03-Oct-2026 19:58:50.379 WARNING [http-nio-8080-exec-9] com.example.shop.service.PaymentService.charge Payment gateway slow response: 3211 ms (threshold 1500 ms)
03-Oct-2026 19:58:51.116 INFO [Catalina-utility-2] org.apache.catalina.core.StandardContext.reload Reloading Context with name [/shop] has started
03-Oct-2026 19:58:51.303 INFO [http-nio-8080-exec-1] com.example.shop.web.OrderController.create Order created id=10713 customer=c-4404 total=0.97
03-Oct-2026 19:58:51.999 INFO [http-nio-8080-exec-7] com.example.shop.web.OrderController.create Order created id=10717 customer=c-3323 total=95.55
03-Oct-2026 19:58:51.999 INFO [http-nio-8080-exec-10] com.example.shop.web.OrderController.create Order created id=10720 customer=c-3650 total=277.20
03-Oct-2026 19:58:52.626 INFO [http-nio-8080-exec-6] com.example.shop.web.OrderController.create Order created id=10724 customer=c-4306 total=55.93
03-Oct-2026 19:58:53.264 INFO [http-nio-8080-exec-4] com.example.shop.web.OrderController.create Order created id=10728 customer=c-1123 total=221.12
03-Oct-2026 19:58:53.358 INFO [http-nio-8080-exec-4] com.example.shop.web.OrderController.create Order created id=10729 customer=c-4292 total=180.50
03-Oct-2026 19:58:53.804 INFO [http-nio-8080-exec-8] com.example.shop.web.OrderController.create Order created id=10732 customer=c-3325 total=3.40
03-Oct-2026 19:58:53.999 SEVERE [http-nio-8080-exec-5] com.example.shop.service.PaymentService.charge Payment failed for order 10733
	java.net.SocketTimeoutException: Read timed out
		at java.base/sun.nio.ch.NioSocketImpl.timedRead(NioSocketImpl.java:278)
		at com.example.shop.client.GatewayClient.post(GatewayClient.java:88)
		at com.example.shop.service.PaymentService.charge(PaymentService.java:54)
03-Oct-2026 19:58:54.003 WARNING [http-nio-8080-exec-4] com.example.shop.service.PaymentService.charge Payment gateway slow response: 3226 ms (threshold 1500 ms)
03-Oct-2026 19:58:54.087 WARNING [http-nio-8080-exec-7] com.example.shop.service.PaymentService.charge Payment gateway slow response: 1715 ms (threshold 1500 ms)
03-Oct-2026 19:58:54.241 INFO [http-nio-8080-exec-8] com.example.shop.web.OrderController.create Order created id=10737 customer=c-2701 total=166.53
03-Oct-2026 19:58:54.732 INFO [Catalina-utility-1] org.apache.catalina.core.StandardContext.reload Reloading Context with name [/shop] has started
03-Oct-2026 19:58:54.880 INFO [http-nio-8080-exec-8] com.example.shop.web.OrderController.create Order created id=10741 customer=c-3818 total=229.97
03-Oct-2026 19:58:54.965 WARNING [http-nio-8080-exec-1] com.example.shop.service.PaymentService.charge Payment gateway slow response: 1558 ms (threshold 1500 ms)
03-Oct-2026 19:58:54.999 WARNING [http-nio-8080-exec-3] com.example.shop.service.PaymentService.charge Payment gateway slow response: 2539 ms (threshold 1500 ms)
03-Oct-2026 19:58:55.677 INFO [http-nio-8080-exec-9] com.example.shop.web.OrderController.create Order created id=10746 customer=c-1287 total=280.70
03-Oct-2026 19:58:55.910 INFO [http-nio-8080-exec-8] com.example.shop.web.OrderController.create Order created id=10747 customer=c-3603 total=75.15
03-Oct-2026 19:58:55.999 INFO [http-nio-8080-exec-7] com.example.shop.web.OrderController.create Order created id=10748 customer=c-1702 total=5.67
03-Oct-2026 19:58:56.739 INFO [Catalina-utility-1] org.apache.catalina.core.StandardContext.reload Reloading Context with name [/shop] has started
03-Oct-2026 19:58:56.903 INFO [http-nio-8080-exec-5] com.example.shop.web.OrderController.create Order created id=10755 customer=c-1068 total=101.10
03-Oct-2026 19:58:57.448 INFO [http-nio-8080-exec-7] com.example.shop.web.OrderController.create Order created id=10759 customer=c-2176 total=85.94
03-Oct-2026 19:58:59.161 SEVERE [http-nio-8080-exec-8] com.example.shop.service.PaymentService.charge Payment failed for order 10770
	java.net.SocketTimeoutException: Read timed out
		at java.base/sun.nio.ch.NioSocketImpl.timedRead(NioSocketImpl.java:278)
		at com.example.shop.client.GatewayClient.post(GatewayClient.java:88)
		at com.example.shop.service.PaymentService.charge(PaymentService.java:54)
03-Oct-2026 19:58:59.337 WARNING [http-nio-8080-exec-3] com.example.shop.service.PaymentService.charge Payment gateway slow response: 2948 ms (threshold 1500 ms)
03-Oct-2026 19:58:59.999 SEVERE [http-nio-8080-exec-3] com.example.shop.service.PaymentService.charge Payment failed for order 10776
	java.net.SocketTimeoutException: Read timed out
		at java.base/sun.nio.ch.NioSocketImpl.timedRead(NioSocketImpl.java:278)
		at com.example.shop.client.GatewayClient.post(GatewayClient.java:88)
		at com.example.shop.service.PaymentService.charge(PaymentService.java:54)
03-Oct-2026 19:58:59.999 INFO [http-nio-8080-exec-9] com.example.shop.web.OrderController.create Order created id=10778 customer=c-4141 total=72.37
03-Oct-2026 19:59:00.170 INFO [http-nio-8080-exec-1] com.example.shop.web.OrderController.create Order created id=10781 customer=c-4674 total=197.39
03-Oct-2026 19:59:00.598 SEVERE [http-nio-8080-exec-2] com.example.shop.service.PaymentService.charge Payment failed for order 10784
	java.net.SocketTimeoutException: Read timed out
		at java.base/sun.nio.ch.NioSocketImpl.timedRead(NioSocketImpl.java:278)
		at com.example.shop.client.GatewayClient.post(GatewayClient.java:88)
		at com.example.shop.service.PaymentService.charge(PaymentService.java:54)
03-Oct-2026 19:59:01.429 INFO [http-nio-8080-exec-10] com.example.shop.web.OrderController.create Order created id=10789 customer=c-1450 total=112.88
03-Oct-2026 19:59:01.999 SEVERE [http-nio-8080-exec-4] com.example.shop.service.PaymentService.charge Payment failed for order 10792
	java.net.SocketTimeoutException: Read timed out
		at java.base/sun.nio.ch.NioSocketImpl.timedRead(NioSocketImpl.java:278)
		at com.example.shop.client.GatewayClient.post(GatewayClient.java:88)
		at com.example.shop.service.PaymentService.charge(PaymentService.java:54)
03-Oct-2026 19:59:01.999 INFO [http-nio-8080-exec-9] com.example.shop.web.OrderController.create Order created id=10793 customer=c-3439 total=291.58
03-Oct-2026 19:59:01.999 INFO [http-nio-8080-exec-9] com.example.shop.web.OrderController.create Order created id=10795 customer=c-2373 total=21.36
03-Oct-2026 19:59:02.999 INFO [http-nio-8080-exec-6] com.example.shop.web.OrderController.create Order created id=10798 customer=c-3647 total=255.85
03-Oct-2026 19:59:03.211 INFO [http-nio-8080-exec-8] com.example.shop.web.OrderController.create Order created id=10800 customer=c-3301 total=159.01
03-Oct-2026 19:59:03.567 WARNING [http-nio-8080-exec-1] com.example.shop.service.PaymentService.charge Payment gateway slow response: 2592 ms (threshold 1500 ms)
03-Oct-2026 19:59:03.929 INFO [http-nio-8080-exec-9] com.example.shop.web.OrderController.create Order created id=10804 customer=c-3757 total=7.39
03-Oct-2026 19:59:04.999 SEVERE [http-nio-8080-exec-7] com.example.shop.service.PaymentService.charge Payment failed for order 10816
	java.net.SocketTimeoutException: Read timed out
		at java.base/sun.nio.ch.NioSocketImpl.timedRead(NioSocketImpl.java:278)
		at com.example.shop.client.GatewayClient.post(GatewayClient.java:88)
		at com.example.shop.service.PaymentService.charge(PaymentService.java:54)
03-Oct-2026 19:59:05.637 INFO [http-nio-8080-exec-9] com.example.shop.web.OrderController.create Order created id=10818 customer=c-4099 total=39.54
03-Oct-2026 19:59:05.999 INFO [http-nio-8080-exec-3] com.example.shop.web.OrderController.create Order created id=10822 customer=c-3514 total=170.36
03-Oct-2026 19:59:06.249 INFO [http-nio-8080-exec-10] com.example.shop.web.OrderController.create Order created id=10827 customer=c-2893 total=291.81
03-Oct-2026 19:59:06.480 INFO [http-nio-8080-exec-3] com.example.shop.web.OrderController.create Order created id=10829 customer=c-3592 total=142.93
03-Oct-2026 19:59:07.971 INFO [http-nio-8080-exec-6] com.example.shop.web.OrderController.create Order created id=10836 customer=c-1355 total=64.26
03-Oct-2026 19:59:08.213 INFO [http-nio-8080-exec-5] com.example.shop.web.OrderController.create Order created id=10838 customer=c-4121 total=296.99
03-Oct-2026 19:59:08.437 INFO [http-nio-8080-exec-6] com.example.shop.web.OrderController.create Order created id=10840 customer=c-3342 total=23.66
03-Oct-2026 19:59:08.734 INFO [http-nio-8080-exec-8] com.example.shop.web.OrderController.create Order created id=10844 customer=c-4258 total=157.44
03-Oct-2026 19:59:08.999 INFO [Catalina-utility-1] org.apache.catalina.core.StandardContext.reload Reloading Context with name [/shop] has started
03-Oct-2026 19:59:08.999 INFO [http-nio-8080-exec-5] com.example.shop.web.OrderController.create Order created id=10848 customer=c-3644 total=30.04
03-Oct-2026 19:59:09.714 SEVERE [http-nio-8080-exec-7] com.example.shop.service.PaymentService.charge Payment failed for order 10851
	java.net.SocketTimeoutException: Read timed out
		at java.base/sun.nio.ch.NioSocketImpl.timedRead(NioSocketImpl.java:278)
		at com.example.shop.client.GatewayClient.post(GatewayClient.java:88)
		at com.example.shop.service.PaymentService.charge(PaymentService.java:54)
03-Oct-2026 19:59:10.278 INFO [Catalina-utility-1] org.apache.catalina.core.StandardContext.reload Reloading Context with name [/shop] has started
03-Oct-2026 19:59:10.890 INFO [Catalina-utility-1] org.apache.catalina.core.StandardContext.reload Reloading Context with name [/shop] has started
03-Oct-2026 19:59:10.999 INFO [http-nio-8080-exec-1] com.example.shop.web.OrderController.create Order created id=10859 customer=c-4511 total=5.72
03-Oct-2026 19:59:10.999 INFO [http-nio-8080-exec-10] com.example.shop.web.OrderController.create Order created id=10860 customer=c-3166 total=53.60
03-Oct-2026 19:59:11.082 INFO [http-nio-8080-exec-2] com.example.shop.web.OrderController.create Order created id=10861 customer=c-1062 total=229.34
03-Oct-2026 19:59:11.934 WARNING [http-nio-8080-exec-5] com.example.shop.service.PaymentService.charge Payment gateway slow response: 3918 ms (threshold 1500 ms)
03-Oct-2026 19:59:11.999 INFO [http-nio-8080-exec-8] com.example.shop.web.OrderController.create Order created id=10871 customer=c-2611 total=120.64
03-Oct-2026 19:59:12.121 INFO [http-nio-8080-exec-9] com.example.shop.web.OrderController.create Order created id=10873 customer=c-3901 total=245.31
03-Oct-2026 19:59:12.764 INFO [http-nio-8080-exec-1] com.example.shop.web.OrderController.create Order created id=10876 customer=c-4760 total=53.55
03-Oct-2026 19:59:12.999 INFO [http-nio-8080-exec-5] com.example.shop.web.OrderController.create Order created id=10879 customer=c-2252 total=29.79
03-Oct-2026 19:59:13.186 INFO [http-nio-8080-exec-6] com.example.shop.web.OrderController.create Order created id=10880 customer=c-4972 total=96.74
03-Oct-2026 19:59:13.676 SEVERE [http-nio-8080-exec-3] com.example.shop.service.PaymentService.charge Payment failed for order 10883
	java.net.SocketTimeoutException: Read timed out
		at java.base/sun.nio.ch.NioSocketImpl.timedRead(NioSocketImpl.java:278)
		at com.example.shop.client.GatewayClient.post(GatewayClient.java:88)
		at com.example.shop.service.PaymentService.charge(PaymentService.java:54)
03-Oct-2026 19:59:13.712 SEVERE [http-nio-8080-exec-10] com.example.shop.service.PaymentService.charge Payment failed for order 10884
	java.net.SocketTimeoutException: Read timed out
		at java.base/sun.nio.ch.NioSocketImpl.timedRead(NioSocketImpl.java:278)
		at com.example.shop.client.GatewayClient.post(GatewayClient.java:88)
		at com.example.shop.service.PaymentService.charge(PaymentService.java:54)
03-Oct-2026 19:59:14.570 SEVERE [http-nio-8080-exec-5] com.example.shop.service.PaymentService.charge Payment failed for order 10892
	java.net.SocketTimeoutException: Read timed out
		at java.base/sun.nio.ch.NioSocketImpl.timedRead(NioSocketImpl.java:278)
		at com.example.shop.client.GatewayClient.post(GatewayClient.java:88)
		at com.example.shop.service.PaymentService.charge(PaymentService.java:54)
03-Oct-2026 19:59:14.690 WARNING [http-nio-8080-exec-3] com.example.shop.service.PaymentService.charge Payment gateway slow response: 3077 ms (threshold 1500 ms)
03-Oct-2026 19:59:14.780 INFO [http-nio-8080-exec-9] com.example.shop.web.OrderController.create Order created id=10894 customer=c-4381 total=121.12
03-Oct-2026 19:59:15.054 INFO [http-nio-8080-exec-4] com.example.shop.web.OrderController.create Order created id=10897 customer=c-4782 total=39.42
03-Oct-2026 19:59:15.137 WARNING [http-nio-8080-exec-6] com.example.shop.service.PaymentService.charge Payment gateway slow response: 2901 ms (threshold 1500 ms)
03-Oct-2026 19:59:15.366 INFO [http-nio-8080-exec-2] com.example.shop.web.OrderController.create Order created id=10899 customer=c-2596 total=279.90
03-Oct-2026 19:59:16.073 INFO [http-nio-8080-exec-2] com.example.shop.web.OrderController.create Order created id=10900 customer=c-2684 total=272.24
03-Oct-2026 19:59:16.284 INFO [http-nio-8080-exec-5] com.example.shop.web.OrderController.create Order created id=10901 customer=c-1044 total=241.74
03-Oct-2026 19:59:16.568 INFO [http-nio-8080-exec-2] com.example.shop.web.OrderController.create Order created id=10903 customer=c-4726 total=269.01
03-Oct-2026 19:59:17.106 INFO [Catalina-utility-1] org.apache.catalina.core.StandardContext.reload Reloading Context with name [/shop] has started
03-Oct-2026 19:59:17.377 INFO [http-nio-8080-exec-4] com.example.shop.web.OrderController.create Order created id=10910 customer=c-2322 total=9.34
03-Oct-2026 19:59:17.645 SEVERE [http-nio-8080-exec-7] com.example.shop.service.PaymentService.charge Payment failed for order 10912
	java.net.SocketTimeoutException: Read timed out
		at java.base/sun.nio.ch.NioSocketImpl.timedRead(NioSocketImpl.java:278)
		at com.example.shop.client.GatewayClient.post(GatewayClient.java:88)
		at com.example.shop.service.PaymentService.charge(PaymentService.java:54)
03-Oct-2026 19:59:17.999 SEVERE [http-nio-8080-exec-10] com.example.shop.service.PaymentService.charge Payment failed for order 10917
	java.net.SocketTimeoutException: Read timed out
		at java.base/sun.nio.ch.NioSocketImpl.timedRead(NioSocketImpl.java:278)
		at com.example.shop.client.GatewayClient.post(GatewayClient.java:88)
		at com.example.shop.service.PaymentService.charge(PaymentService.java:54)
03-Oct-2026 19:59:18.414 INFO [http-nio-8080-exec-3] com.example.shop.web.OrderController.create Order created id=10918 customer=c-1655 total=221.99
03-Oct-2026 19:59:18.999 INFO [http-nio-8080-exec-7] com.example.shop.web.OrderController.create Order created id=10919 customer=c-4486 total=107.87
03-Oct-2026 19:59:19.999 INFO [http-nio-8080-exec-7] com.example.shop.web.OrderController.create Order created id=10924 customer=c-4229 total=121.31
03-Oct-2026 19:59:20.248 INFO [http-nio-8080-exec-5] com.example.shop.web.OrderController.create Order created id=10926 customer=c-3148 total=181.96
03-Oct-2026 19:59:20.305 INFO [http-nio-8080-exec-10] com.example.shop.web.OrderController.create Order created id=10927 customer=c-4870 total=87.55
03-Oct-2026 19:59:20.851 INFO [http-nio-8080-exec-7] com.example.shop.web.OrderController.create Order created id=10930 customer=c-4014 total=140.28
03-Oct-2026 19:59:21.130 INFO [http-nio-8080-exec-6] com.example.shop.web.OrderController.create Order created id=10932 customer=c-2266 total=201.11
03-Oct-2026 19:59:21.446 INFO [http-nio-8080-exec-10] com.example.shop.web.OrderController.create Order created id=10933 customer=c-2154 total=97.39
03-Oct-2026 19:59:21.623 INFO [Catalina-utility-2] org.apache.catalina.core.StandardContext.reload Reloading Context with name [/shop] has started
03-Oct-2026 19:59:21.809 INFO [http-nio-8080-exec-2] com.example.shop.web.OrderController.create Order created id=10935 customer=c-1828 total=40.18
03-Oct-2026 19:59:22.906 INFO [http-nio-8080-exec-4] com.example.shop.web.OrderController.create Order created id=10943 customer=c-3981 total=43.06
03-Oct-2026 19:59:22.999 INFO [http-nio-8080-exec-9] com.example.shop.web.OrderController.create Order created id=10944 customer=c-2365 total=110.01
03-Oct-2026 19:59:23.845 WARNING [http-nio-8080-exec-6] com.example.shop.service.PaymentService.charge Payment gateway slow response: 1810 ms (threshold 1500 ms)
03-Oct-2026 19:59:23.976 WARNING [http-nio-8080-exec-3] com.example.shop.service.PaymentService.charge Payment gateway slow response: 3010 ms (threshold 1500 ms)
03-Oct-2026 19:59:24.128 INFO [Catalina-utility-1] org.apache.catalina.core.StandardContext.reload Reloading Context with name [/shop] has started
03-Oct-2026 19:59:24.761 INFO [http-nio-8080-exec-1] com.example.shop.web.OrderController.create Order created id=10956 customer=c-4930 total=220.13
03-Oct-2026 19:59:24.846 WARNING [http-nio-8080-exec-9] com.example.shop.service.PaymentService.charge Payment gateway slow response: 1549 ms (threshold 1500 ms)
03-Oct-2026 19:59:25.204 INFO [http-nio-8080-exec-6] com.example.shop.web.OrderController.create Order created id=10960 customer=c-1825 total=68.62
03-Oct-2026 19:59:25.270 INFO [http-nio-8080-exec-3] com.example.shop.web.OrderController.create Order created id=10961 customer=c-4974 total=54.20
03-Oct-2026 19:59:25.309 INFO [Catalina-utility-2] org.apache.catalina.core.StandardContext.reload Reloading Context with name [/shop] has started
03-Oct-2026 19:59:25.800 INFO [http-nio-8080-exec-9] com.example.shop.web.OrderController.create Order created id=10965 customer=c-4556 total=26.69
03-Oct-2026 19:59:25.999 SEVERE [http-nio-8080-exec-1] com.example.shop.service.PaymentService.charge Payment failed for order 10968
	java.net.SocketTimeoutException: Read timed out
		at java.base/sun.nio.ch.NioSocketImpl.timedRead(NioSocketImpl.java:278)
		at com.example.shop.client.GatewayClient.post(GatewayClient.java:88)
		at com.example.shop.service.PaymentService.charge(PaymentService.java:54)
03-Oct-2026 19:59:26.534 INFO [http-nio-8080-exec-4] com.example.shop.web.OrderController.create Order created id=10973 customer=c-1233 total=108.07
03-Oct-2026 19:59:26.609 INFO [http-nio-8080-exec-7] com.example.shop.web.OrderController.create Order created id=10974 customer=c-1148 total=286.17
03-Oct-2026 19:59:26.785 INFO [http-nio-8080-exec-8] com.example.shop.web.OrderController.create Order created id=10976 customer=c-2226 total=67.40
03-Oct-2026 19:59:26.999 INFO [http-nio-8080-exec-3] com.example.shop.web.OrderController.create Order created id=10977 customer=c-4794 total=122.56
03-Oct-2026 19:59:26.999 INFO [http-nio-8080-exec-1] com.example.shop.web.OrderController.create Order created id=10978 customer=c-4540 total=205.87
03-Oct-2026 19:59:27.310 WARNING [http-nio-8080-exec-1] com.example.shop.service.PaymentService.charge Payment gateway slow response: 1966 ms (threshold 1500 ms)
03-Oct-2026 19:59:27.743 INFO [http-nio-8080-exec-3] com.example.shop.web.OrderController.create Order created id=10984 customer=c-2708 total=15.24
03-Oct-2026 19:59:28.722 SEVERE [http-nio-8080-exec-5] com.example.shop.service.PaymentService.charge Payment failed for order 10992
	java.net.SocketTimeoutException: Read timed out
		at java.base/sun.nio.ch.NioSocketImpl.timedRead(NioSocketImpl.java:278)
		at com.example.shop.client.GatewayClient.post(GatewayClient.java:88)
		at com.example.shop.service.PaymentService.charge(PaymentService.java:54)
03-Oct-2026 19:59:29.568 INFO [http-nio-8080-exec-10] com.example.shop.web.OrderController.create Order created id=10996 customer=c-2501 total=6.63
03-Oct-2026 19:59:29.598 INFO [http-nio-8080-exec-7] com.example.shop.web.OrderController.create Order created id=10997 customer=c-1180 total=39.80
03-Oct-2026 19:59:30.628 INFO [http-nio-8080-exec-4] com.example.shop.web.OrderController.create Order created id=11005 customer=c-1633 total=162.83
03-Oct-2026 19:59:30.849 INFO [http-nio-8080-exec-8] com.example.shop.web.OrderController.create Order created id=11006 customer=c-3881 total=3.79
03-Oct-2026 19:59:31.535 INFO [http-nio-8080-exec-4] com.example.shop.web.OrderController.create Order created id=11008 customer=c-2559 total=235.65
03-Oct-2026 19:59:31.999 INFO [http-nio-8080-exec-2] com.example.shop.web.OrderController.create Order created id=11011 customer=c-2296 total=2.02
03-Oct-2026 19:59:32.027 INFO [http-nio-8080-exec-4] com.example.shop.web.OrderController.create Order created id=11012 customer=c-2035 total=136.30
03-Oct-2026 19:59:32.311 INFO [http-nio-8080-exec-5] com.example.shop.web.OrderController.create Order created id=11014 customer=c-2235 total=292.15
03-Oct-2026 19:59:32.657 INFO [http-nio-8080-exec-6] com.example.shop.web.OrderController.create Order created id=11015 customer=c-2828 total=50.34
03-Oct-2026 19:59:32.932 INFO [http-nio-8080-exec-10] com.example.shop.web.OrderController.create Order created id=11018 customer=c-3470 total=47.46
03-Oct-2026 19:59:33.185 SEVERE [http-nio-8080-exec-2] com.example.shop.service.PaymentService.charge Payment failed for order 11019
	java.net.SocketTimeoutException: Read timed out
		at java.base/sun.nio.ch.NioSocketImpl.timedRead(NioSocketImpl.java:278)
		at com.example.shop.client.GatewayClient.post(GatewayClient.java:88)
		at com.example.shop.service.PaymentService.charge(PaymentService.java:54)
03-Oct-2026 19:59:33.445 INFO [http-nio-8080-exec-3] com.example.shop.web.OrderController.create Order created id=11021 customer=c-1952 total=130.79
03-Oct-2026 19:59:33.721 INFO [http-nio-8080-exec-4] com.example.shop.web.OrderController.create Order created id=11023 customer=c-2237 total=194.12
03-Oct-2026 19:59:34.387 INFO [Catalina-utility-1] org.apache.catalina.core.StandardContext.reload Reloading Context with name [/shop] has started
03-Oct-2026 19:59:34.521 INFO [http-nio-8080-exec-8] com.example.shop.web.OrderController.create Order created id=11033 customer=c-2213 total=91.95
03-Oct-2026 19:59:34.802 WARNING [http-nio-8080-exec-9] com.example.shop.service.PaymentService.charge Payment gateway slow response: 1970 ms (threshold 1500 ms)
03-Oct-2026 19:59:34.999 INFO [http-nio-8080-exec-8] com.example.shop.web.OrderController.create Order created id=11037 customer=c-3313 total=1.51
03-Oct-2026 19:59:35.767 INFO [http-nio-8080-exec-1] com.example.shop.web.OrderController.create Order created id=11040 customer=c-4252 total=157.99
03-Oct-2026 19:59:35.999 WARNING [http-nio-8080-exec-5] com.example.shop.service.PaymentService.charge Payment gateway slow response: 1573 ms (threshold 1500 ms)
03-Oct-2026 19:59:36.356 INFO [http-nio-8080-exec-10] com.example.shop.web.OrderController.create Order created id=11047 customer=c-4985 total=121.44
03-Oct-2026 19:59:37.757 SEVERE [http-nio-8080-exec-3] com.example.shop.service.PaymentService.charge Payment failed for order 11051
	java.net.SocketTimeoutException: Read timed out
		at java.base/sun.nio.ch.NioSocketImpl.timedRead(NioSocketImpl.java:278)
		at com.example.shop.client.GatewayClient.post(GatewayClient.java:88)
		at com.example.shop.service.PaymentService.charge(PaymentService.java:54)
03-Oct-2026 19:59:37.767 INFO [http-nio-8080-exec-2] com.example.shop.web.OrderController.create Order created id=11052 customer=c-2547 total=37.00
03-Oct-2026 19:59:38.342 INFO [Catalina-utility-1] org.apache.catalina.core.StandardContext.reload Reloading Context with name [/shop] has started
03-Oct-2026 19:59:48.007 WARNING [http-nio-8080-exec-4] com.example.shop.service.PaymentService.charge Payment gateway slow response: 1899 ms (threshold 1500 ms)
03-Oct-2026 19:59:48.263 INFO [http-nio-8080-exec-1] com.example.shop.web.OrderController.create Order created id=10626 customer=c-1729 total=272.10
03-Oct-2026 19:59:49.529 WARNING [http-nio-8080-exec-6] com.example.shop.service.PaymentService.charge Payment gateway slow response: 3347 ms (threshold 1500 ms)
03-Oct-2026 19:59:50.069 INFO [http-nio-8080-exec-9] com.example.shop.web.OrderController.create Order created id=10641 customer=c-2719 total=148.21
03-Oct-2026 19:59:50.834 WARNING [http-nio-8080-exec-4] com.example.shop.service.PaymentService.charge Payment gateway slow response: 3119 ms (threshold 1500 ms)
03-Oct-2026 19:59:51.044 INFO [http-nio-8080-exec-3] com.example.shop.web.OrderController.create Order created id=10648 customer=c-3515 total=102.67
03-Oct-2026 19:59:51.118 SEVERE [http-nio-8080-exec-1] com.example.shop.service.PaymentService.charge Payment failed for order 10649
	java.net.SocketTimeoutException: Read timed out
		at java.base/sun.nio.ch.NioSocketImpl.timedRead(NioSocketImpl.java:278)
		at com.example.shop.client.GatewayClient.post(GatewayClient.java:88)
		at com.example.shop.service.PaymentService.charge(PaymentService.java:54)
03-Oct-2026 19:59:52.115 SEVERE [http-nio-8080-exec-2] com.example.shop.service.PaymentService.charge Payment failed for order 10655
	java.net.SocketTimeoutException: Read timed out
		at java.base/sun.nio.ch.NioSocketImpl.timedRead(NioSocketImpl.java:278)
		at com.example.shop.client.GatewayClient.post(GatewayClient.java:88)
		at com.example.shop.service.PaymentService.charge(PaymentService.java:54)
03-Oct-2026 19:59:52.501 INFO [http-nio-8080-exec-1] com.example.shop.web.OrderController.create Order created id=10658 customer=c-1181 total=77.64
03-Oct-2026 19:59:52.510 INFO [http-nio-8080-exec-9] com.example.shop.web.OrderController.create Order created id=10659 customer=c-1539 total=198.35
03-Oct-2026 19:59:53.372 WARNING [http-nio-8080-exec-5] com.example.shop.service.PaymentService.charge Payment gateway slow response: 3983 ms (threshold 1500 ms)
03-Oct-2026 19:59:53.525 WARNING [http-nio-8080-exec-5] com.example.shop.service.PaymentService.charge Payment gateway slow response: 2591 ms (threshold 1500 ms)
03-Oct-2026 19:59:53.880 INFO [http-nio-8080-exec-1] com.example.shop.web.OrderController.create Order created id=10665 customer=c-1924 total=84.42
03-Oct-2026 19:59:53.891 INFO [http-nio-8080-exec-4] com.example.shop.web.OrderController.create Order created id=10666 customer=c-3435 total=258.25
03-Oct-2026 19:59:55.123 WARNING [http-nio-8080-exec-3] com.example.shop.service.PaymentService.charge Payment gateway slow response: 3390 ms (threshold 1500 ms)
03-Oct-2026 19:59:55.360 INFO [http-nio-8080-exec-10] com.example.shop.web.OrderController.create Order created id=10678 customer=c-1615 total=193.08
03-Oct-2026 19:59:55.445 INFO [http-nio-8080-exec-4] com.example.shop.web.OrderController.create Order created id=10679 customer=c-3859 total=6.19
03-Oct-2026 19:59:55.775 INFO [http-nio-8080-exec-7] com.example.shop.web.OrderController.create Order created id=10682 customer=c-1365 total=290.57
03-Oct-2026 19:59:56.343 WARNING [http-nio-8080-exec-1] com.example.shop.service.PaymentService.charge Payment gateway slow response: 2442 ms (threshold 1500 ms)
03-Oct-2026 19:59:56.997 INFO [http-nio-8080-exec-10] com.example.shop.web.OrderController.create Order created id=10686 customer=c-4522 total=228.09
03-Oct-2026 19:59:59.406 INFO [http-nio-8080-exec-10] com.example.shop.web.OrderController.create Order created id=10701 customer=c-4337 total=195.54
03-Oct-2026 19:59:59.745 WARNING [http-nio-8080-exec-2] com.example.shop.service.PaymentService.charge Payment gateway slow response: 1937 ms (threshold 1500 ms)
03-Oct-2026 19:59:59.923 INFO [http-nio-8080-exec-1] com.example.shop.web.OrderController.create Order created id=10705 customer=c-3598 total=115.60
03-Oct-2026 20:00:00.999 INFO [http-nio-8080-exec-1] com.example.shop.web.OrderController.create Order created id=10711 customer=c-2139 total=98.94
03-Oct-2026 20:00:01.088 INFO [http-nio-8080-exec-7] com.example.shop.web.OrderController.create Order created id=10713 customer=c-3876 total=111.33
03-Oct-2026 20:00:01.627 INFO [http-nio-8080-exec-8] com.example.shop.web.OrderController.create Order created id=10716 customer=c-3125 total=240.50
03-Oct-2026 20:00:01.999 INFO [http-nio-8080-exec-7] com.example.shop.web.OrderController.create Order created id=10719 customer=c-1489 total=155.32
03-Oct-2026 20:00:01.999 INFO [Catalina-utility-1] org.apache.catalina.core.StandardContext.reload Reloading Context with name [/shop] has started
03-Oct-2026 20:00:01.999 INFO [http-nio-8080-exec-9] com.example.shop.web.OrderController.create Order created id=10721 customer=c-3290 total=180.60
03-Oct-2026 20:00:02.361 INFO [http-nio-8080-exec-10] com.example.shop.web.OrderController.create Order created id=10723 customer=c-4744 total=189.73
03-Oct-2026 20:00:02.921 INFO [http-nio-8080-exec-7] com.example.shop.web.OrderController.create Order created id=10726 customer=c-2598 total=231.84
03-Oct-2026 20:00:02.999 INFO [http-nio-8080-exec-6] com.example.shop.web.OrderController.create Order created id=10727 customer=c-1370 total=141.28
03-Oct-2026 20:00:02.999 INFO [http-nio-8080-exec-7] com.example.shop.web.OrderController.create Order created id=10728 customer=c-1914 total=95.43
03-Oct-2026 20:00:03.214 SEVERE [http-nio-8080-exec-8] com.example.shop.service.PaymentService.charge Payment failed for order 10731
	java.net.SocketTimeoutException: Read timed out
		at java.base/sun.nio.ch.NioSocketImpl.timedRead(NioSocketImpl.java:278)
		at com.example.shop.client.GatewayClient.post(GatewayClient.java:88)
		at com.example.shop.service.PaymentService.charge(PaymentService.java:54)
03-Oct-2026 20:00:03.303 INFO [Catalina-utility-2] org.apache.catalina.core.StandardContext.reload Reloading Context with name [/shop] has started
03-Oct-2026 20:00:03.954 INFO [http-nio-8080-exec-6] com.example.shop.web.OrderController.create Order created id=10735 customer=c-2424 total=20.65
03-Oct-2026 20:00:04.759 WARNING [http-nio-8080-exec-1] com.example.shop.service.PaymentService.charge Payment gateway slow response: 3081 ms (threshold 1500 ms)
03-Oct-2026 20:00:04.996 INFO [http-nio-8080-exec-2] com.example.shop.web.OrderController.create Order created id=10743 customer=c-1082 total=102.53
03-Oct-2026 20:00:05.665 INFO [http-nio-8080-exec-10] com.example.shop.web.OrderController.create Order created id=10746 customer=c-3277 total=16.02
03-Oct-2026 20:00:06.092 INFO [http-nio-8080-exec-4] com.example.shop.web.OrderController.create Order created id=10747 customer=c-1993 total=115.46
03-Oct-2026 20:00:06.156 INFO [Catalina-utility-2] org.apache.catalina.core.StandardContext.reload Reloading Context with name [/shop] has started
03-Oct-2026 20:00:06.514 INFO [http-nio-8080-exec-4] com.example.shop.web.OrderController.create Order created id=10750 customer=c-1412 total=282.15
03-Oct-2026 20:00:06.999 INFO [http-nio-8080-exec-4] com.example.shop.web.OrderController.create Order created id=10753 customer=c-2825 total=8.60
03-Oct-2026 20:00:07.483 INFO [http-nio-8080-exec-3] com.example.shop.web.OrderController.create Order created id=10755 customer=c-4173 total=160.43
03-Oct-2026 20:00:07.573 INFO [http-nio-8080-exec-7] com.example.shop.web.OrderController.create Order created id=10756 customer=c-4233 total=37.84
03-Oct-2026 20:00:07.999 INFO [http-nio-8080-exec-10] com.example.shop.web.OrderController.create Order created id=10762 customer=c-2891 total=133.63
03-Oct-2026 20:00:07.999 INFO [http-nio-8080-exec-1] com.example.shop.web.OrderController.create Order created id=10763 customer=c-4429 total=269.56
03-Oct-2026 20:00:07.999 INFO [http-nio-8080-exec-6] com.example.shop.web.OrderController.create Order created id=10766 customer=c-3922 total=63.79
03-Oct-2026 20:00:07.999 INFO [http-nio-8080-exec-10] com.example.shop.web.OrderController.create Order created id=10767 customer=c-2295 total=38.19
03-Oct-2026 20:00:08.701 INFO [http-nio-8080-exec-8] com.example.shop.web.OrderController.create Order created id=10771 customer=c-2046 total=177.55
03-Oct-2026 20:00:08.999 WARNING [http-nio-8080-exec-5] com.example.shop.service.PaymentService.charge Payment gateway slow response: 3984 ms (threshold 1500 ms)
03-Oct-2026 20:00:10.951 INFO [http-nio-8080-exec-4] com.example.shop.web.OrderController.create Order created id=10786 customer=c-4203 total=125.48
03-Oct-2026 20:00:11.143 SEVERE [http-nio-8080-exec-2] com.example.shop.service.PaymentService.charge Payment failed for order 10788
	java.net.SocketTimeoutException: Read timed out
		at java.base/sun.nio.ch.NioSocketImpl.timedRead(NioSocketImpl.java:278)
		at com.example.shop.client.GatewayClient.post(GatewayClient.java:88)
		at com.example.shop.service.PaymentService.charge(PaymentService.java:54)
03-Oct-2026 20:00:11.214 INFO [http-nio-8080-exec-8] com.example.shop.web.OrderController.create Order created id=10789 customer=c-1360 total=234.71
03-Oct-2026 20:00:11.444 INFO [http-nio-8080-exec-2] com.example.shop.web.OrderController.create Order created id=10790 customer=c-2971 total=149.57
03-Oct-2026 20:00:11.687 INFO [http-nio-8080-exec-8] com.example.shop.web.OrderController.create Order created id=10792 customer=c-3440 total=81.47
03-Oct-2026 20:00:11.961 INFO [http-nio-8080-exec-5] com.example.shop.web.OrderController.create Order created id=10795 customer=c-3184 total=199.48
03-Oct-2026 20:00:11.999 SEVERE [http-nio-8080-exec-3] com.example.shop.service.PaymentService.charge Payment failed for order 10798
	java.net.SocketTimeoutException: Read timed out
		at java.base/sun.nio.ch.NioSocketImpl.timedRead(NioSocketImpl.java:278)
		at com.example.shop.client.GatewayClient.post(GatewayClient.java:88)
		at com.example.shop.service.PaymentService.charge(PaymentService.java:54)
03-Oct-2026 20:00:12.436 WARNING [http-nio-8080-exec-3] com.example.shop.service.PaymentService.charge Payment gateway slow response: 2251 ms (threshold 1500 ms)
03-Oct-2026 20:00:12.604 INFO [http-nio-8080-exec-3] com.example.shop.web.OrderController.create Order created id=10802 customer=c-4627 total=6.86
03-Oct-2026 20:00:12.999 INFO [http-nio-8080-exec-9] com.example.shop.web.OrderController.create Order created id=10804 customer=c-2768 total=232.01
03-Oct-2026 20:00:13.069 SEVERE [http-nio-8080-exec-1] com.example.shop.service.PaymentService.charge Payment failed for order 10806
	java.net.SocketTimeoutException: Read timed out
		at java.base/sun.nio.ch.NioSocketImpl.timedRead(NioSocketImpl.java:278)
		at com.example.shop.client.GatewayClient.post(GatewayClient.java:88)
		at com.example.shop.service.PaymentService.charge(PaymentService.java:54)
03-Oct-2026 20:00:13.158 INFO [http-nio-8080-exec-9] com.example.shop.web.OrderController.create Order created id=10807 customer=c-1929 total=47.89
03-Oct-2026 20:00:13.331 INFO [http-nio-8080-exec-8] com.example.shop.web.OrderController.create Order created id=10809 customer=c-3477 total=177.46
03-Oct-2026 20:00:13.726 INFO [http-nio-8080-exec-6] com.example.shop.web.OrderController.create Order created id=10812 customer=c-2318 total=287.59
03-Oct-2026 20:00:13.844 INFO [http-nio-8080-exec-9] com.example.shop.web.OrderController.create Order created id=10814 customer=c-2890 total=239.89
03-Oct-2026 20:00:14.216 INFO [http-nio-8080-exec-8] com.example.shop.web.OrderController.create Order created id=10815 customer=c-2946 total=36.36
03-Oct-2026 20:00:14.369 WARNING [http-nio-8080-exec-5] com.example.shop.service.PaymentService.charge Payment gateway slow response: 2871 ms (threshold 1500 ms)
03-Oct-2026 20:00:15.483 INFO [http-nio-8080-exec-6] com.example.shop.web.OrderController.create Order created id=10821 customer=c-4191 total=24.06
03-Oct-2026 20:00:15.494 INFO [Catalina-utility-1] org.apache.catalina.core.StandardContext.reload Reloading Context with name [/shop] has started
03-Oct-2026 20:00:16.685 INFO [http-nio-8080-exec-6] com.example.shop.web.OrderController.create Order created id=10827 customer=c-2762 total=184.82
03-Oct-2026 20:00:17.201 INFO [http-nio-8080-exec-2] com.example.shop.web.OrderController.create Order created id=10831 customer=c-2387 total=209.62
03-Oct-2026 20:00:17.691 WARNING [http-nio-8080-exec-5] com.example.shop.service.PaymentService.charge Payment gateway slow response: 3739 ms (threshold 1500 ms)
03-Oct-2026 20:00:17.712 INFO [http-nio-8080-exec-7] com.example.shop.web.OrderController.create Order created id=10835 customer=c-3907 total=240.91
03-Oct-2026 20:00:17.748 SEVERE [http-nio-8080-exec-9] com.example.shop.service.PaymentService.charge Payment failed for order 10836
	java.net.SocketTimeoutException: Read timed out
		at java.base/sun.nio.ch.NioSocketImpl.timedRead(NioSocketImpl.java:278)
		at com.example.shop.client.GatewayClient.post(GatewayClient.java:88)
		at com.example.shop.service.PaymentService.charge(PaymentService.java:54)
03-Oct-2026 20:00:17.999 INFO [http-nio-8080-exec-4] com.example.shop.web.OrderController.create Order created id=10838 customer=c-1098 total=21.02
03-Oct-2026 20:00:18.211 SEVERE [http-nio-8080-exec-6] com.example.shop.service.PaymentService.charge Payment failed for order 10841
	java.net.SocketTimeoutException: Read timed out
		at java.base/sun.nio.ch.NioSocketImpl.timedRead(NioSocketImpl.java:278)
		at com.example.shop.client.GatewayClient.post(GatewayClient.java:88)
		at com.example.shop.service.PaymentService.charge(PaymentService.java:54)
03-Oct-2026 20:00:18.391 INFO [http-nio-8080-exec-2] com.example.shop.web.OrderController.create Order created id=10842 customer=c-1668 total=235.86
03-Oct-2026 20:00:18.999 INFO [http-nio-8080-exec-1] com.example.shop.web.OrderController.create Order created id=10847 customer=c-4905 total=13.68
03-Oct-2026 20:00:18.999 INFO [http-nio-8080-exec-6] com.example.shop.web.OrderController.create Order created id=10848 customer=c-3358 total=230.40
03-Oct-2026 20:00:19.240 SEVERE [http-nio-8080-exec-3] com.example.shop.service.PaymentService.charge Payment failed for order 10851
	java.net.SocketTimeoutException: Read timed out
		at java.base/sun.nio.ch.NioSocketImpl.timedRead(NioSocketImpl.java:278)
		at com.example.shop.client.GatewayClient.post(GatewayClient.java:88)
		at com.example.shop.service.PaymentService.charge(PaymentService.java:54)
03-Oct-2026 20:00:19.786 INFO [http-nio-8080-exec-5] com.example.shop.web.OrderController.create Order created id=10853 customer=c-4605 total=112.21
03-Oct-2026 20:00:20.577 INFO [http-nio-8080-exec-1] com.example.shop.web.OrderController.create Order created id=10855 customer=c-4844 total=91.65
03-Oct-2026 20:00:20.754 SEVERE [http-nio-8080-exec-4] com.example.shop.service.PaymentService.charge Payment failed for order 10859
	java.net.SocketTimeoutException: Read timed out
		at java.base/sun.nio.ch.NioSocketImpl.timedRead(NioSocketImpl.java:278)
		at com.example.shop.client.GatewayClient.post(GatewayClient.java:88)
		at com.example.shop.service.PaymentService.charge(PaymentService.java:54)
03-Oct-2026 20:00:20.906 SEVERE [http-nio-8080-exec-3] com.example.shop.service.PaymentService.charge Payment failed for order 10860
	java.net.SocketTimeoutException: Read timed out
		at java.base/sun.nio.ch.NioSocketImpl.timedRead(NioSocketImpl.java:278)
		at com.example.shop.client.GatewayClient.post(GatewayClient.java:88)
		at com.example.shop.service.PaymentService.charge(PaymentService.java:54)
03-Oct-2026 20:00:20.999 SEVERE [http-nio-8080-exec-1] com.example.shop.service.PaymentService.charge Payment failed for order 10863
	java.net.SocketTimeoutException: Read timed out
		at java.base/sun.nio.ch.NioSocketImpl.timedRead(NioSocketImpl.java:278)
		at com.example.shop.client.GatewayClient.post(GatewayClient.java:88)
		at com.example.shop.service.PaymentService.charge(PaymentService.java:54)
03-Oct-2026 20:00:21.416 INFO [http-nio-8080-exec-5] com.example.shop.web.OrderController.create Order created id=10866 customer=c-3697 total=23.25
03-Oct-2026 20:00:21.999 INFO [http-nio-8080-exec-7] com.example.shop.web.OrderController.create Order created id=10871 customer=c-2687 total=104.42
03-Oct-2026 20:00:23.096 WARNING [http-nio-8080-exec-5] com.example.shop.service.PaymentService.charge Payment gateway slow response: 2894 ms (threshold 1500 ms)
03-Oct-2026 20:00:23.712 INFO [http-nio-8080-exec-8] com.example.shop.web.OrderController.create Order created id=10879 customer=c-4779 total=266.70
03-Oct-2026 20:00:23.999 INFO [http-nio-8080-exec-9] com.example.shop.web.OrderController.create Order created id=10881 customer=c-3932 total=100.98
03-Oct-2026 20:00:24.049 WARNING [http-nio-8080-exec-4] com.example.shop.service.PaymentService.charge Payment gateway slow response: 3166 ms (threshold 1500 ms)
03-Oct-2026 20:00:24.427 INFO [http-nio-8080-exec-7] com.example.shop.web.OrderController.create Order created id=10885 customer=c-4148 total=244.79
03-Oct-2026 20:00:24.835 INFO [http-nio-8080-exec-9] com.example.shop.web.OrderController.create Order created id=10887 customer=c-2892 total=2.20
03-Oct-2026 20:00:25.999 SEVERE [http-nio-8080-exec-6] com.example.shop.service.PaymentService.charge Payment failed for order 10893
	java.net.SocketTimeoutException: Read timed out
		at java.base/sun.nio.ch.NioSocketImpl.timedRead(NioSocketImpl.java:278)
		at com.example.shop.client.GatewayClient.post(GatewayClient.java:88)
		at com.example.shop.service.PaymentService.charge(PaymentService.java:54)
03-Oct-2026 20:00:26.098 INFO [http-nio-8080-exec-9] com.example.shop.web.OrderController.create Order created id=10897 customer=c-2686 total=142.27
03-Oct-2026 20:00:26.235 INFO [http-nio-8080-exec-2] com.example.shop.web.OrderController.create Order created id=10899 customer=c-4636 total=230.64
03-Oct-2026 20:00:26.395 INFO [http-nio-8080-exec-6] com.example.shop.web.OrderController.create Order created id=10903 customer=c-3004 total=299.94
03-Oct-2026 20:00:26.774 INFO [http-nio-8080-exec-6] com.example.shop.web.OrderController.create Order created id=10905 customer=c-3657 total=49.13
03-Oct-2026 20:00:26.856 INFO [http-nio-8080-exec-6] com.example.shop.web.OrderController.create Order created id=10906 customer=c-4339 total=81.22
03-Oct-2026 20:00:27.525 INFO [Catalina-utility-2] org.apache.catalina.core.StandardContext.reload Reloading Context with name [/shop] has started
03-Oct-2026 20:00:27.741 INFO [Catalina-utility-2] org.apache.catalina.core.StandardContext.reload Reloading Context with name [/shop] has started
03-Oct-2026 20:00:27.987 INFO [http-nio-8080-exec-8] com.example.shop.web.OrderController.create Order created id=10915 customer=c-4747 total=215.55
03-Oct-2026 20:00:28.777 INFO [http-nio-8080-exec-10] com.example.shop.web.OrderController.create Order created id=10923 customer=c-2574 total=45.72
03-Oct-2026 20:00:28.999 WARNING [http-nio-8080-exec-4] com.example.shop.service.PaymentService.charge Payment gateway slow response: 2361 ms (threshold 1500 ms)
03-Oct-2026 20:00:29.710 INFO [Catalina-utility-2] org.apache.catalina.core.StandardContext.reload Reloading Context with name [/shop] has started
03-Oct-2026 20:00:30.086 INFO [http-nio-8080-exec-1] com.example.shop.web.OrderController.create Order created id=10931 customer=c-4177 total=152.64
03-Oct-2026 20:00:30.381 INFO [Catalina-utility-2] org.apache.catalina.core.StandardContext.reload Reloading Context with name [/shop] has started
03-Oct-2026 20:00:30.823 INFO [http-nio-8080-exec-7] com.example.shop.web.OrderController.create Order created id=10937 customer=c-2340 total=103.56
03-Oct-2026 20:00:30.902 INFO [http-nio-8080-exec-7] com.example.shop.web.OrderController.create Order created id=10938 customer=c-1771 total=290.17
03-Oct-2026 20:00:30.944 INFO [http-nio-8080-exec-6] com.example.shop.web.OrderController.create Order created id=10939 customer=c-3001 total=57.44
03-Oct-2026 20:00:31.683 INFO [Catalina-utility-1] org.apache.catalina.core.StandardContext.reload Reloading Context with name [/shop] has started
03-Oct-2026 20:00:32.208 INFO [http-nio-8080-exec-6] com.example.shop.web.OrderController.create Order created id=10951 customer=c-4962 total=48.09
03-Oct-2026 20:00:32.306 INFO [http-nio-8080-exec-4] com.example.shop.web.OrderController.create Order created id=10952 customer=c-2715 total=178.81
03-Oct-2026 20:00:32.363 INFO [http-nio-8080-exec-1] com.example.shop.web.OrderController.create Order created id=10953 customer=c-1937 total=262.25
03-Oct-2026 20:00:32.839 INFO [http-nio-8080-exec-3] com.example.shop.web.OrderController.create Order created id=10955 customer=c-3660 total=105.24
03-Oct-2026 20:00:32.999 INFO [http-nio-8080-exec-5] com.example.shop.web.OrderController.create Order created id=10957 customer=c-1207 total=116.73
03-Oct-2026 20:00:33.182 SEVERE [http-nio-8080-exec-9] com.example.shop.service.PaymentService.charge Payment failed for order 10959
	java.net.SocketTimeoutException: Read timed out
		at java.base/sun.nio.ch.NioSocketImpl.timedRead(NioSocketImpl.java:278)
		at com.example.shop.client.GatewayClient.post(GatewayClient.java:88)
		at com.example.shop.service.PaymentService.charge(PaymentService.java:54)
03-Oct-2026 20:00:33.999 INFO [http-nio-8080-exec-3] com.example.shop.web.OrderController.create Order created id=10963 customer=c-2198 total=42.61
03-Oct-2026 20:00:34.319 INFO [http-nio-8080-exec-6] com.example.shop.web.OrderController.create Order created id=10965 customer=c-1874 total=209.98
03-Oct-2026 20:00:34.999 WARNING [http-nio-8080-exec-6] com.example.shop.service.PaymentService.charge Payment gateway slow response: 3910 ms (threshold 1500 ms)
03-Oct-2026 20:00:35.502 SEVERE [http-nio-8080-exec-6] com.example.shop.service.PaymentService.charge Payment failed for order 10973
	java.net.SocketTimeoutException: Read timed out
		at java.base/sun.nio.ch.NioSocketImpl.timedRead(NioSocketImpl.java:278)
		at com.example.shop.client.GatewayClient.post(GatewayClient.java:88)
		at com.example.shop.service.PaymentService.charge(PaymentService.java:54)
03-Oct-2026 20:00:35.972 INFO [http-nio-8080-exec-2] com.example.shop.web.OrderController.create Order created id=10976 customer=c-4443 total=84.75
03-Oct-2026 20:00:35.999 WARNING [http-nio-8080-exec-3] com.example.shop.service.PaymentService.charge Payment gateway slow response: 3945 ms (threshold 1500 ms)
03-Oct-2026 20:00:37.999 INFO [http-nio-8080-exec-2] com.example.shop.web.OrderController.create Order created id=10990 customer=c-3304 total=34.07
03-Oct-2026 20:00:38.160 SEVERE [http-nio-8080-exec-9] com.example.shop.service.PaymentService.charge Payment failed for order 10992
	java.net.SocketTimeoutException: Read timed out
		at java.base/sun.nio.ch.NioSocketImpl.timedRead(NioSocketImpl.java:278)
		at com.example.shop.client.GatewayClient.post(GatewayClient.java:88)
		at com.example.shop.service.PaymentService.charge(PaymentService.java:54)
03-Oct-2026 20:00:38.164 SEVERE [http-nio-8080-exec-2] com.example.shop.service.PaymentService.charge Payment failed for order 10993
	java.net.SocketTimeoutException: Read timed out
		at java.base/sun.nio.ch.NioSocketImpl.timedRead(NioSocketImpl.java:278)
		at com.example.shop.client.GatewayClient.post(GatewayClient.java:88)
		at com.example.shop.service.PaymentService.charge(PaymentService.java:54)
03-Oct-2026 20:00:38.382 WARNING [http-nio-8080-exec-4] com.example.shop.service.PaymentService.charge Payment gateway slow response: 3580 ms (threshold 1500 ms)
03-Oct-2026 20:00:38.691 INFO [http-nio-8080-exec-1] com.example.shop.web.OrderController.create Order created id=10997 customer=c-4879 total=234.02
03-Oct-2026 20:00:39.658 INFO [http-nio-8080-exec-3] com.example.shop.web.OrderController.create Order created id=11006 customer=c-1924 total=217.81
03-Oct-2026 20:00:39.716 INFO [http-nio-8080-exec-6] com.example.shop.web.OrderController.create Order created id=11007 customer=c-2262 total=148.57
03-Oct-2026 20:00:39.861 INFO [http-nio-8080-exec-5] com.example.shop.web.OrderController.create Order created id=11008 customer=c-2193 total=67.54
03-Oct-2026 20:00:39.999 SEVERE [http-nio-8080-exec-5] com.example.shop.service.PaymentService.charge Payment failed for order 11010
	java.net.SocketTimeoutException: Read timed out
		at java.base/sun.nio.ch.NioSocketImpl.timedRead(NioSocketImpl.java:278)
		at com.example.shop.client.GatewayClient.post(GatewayClient.java:88)
		at com.example.shop.service.PaymentService.charge(PaymentService.java:54)
03-Oct-2026 20:00:41.235 SEVERE [http-nio-8080-exec-4] com.example.shop.service.PaymentService.charge Payment failed for order 11016
	java.net.SocketTimeoutException: Read timed out
		at java.base/sun.nio.ch.NioSocketImpl.timedRead(NioSocketImpl.java:278)
		at com.example.shop.client.GatewayClient.post(GatewayClient.java:88)
		at com.example.shop.service.PaymentService.charge(PaymentService.java:54)
03-Oct-2026 20:00:41.447 INFO [http-nio-8080-exec-7] com.example.shop.web.OrderController.create Order created id=11017 customer=c-2509 total=54.00
03-Oct-2026 20:00:43.781 WARNING [http-nio-8080-exec-10] com.example.shop.service.PaymentService.charge Payment gateway slow response: 3968 ms (threshold 1500 ms)
03-Oct-2026 20:00:44.782 INFO [http-nio-8080-exec-4] com.example.shop.web.OrderController.create Order created id=11033 customer=c-4059 total=10.89
03-Oct-2026 20:00:44.911 WARNING [http-nio-8080-exec-4] com.example.shop.service.PaymentService.charge Payment gateway slow response: 3922 ms (threshold 1500 ms)
03-Oct-2026 20:00:44.920 INFO [http-nio-8080-exec-5] com.example.shop.web.OrderController.create Order created id=11036 customer=c-1210 total=16.42
03-Oct-2026 20:00:45.265 INFO [http-nio-8080-exec-2] com.example.shop.web.OrderController.create Order created id=11039 customer=c-1205 total=9.74
03-Oct-2026 20:00:45.999 INFO [http-nio-8080-exec-5] com.example.shop.web.OrderController.create Order created id=11042 customer=c-4337 total=50.84
03-Oct-2026 20:00:46.999 INFO [http-nio-8080-exec-2] com.example.shop.web.OrderController.create Order created id=11047 customer=c-4600 total=208.45
03-Oct-2026 20:02:05.288 WARNING [http-nio-8080-exec-1] com.example.shop.service.PaymentService.charge Payment gateway slow response: 3851 ms (threshold 1500 ms)
03-Oct-2026 20:02:05.540 WARNING [http-nio-8080-exec-10] com.example.shop.service.PaymentService.charge Payment gateway slow response: 2051 ms (threshold 1500 ms)
03-Oct-2026 20:02:06.926 SEVERE [http-nio-8080-exec-2] com.example.shop.service.PaymentService.charge Payment failed for order 10645
	java.net.SocketTimeoutException: Read timed out
		at java.base/sun.nio.ch.NioSocketImpl.timedRead(NioSocketImpl.java:278)
		at com.example.shop.client.GatewayClient.post(GatewayClient.java:88)
		at com.example.shop.service.PaymentService.charge(PaymentService.java:54)
03-Oct-2026 20:02:07.074 INFO [Catalina-utility-2] org.apache.catalina.core.StandardContext.reload Reloading Context with name [/shop] has started
03-Oct-2026 20:02:07.559 WARNING [http-nio-8080-exec-4] com.example.shop.service.PaymentService.charge Payment gateway slow response: 1793 ms (threshold 1500 ms)
03-Oct-2026 20:02:07.780 WARNING [http-nio-8080-exec-4] com.example.shop.service.PaymentService.charge Payment gateway slow response: 1906 ms (threshold 1500 ms)
03-Oct-2026 20:02:07.816 SEVERE [http-nio-8080-exec-8] com.example.shop.service.PaymentService.charge Payment failed for order 10655
	java.net.SocketTimeoutException: Read timed out
		at java.base/sun.nio.ch.NioSocketImpl.timedRead(NioSocketImpl.java:278)
		at com.example.shop.client.GatewayClient.post(GatewayClient.java:88)
		at com.example.shop.service.PaymentService.charge(PaymentService.java:54)
03-Oct-2026 20:02:08.181 WARNING [http-nio-8080-exec-9] com.example.shop.service.PaymentService.charge Payment gateway slow response: 1878 ms (threshold 1500 ms)
03-Oct-2026 20:02:08.363 INFO [http-nio-8080-exec-1] com.example.shop.web.OrderController.create Order created id=10659 customer=c-4412 total=189.79
03-Oct-2026 20:02:08.878 INFO [http-nio-8080-exec-5] com.example.shop.web.OrderController.create Order created id=10666 customer=c-1436 total=231.42
03-Oct-2026 20:02:09.999 WARNING [http-nio-8080-exec-1] com.example.shop.service.PaymentService.charge Payment gateway slow response: 2301 ms (threshold 1500 ms)
03-Oct-2026 20:02:10.600 INFO [http-nio-8080-exec-8] com.example.shop.web.OrderController.create Order created id=10672 customer=c-3498 total=273.71
03-Oct-2026 20:02:11.595 INFO [Catalina-utility-2] org.apache.catalina.core.StandardContext.reload Reloading Context with name [/shop] has started
03-Oct-2026 20:02:11.799 INFO [http-nio-8080-exec-7] com.example.shop.web.OrderController.create Order created id=10679 customer=c-2840 total=34.32
03-Oct-2026 20:02:12.670 INFO [http-nio-8080-exec-4] com.example.shop.web.OrderController.create Order created id=10683 customer=c-1504 total=272.04
03-Oct-2026 20:02:12.863 INFO [http-nio-8080-exec-6] com.example.shop.web.OrderController.create Order created id=10685 customer=c-4027 total=0.40
03-Oct-2026 20:02:12.999 WARNING [http-nio-8080-exec-2] com.example.shop.service.PaymentService.charge Payment gateway slow response: 2804 ms (threshold 1500 ms)
03-Oct-2026 20:02:13.647 INFO [http-nio-8080-exec-8] com.example.shop.web.OrderController.create Order created id=10692 customer=c-2599 total=134.53
03-Oct-2026 20:02:14.071 INFO [http-nio-8080-exec-9] com.example.shop.web.OrderController.create Order created id=10697 customer=c-2199 total=117.33
03-Oct-2026 20:02:14.999 WARNING [http-nio-8080-exec-3] com.example.shop.service.PaymentService.charge Payment gateway slow response: 1597 ms (threshold 1500 ms)
03-Oct-2026 20:02:15.216 SEVERE [http-nio-8080-exec-1] com.example.shop.service.PaymentService.charge Payment failed for order 10702
	java.net.SocketTimeoutException: Read timed out
		at java.base/sun.nio.ch.NioSocketImpl.timedRead(NioSocketImpl.java:278)
		at com.example.shop.client.GatewayClient.post(GatewayClient.java:88)
		at com.example.shop.service.PaymentService.charge(PaymentService.java:54)
03-Oct-2026 20:02:15.771 INFO [http-nio-8080-exec-5] com.example.shop.web.OrderController.create Order created id=10704 customer=c-1164 total=84.21
03-Oct-2026 20:02:16.289 SEVERE [http-nio-8080-exec-9] com.example.shop.service.PaymentService.charge Payment failed for order 10706
	java.net.SocketTimeoutException: Read timed out
		at java.base/sun.nio.ch.NioSocketImpl.timedRead(NioSocketImpl.java:278)
		at com.example.shop.client.GatewayClient.post(GatewayClient.java:88)
		at com.example.shop.service.PaymentService.charge(PaymentService.java:54)
03-Oct-2026 20:02:16.940 SEVERE [http-nio-8080-exec-8] com.example.shop.service.PaymentService.charge Payment failed for order 10709
	java.net.SocketTimeoutException: Read timed out
		at java.base/sun.nio.ch.NioSocketImpl.timedRead(NioSocketImpl.java:278)
		at com.example.shop.client.GatewayClient.post(GatewayClient.java:88)
		at com.example.shop.service.PaymentService.charge(PaymentService.java:54)
03-Oct-2026 20:02:16.999 INFO [Catalina-utility-1] org.apache.catalina.core.StandardContext.reload Reloading Context with name [/shop] has started
03-Oct-2026 20:02:16.999 INFO [Catalina-utility-2] org.apache.catalina.core.StandardContext.reload Reloading Context with name [/shop] has started
03-Oct-2026 20:02:18.541 INFO [http-nio-8080-exec-3] com.example.shop.web.OrderController.create Order created id=10724 customer=c-4258 total=130.79
03-Oct-2026 20:02:18.676 INFO [http-nio-8080-exec-5] com.example.shop.web.OrderController.create Order created id=10725 customer=c-1676 total=295.98
03-Oct-2026 20:02:19.490 INFO [http-nio-8080-exec-9] com.example.shop.web.OrderController.create Order created id=10731 customer=c-4398 total=42.28
03-Oct-2026 20:02:19.999 INFO [http-nio-8080-exec-6] com.example.shop.web.OrderController.create Order created id=10734 customer=c-2255 total=120.14
03-Oct-2026 20:02:20.738 INFO [http-nio-8080-exec-2] com.example.shop.web.OrderController.create Order created id=10740 customer=c-4991 total=206.01
03-Oct-2026 20:02:21.999 INFO [http-nio-8080-exec-4] com.example.shop.web.OrderController.create Order created id=10749 customer=c-1826 total=10.90
03-Oct-2026 20:02:22.174 INFO [http-nio-8080-exec-4] com.example.shop.web.OrderController.create Order created id=10751 customer=c-2101 total=186.19
03-Oct-2026 20:02:22.460 INFO [http-nio-8080-exec-4] com.example.shop.web.OrderController.create Order created id=10753 customer=c-2132 total=239.42
03-Oct-2026 20:02:22.543 SEVERE [http-nio-8080-exec-1] com.example.shop.service.PaymentService.charge Payment failed for order 10754
	java.net.SocketTimeoutException: Read timed out
		at java.base/sun.nio.ch.NioSocketImpl.timedRead(NioSocketImpl.java:278)
		at com.example.shop.client.GatewayClient.post(GatewayClient.java:88)
		at com.example.shop.service.PaymentService.charge(PaymentService.java:54)
03-Oct-2026 20:02:23.101 INFO [http-nio-8080-exec-7] com.example.shop.web.OrderController.create Order created id=10758 customer=c-4662 total=17.72
03-Oct-2026 20:02:23.118 INFO [Catalina-utility-1] org.apache.catalina.core.StandardContext.reload Reloading Context with name [/shop] has started
03-Oct-2026 20:02:23.241 SEVERE [http-nio-8080-exec-4] com.example.shop.service.PaymentService.charge Payment failed for order 10760
	java.net.SocketTimeoutException: Read timed out
		at java.base/sun.nio.ch.NioSocketImpl.timedRead(NioSocketImpl.java:278)
		at com.example.shop.client.GatewayClient.post(GatewayClient.java:88)
		at com.example.shop.service.PaymentService.charge(PaymentService.java:54)
03-Oct-2026 20:02:23.609 INFO [http-nio-8080-exec-10] com.example.shop.web.OrderController.create Order created id=10763 customer=c-2999 total=204.68
03-Oct-2026 20:02:23.999 INFO [http-nio-8080-exec-6] com.example.shop.web.OrderController.create Order created id=10765 customer=c-1817 total=21.43
03-Oct-2026 20:02:24.206 INFO [http-nio-8080-exec-3] com.example.shop.web.OrderController.create Order created id=10767 customer=c-3423 total=56.56
03-Oct-2026 20:02:24.280 WARNING [http-nio-8080-exec-6] com.example.shop.service.PaymentService.charge Payment gateway slow response: 2662 ms (threshold 1500 ms)
03-Oct-2026 20:02:24.530 WARNING [http-nio-8080-exec-8] com.example.shop.service.PaymentService.charge Payment gateway slow response: 2908 ms (threshold 1500 ms)
03-Oct-2026 20:02:24.895 INFO [http-nio-8080-exec-4] com.example.shop.web.OrderController.create Order created id=10774 customer=c-3152 total=247.31
03-Oct-2026 20:02:24.999 WARNING [http-nio-8080-exec-9] com.example.shop.service.PaymentService.charge Payment gateway slow response: 3859 ms (threshold 1500 ms)
03-Oct-2026 20:02:25.145 INFO [http-nio-8080-exec-5] com.example.shop.web.OrderController.create Order created id=10777 customer=c-2082 total=91.49
03-Oct-2026 20:02:25.185 SEVERE [http-nio-8080-exec-6] com.example.shop.service.PaymentService.charge Payment failed for order 10778
	java.net.SocketTimeoutException: Read timed out
		at java.base/sun.nio.ch.NioSocketImpl.timedRead(NioSocketImpl.java:278)
		at com.example.shop.client.GatewayClient.post(GatewayClient.java:88)
		at com.example.shop.service.PaymentService.charge(PaymentService.java:54)
03-Oct-2026 20:02:25.797 INFO [http-nio-8080-exec-10] com.example.shop.web.OrderController.create Order created id=10782 customer=c-4992 total=77.75
03-Oct-2026 20:02:25.861 INFO [http-nio-8080-exec-1] com.example.shop.web.OrderController.create Order created id=10783 customer=c-2971 total=190.11
03-Oct-2026 20:02:25.880 INFO [Catalina-utility-2] org.apache.catalina.core.StandardContext.reload Reloading Context with name [/shop] has started
03-Oct-2026 20:02:25.932 INFO [http-nio-8080-exec-5] com.example.shop.web.OrderController.create Order created id=10785 customer=c-1904 total=72.09
03-Oct-2026 20:02:26.332 INFO [http-nio-8080-exec-10] com.example.shop.web.OrderController.create Order created id=10786 customer=c-2057 total=189.69
03-Oct-2026 20:02:26.921 WARNING [http-nio-8080-exec-1] com.example.shop.service.PaymentService.charge Payment gateway slow response: 1584 ms (threshold 1500 ms)
03-Oct-2026 20:02:26.999 INFO [Catalina-utility-2] org.apache.catalina.core.StandardContext.reload Reloading Context with name [/shop] has started
03-Oct-2026 20:02:27.242 INFO [Catalina-utility-1] org.apache.catalina.core.StandardContext.reload Reloading Context with name [/shop] has started
03-Oct-2026 20:02:27.314 INFO [http-nio-8080-exec-8] com.example.shop.web.OrderController.create Order created id=10794 customer=c-1109 total=268.74
03-Oct-2026 20:02:27.922 INFO [http-nio-8080-exec-1] com.example.shop.web.OrderController.create Order created id=10795 customer=c-1542 total=260.90
03-Oct-2026 20:02:28.238 INFO [http-nio-8080-exec-1] com.example.shop.web.OrderController.create Order created id=10796 customer=c-1739 total=144.54
03-Oct-2026 20:02:29.558 INFO [http-nio-8080-exec-7] com.example.shop.web.OrderController.create Order created id=10805 customer=c-2031 total=31.59
03-Oct-2026 20:02:29.764 SEVERE [http-nio-8080-exec-4] com.example.shop.service.PaymentService.charge Payment failed for order 10806
	java.net.SocketTimeoutException: Read timed out
		at java.base/sun.nio.ch.NioSocketImpl.timedRead(NioSocketImpl.java:278)
		at com.example.shop.client.GatewayClient.post(GatewayClient.java:88)
		at com.example.shop.service.PaymentService.charge(PaymentService.java:54)
03-Oct-2026 20:02:29.999 INFO [http-nio-8080-exec-3] com.example.shop.web.OrderController.create Order created id=10810 customer=c-3155 total=164.62
03-Oct-2026 20:02:30.928 INFO [http-nio-8080-exec-7] com.example.shop.web.OrderController.create Order created id=10813 customer=c-1548 total=224.95
03-Oct-2026 20:02:31.263 INFO [http-nio-8080-exec-6] com.example.shop.web.OrderController.create Order created id=10815 customer=c-1634 total=187.91
03-Oct-2026 20:02:31.682 INFO [http-nio-8080-exec-2] com.example.shop.web.OrderController.create Order created id=10817 customer=c-3551 total=67.23
03-Oct-2026 20:02:32.999 INFO [http-nio-8080-exec-7] com.example.shop.web.OrderController.create Order created id=10824 customer=c-3274 total=131.16
03-Oct-2026 20:02:33.600 SEVERE [http-nio-8080-exec-6] com.example.shop.service.PaymentService.charge Payment failed for order 10827
	java.net.SocketTimeoutException: Read timed out
		at java.base/sun.nio.ch.NioSocketImpl.timedRead(NioSocketImpl.java:278)
		at com.example.shop.client.GatewayClient.post(GatewayClient.java:88)
		at com.example.shop.service.PaymentService.charge(PaymentService.java:54)
03-Oct-2026 20:02:33.809 INFO [http-nio-8080-exec-2] com.example.shop.web.OrderController.create Order created id=10828 customer=c-3378 total=126.39
03-Oct-2026 20:02:33.999 WARNING [http-nio-8080-exec-1] com.example.shop.service.PaymentService.charge Payment gateway slow response: 2175 ms (threshold 1500 ms)
03-Oct-2026 20:02:33.999 INFO [http-nio-8080-exec-7] com.example.shop.web.OrderController.create Order created id=10834 customer=c-2758 total=212.14
03-Oct-2026 20:02:34.738 INFO [http-nio-8080-exec-2] com.example.shop.web.OrderController.create Order created id=10837 customer=c-3274 total=69.29
03-Oct-2026 20:02:35.999 INFO [http-nio-8080-exec-9] com.example.shop.web.OrderController.create Order created id=10842 customer=c-2480 total=177.64
03-Oct-2026 20:02:36.999 WARNING [http-nio-8080-exec-9] com.example.shop.service.PaymentService.charge Payment gateway slow response: 2252 ms (threshold 1500 ms)
03-Oct-2026 20:02:37.132 INFO [http-nio-8080-exec-4] com.example.shop.web.OrderController.create Order created id=10851 customer=c-4343 total=183.02
03-Oct-2026 20:02:37.526 SEVERE [http-nio-8080-exec-6] com.example.shop.service.PaymentService.charge Payment failed for order 10853
	java.net.SocketTimeoutException: Read timed out
		at java.base/sun.nio.ch.NioSocketImpl.timedRead(NioSocketImpl.java:278)
		at com.example.shop.client.GatewayClient.post(GatewayClient.java:88)
		at com.example.shop.service.PaymentService.charge(PaymentService.java:54)
03-Oct-2026 20:02:38.875 INFO [http-nio-8080-exec-3] com.example.shop.web.OrderController.create Order created id=10862 customer=c-2506 total=229.50
03-Oct-2026 20:02:38.999 INFO [http-nio-8080-exec-1] com.example.shop.web.OrderController.create Order created id=10864 customer=c-4727 total=51.33
03-Oct-2026 20:02:38.999 SEVERE [http-nio-8080-exec-7] com.example.shop.service.PaymentService.charge Payment failed for order 10866
	java.net.SocketTimeoutException: Read timed out
		at java.base/sun.nio.ch.NioSocketImpl.timedRead(NioSocketImpl.java:278)
		at com.example.shop.client.GatewayClient.post(GatewayClient.java:88)
		at com.example.shop.service.PaymentService.charge(PaymentService.java:54)
03-Oct-2026 20:02:39.543 WARNING [http-nio-8080-exec-7] com.example.shop.service.PaymentService.charge Payment gateway slow response: 3207 ms (threshold 1500 ms)
03-Oct-2026 20:02:39.999 INFO [http-nio-8080-exec-10] com.example.shop.web.OrderController.create Order created id=10873 customer=c-4216 total=208.52
03-Oct-2026 20:02:40.108 INFO [http-nio-8080-exec-2] com.example.shop.web.OrderController.create Order created id=10876 customer=c-1369 total=160.77
03-Oct-2026 20:02:40.471 INFO [http-nio-8080-exec-10] com.example.shop.web.OrderController.create Order created id=10880 customer=c-3427 total=39.76
03-Oct-2026 20:02:40.999 INFO [http-nio-8080-exec-5] com.example.shop.web.OrderController.create Order created id=10881 customer=c-4989 total=214.57
03-Oct-2026 20:02:40.999 INFO [Catalina-utility-1] org.apache.catalina.core.StandardContext.reload Reloading Context with name [/shop] has started
03-Oct-2026 20:02:41.136 INFO [http-nio-8080-exec-9] com.example.shop.web.OrderController.create Order created id=10884 customer=c-2016 total=20.27
03-Oct-2026 20:02:41.696 WARNING [http-nio-8080-exec-10] com.example.shop.service.PaymentService.charge Payment gateway slow response: 3359 ms (threshold 1500 ms)
03-Oct-2026 20:02:42.401 INFO [http-nio-8080-exec-5] com.example.shop.web.OrderController.create Order created id=10889 customer=c-4446 total=45.12
03-Oct-2026 20:02:42.901 INFO [http-nio-8080-exec-2] com.example.shop.web.OrderController.create Order created id=10890 customer=c-4638 total=133.47
03-Oct-2026 20:02:42.996 WARNING [http-nio-8080-exec-10] com.example.shop.service.PaymentService.charge Payment gateway slow response: 1948 ms (threshold 1500 ms)
03-Oct-2026 20:02:43.600 WARNING [http-nio-8080-exec-9] com.example.shop.service.PaymentService.charge Payment gateway slow response: 2218 ms (threshold 1500 ms)
03-Oct-2026 20:02:43.999 INFO [http-nio-8080-exec-10] com.example.shop.web.OrderController.create Order created id=10897 customer=c-3598 total=237.92
03-Oct-2026 20:02:43.999 INFO [http-nio-8080-exec-3] com.example.shop.web.OrderController.create Order created id=10898 customer=c-1046 total=100.48
03-Oct-2026 20:02:44.167 INFO [Catalina-utility-2] org.apache.catalina.core.StandardContext.reload Reloading Context with name [/shop] has started
03-Oct-2026 20:02:44.999 WARNING [http-nio-8080-exec-8] com.example.shop.service.PaymentService.charge Payment gateway slow response: 1510 ms (threshold 1500 ms)
03-Oct-2026 20:02:46.687 SEVERE [http-nio-8080-exec-4] com.example.shop.service.PaymentService.charge Payment failed for order 10915
	java.net.SocketTimeoutException: Read timed out
		at java.base/sun.nio.ch.NioSocketImpl.timedRead(NioSocketImpl.java:278)
		at com.example.shop.client.GatewayClient.post(GatewayClient.java:88)
		at com.example.shop.service.PaymentService.charge(PaymentService.java:54)
03-Oct-2026 20:02:46.999 INFO [http-nio-8080-exec-9] com.example.shop.web.OrderController.create Order created id=10917 customer=c-2185 total=109.10
03-Oct-2026 20:02:47.014 SEVERE [http-nio-8080-exec-5] com.example.shop.service.PaymentService.charge Payment failed for order 10919
	java.net.SocketTimeoutException: Read timed out
		at java.base/sun.nio.ch.NioSocketImpl.timedRead(NioSocketImpl.java:278)
		at com.example.shop.client.GatewayClient.post(GatewayClient.java:88)
		at com.example.shop.service.PaymentService.charge(PaymentService.java:54)
03-Oct-2026 20:02:47.787 WARNING [http-nio-8080-exec-9] com.example.shop.service.PaymentService.charge Payment gateway slow response: 1721 ms (threshold 1500 ms)
03-Oct-2026 20:02:47.892 SEVERE [http-nio-8080-exec-2] com.example.shop.service.PaymentService.charge Payment failed for order 10925
	java.net.SocketTimeoutException: Read timed out
		at java.base/sun.nio.ch.NioSocketImpl.timedRead(NioSocketImpl.java:278)
		at com.example.shop.client.GatewayClient.post(GatewayClient.java:88)
		at com.example.shop.service.PaymentService.charge(PaymentService.java:54)
03-Oct-2026 20:02:48.452 INFO [http-nio-8080-exec-3] com.example.shop.web.OrderController.create Order created id=10930 customer=c-1706 total=163.24
03-Oct-2026 20:02:48.886 INFO [http-nio-8080-exec-2] com.example.shop.web.OrderController.create Order created id=10931 customer=c-3939 total=217.00
03-Oct-2026 20:02:48.986 INFO [http-nio-8080-exec-10] com.example.shop.web.OrderController.create Order created id=10932 customer=c-4374 total=189.53
03-Oct-2026 20:02:48.999 INFO [http-nio-8080-exec-9] com.example.shop.web.OrderController.create Order created id=10935 customer=c-3168 total=221.66
03-Oct-2026 20:02:48.999 INFO [http-nio-8080-exec-4] com.example.shop.web.OrderController.create Order created id=10936 customer=c-2128 total=253.71
03-Oct-2026 20:02:49.409 INFO [http-nio-8080-exec-2] com.example.shop.web.OrderController.create Order created id=10937 customer=c-3021 total=182.76
03-Oct-2026 20:02:49.926 INFO [http-nio-8080-exec-9] com.example.shop.web.OrderController.create Order created id=10939 customer=c-4108 total=66.49
03-Oct-2026 20:02:50.600 INFO [Catalina-utility-1] org.apache.catalina.core.StandardContext.reload Reloading Context with name [/shop] has started
03-Oct-2026 20:02:51.236 INFO [http-nio-8080-exec-5] com.example.shop.web.OrderController.create Order created id=10951 customer=c-2363 total=93.88
03-Oct-2026 20:02:51.426 INFO [http-nio-8080-exec-9] com.example.shop.web.OrderController.create Order created id=10952 customer=c-4825 total=219.25
03-Oct-2026 20:02:51.901 INFO [http-nio-8080-exec-1] com.example.shop.web.OrderController.create Order created id=10955 customer=c-1093 total=21.17
03-Oct-2026 20:02:51.956 INFO [http-nio-8080-exec-7] com.example.shop.web.OrderController.create Order created id=10956 customer=c-3543 total=25.67
03-Oct-2026 20:02:51.999 INFO [http-nio-8080-exec-6] com.example.shop.web.OrderController.create Order created id=10957 customer=c-4518 total=102.84
03-Oct-2026 20:02:52.125 INFO [http-nio-8080-exec-1] com.example.shop.web.OrderController.create Order created id=10959 customer=c-2971 total=164.74
03-Oct-2026 20:02:52.935 INFO [http-nio-8080-exec-7] com.example.shop.web.OrderController.create Order created id=10963 customer=c-4604 total=11.14
03-Oct-2026 20:02:53.766 SEVERE [http-nio-8080-exec-8] com.example.shop.service.PaymentService.charge Payment failed for order 10968
	java.net.SocketTimeoutException: Read timed out
		at java.base/sun.nio.ch.NioSocketImpl.timedRead(NioSocketImpl.java:278)
		at com.example.shop.client.GatewayClient.post(GatewayClient.java:88)
		at com.example.shop.service.PaymentService.charge(PaymentService.java:54)
03-Oct-2026 20:02:53.950 INFO [Catalina-utility-2] org.apache.catalina.core.StandardContext.reload Reloading Context with name [/shop] has started
03-Oct-2026 20:02:53.994 INFO [http-nio-8080-exec-5] com.example.shop.web.OrderController.create Order created id=10971 customer=c-2151 total=43.53
03-Oct-2026 20:02:54.198 INFO [http-nio-8080-exec-6] com.example.shop.web.OrderController.create Order created id=10976 customer=c-3856 total=150.49
03-Oct-2026 20:02:54.999 INFO [Catalina-utility-1] org.apache.catalina.core.StandardContext.reload Reloading Context with name [/shop] has started
03-Oct-2026 20:02:54.999 INFO [http-nio-8080-exec-7] com.example.shop.web.OrderController.create Order created id=10982 customer=c-2409 total=82.22
03-Oct-2026 20:02:55.319 WARNING [http-nio-8080-exec-3] com.example.shop.service.PaymentService.charge Payment gateway slow response: 1810 ms (threshold 1500 ms)
03-Oct-2026 20:02:55.377 INFO [http-nio-8080-exec-9] com.example.shop.web.OrderController.create Order created id=10985 customer=c-1708 total=21.61
03-Oct-2026 20:02:55.703 WARNING [http-nio-8080-exec-10] com.example.shop.service.PaymentService.charge Payment gateway slow response: 1767 ms (threshold 1500 ms)
03-Oct-2026 20:02:55.999 WARNING [http-nio-8080-exec-3] com.example.shop.service.PaymentService.charge Payment gateway slow response: 3380 ms (threshold 1500 ms)
03-Oct-2026 20:02:55.999 INFO [http-nio-8080-exec-6] com.example.shop.web.OrderController.create Order created id=10990 customer=c-1653 total=269.47
03-Oct-2026 20:02:55.999 INFO [http-nio-8080-exec-1] com.example.shop.web.OrderController.create Order created id=10991 customer=c-2175 total=270.18
03-Oct-2026 20:02:56.235 INFO [http-nio-8080-exec-5] com.example.shop.web.OrderController.create Order created id=10992 customer=c-1771 total=61.56
03-Oct-2026 20:02:56.280 INFO [http-nio-8080-exec-5] com.example.shop.web.OrderController.create Order created id=10993 customer=c-4860 total=114.50
03-Oct-2026 20:02:56.797 INFO [http-nio-8080-exec-2] com.example.shop.web.OrderController.create Order created id=10996 customer=c-2999 total=125.00
03-Oct-2026 20:02:57.569 INFO [http-nio-8080-exec-7] com.example.shop.web.OrderController.create Order created id=10999 customer=c-1083 total=122.60
03-Oct-2026 20:02:57.999 INFO [http-nio-8080-exec-1] com.example.shop.web.OrderController.create Order created id=11001 customer=c-1050 total=297.22
03-Oct-2026 20:02:58.443 INFO [http-nio-8080-exec-10] com.example.shop.web.OrderController.create Order created id=11006 customer=c-4338 total=71.62
03-Oct-2026 20:02:58.999 SEVERE [http-nio-8080-exec-10] com.example.shop.service.PaymentService.charge Payment failed for order 11009
	java.net.SocketTimeoutException: Read timed out
		at java.base/sun.nio.ch.NioSocketImpl.timedRead(NioSocketImpl.java:278)
		at com.example.shop.client.GatewayClient.post(GatewayClient.java:88)
		at com.example.shop.service.PaymentService.charge(PaymentService.java:54)
03-Oct-2026 20:02:59.999 INFO [http-nio-8080-exec-4] com.example.shop.web.OrderController.create Order created id=11014 customer=c-2802 total=207.51
03-Oct-2026 20:03:00.116 WARNING [http-nio-8080-exec-6] com.example.shop.service.PaymentService.charge Payment gateway slow response: 2072 ms (threshold 1500 ms)
03-Oct-2026 20:03:00.237 INFO [http-nio-8080-exec-8] com.example.shop.web.OrderController.create Order created id=11019 customer=c-2146 total=284.23
03-Oct-2026 20:03:00.913 SEVERE [http-nio-8080-exec-6] com.example.shop.service.PaymentService.charge Payment failed for order 11024
	java.net.SocketTimeoutException: Read timed out
		at java.base/sun.nio.ch.NioSocketImpl.timedRead(NioSocketImpl.java:278)
		at com.example.shop.client.GatewayClient.post(GatewayClient.java:88)
		at com.example.shop.service.PaymentService.charge(PaymentService.java:54)
03-Oct-2026 20:03:00.999 INFO [Catalina-utility-2] org.apache.catalina.core.StandardContext.reload Reloading Context with name [/shop] has started
03-Oct-2026 20:03:00.999 SEVERE [http-nio-8080-exec-10] com.example.shop.service.PaymentService.charge Payment failed for order 11027
	java.net.SocketTimeoutException: Read timed out
		at java.base/sun.nio.ch.NioSocketImpl.timedRead(NioSocketImpl.java:278)
		at com.example.shop.client.GatewayClient.post(GatewayClient.java:88)
		at com.example.shop.service.PaymentService.charge(PaymentService.java:54)
03-Oct-2026 20:03:01.508 WARNING [http-nio-8080-exec-8] com.example.shop.service.PaymentService.charge Payment gateway slow response: 3533 ms (threshold 1500 ms)
03-Oct-2026 20:03:02.108 INFO [Catalina-utility-1] org.apache.catalina.core.StandardContext.reload Reloading Context with name [/shop] has started
03-Oct-2026 20:03:02.288 INFO [http-nio-8080-exec-4] com.example.shop.web.OrderController.create Order created id=11040 customer=c-1122 total=229.88
03-Oct-2026 20:03:02.829 INFO [http-nio-8080-exec-1] com.example.shop.web.OrderController.create Order created id=11043 customer=c-1876 total=59.76
03-Oct-2026 20:03:03.084 INFO [http-nio-8080-exec-5] com.example.shop.web.OrderController.create Order created id=11044 customer=c-4594 total=167.65
03-Oct-2026 20:03:03.267 INFO [http-nio-8080-exec-1] com.example.shop.web.OrderController.create Order created id=11045 customer=c-1091 total=93.05
03-Oct-2026 20:03:03.403 INFO [http-nio-8080-exec-2] com.example.shop.web.OrderController.create Order created id=11046 customer=c-4774 total=229.80
03-Oct-2026 20:03:03.993 INFO [http-nio-8080-exec-9] com.example.shop.web.OrderController.create Order created id=11048 customer=c-3549 total=28.54
03-Oct-2026 20:03:04.154 INFO [http-nio-8080-exec-2] com.example.shop.web.OrderController.create Order created id=11051 customer=c-3947 total=140.88
03-Oct-2026 20:03:04.442 INFO [http-nio-8080-exec-3] com.example.shop.web.OrderController.create Order created id=11053 customer=c-2226 total=38.22
03-Oct-2026 20:03:04.449 INFO [http-nio-8080-exec-5] com.example.shop.web.OrderController.create Order created id=11054 customer=c-3837 total=225.47
03-Oct-2026 20:03:04.513 INFO [http-nio-8080-exec-9] com.example.shop.web.OrderController.create Order created id=11055 customer=c-1399 total=152.72
03-Oct-2026 20:03:04.720 WARNING [http-nio-8080-exec-4] com.example.shop.service.PaymentService.charge Payment gateway slow response: 1751 ms (threshold 1500 ms)
03-Oct-2026 20:03:05.999 WARNING [http-nio-8080-exec-3] com.example.shop.service.PaymentService.charge Payment gateway slow response: 3783 ms (threshold 1500 ms)
03-Oct-2026 20:03:06.427 INFO [http-nio-8080-exec-10] com.example.shop.web.OrderController.create Order created id=11066 customer=c-2504 total=96.34
03-Oct-2026 20:03:06.977 INFO [Catalina-utility-1] org.apache.catalina.core.StandardContext.reload Reloading Context with name [/shop] has started
03-Oct-2026 20:03:07.620 INFO [http-nio-8080-exec-8] com.example.shop.web.OrderController.create Order created id=11076 customer=c-1334 total=45.74
03-Oct-2026 20:03:07.999 WARNING [http-nio-8080-exec-4] com.example.shop.service.PaymentService.charge Payment gateway slow response: 1634 ms (threshold 1500 ms)
03-Oct-2026 20:03:08.714 SEVERE [http-nio-8080-exec-4] com.example.shop.service.PaymentService.charge Payment failed for order 11084
	java.net.SocketTimeoutException: Read timed out
		at java.base/sun.nio.ch.NioSocketImpl.timedRead(NioSocketImpl.java:278)
		at com.example.shop.client.GatewayClient.post(GatewayClient.java:88)
		at com.example.shop.service.PaymentService.charge(PaymentService.java:54)
03-Oct-2026 20:03:09.327 INFO [Catalina-utility-2] org.apache.catalina.core.StandardContext.reload Reloading Context with name [/shop] has started
03-Oct-2026 20:03:09.459 INFO [http-nio-8080-exec-3] com.example.shop.web.OrderController.create Order created id=11090 customer=c-1051 total=179.48
03-Oct-2026 20:03:09.787 SEVERE [http-nio-8080-exec-4] com.example.shop.service.PaymentService.charge Payment failed for order 11093
	java.net.SocketTimeoutException: Read timed out
		at java.base/sun.nio.ch.NioSocketImpl.timedRead(NioSocketImpl.java:278)
		at com.example.shop.client.GatewayClient.post(GatewayClient.java:88)
		at com.example.shop.service.PaymentService.charge(PaymentService.java:54)
03-Oct-2026 20:03:09.960 SEVERE [http-nio-8080-exec-7] com.example.shop.service.PaymentService.charge Payment failed for order 11094
	java.net.SocketTimeoutException: Read timed out
		at java.base/sun.nio.ch.NioSocketImpl.timedRead(NioSocketImpl.java:278)
		at com.example.shop.client.GatewayClient.post(GatewayClient.java:88)
		at com.example.shop.service.PaymentService.charge(PaymentService.java:54)
03-Oct-2026 20:03:09.999 INFO [http-nio-8080-exec-4] com.example.shop.web.OrderController.create Order created id=11097 customer=c-3136 total=273.47
03-Oct-2026 20:03:10.275 INFO [http-nio-8080-exec-9] com.example.shop.web.OrderController.create Order created id=11099 customer=c-4875 total=5.54
03-Oct-2026 20:03:10.473 WARNING [http-nio-8080-exec-2] com.example.shop.service.PaymentService.charge Payment gateway slow response: 3116 ms (threshold 1500 ms)
03-Oct-2026 20:03:10.999 INFO [http-nio-8080-exec-3] com.example.shop.web.OrderController.create Order created id=11106 customer=c-3031 total=166.38
03-Oct-2026 20:03:11.952 INFO [http-nio-8080-exec-3] com.example.shop.web.OrderController.create Order created id=11109 customer=c-3799 total=23.49
03-Oct-2026 20:03:11.999 INFO [http-nio-8080-exec-2] com.example.shop.web.OrderController.create Order created id=11110 customer=c-4466 total=52.97
03-Oct-2026 20:03:12.287 INFO [http-nio-8080-exec-2] com.example.shop.web.OrderController.create Order created id=11111 customer=c-2519 total=156.68
03-Oct-2026 20:03:12.584 INFO [http-nio-8080-exec-6] com.example.shop.web.OrderController.create Order created id=11112 customer=c-2736 total=296.16
03-Oct-2026 20:03:12.999 INFO [http-nio-8080-exec-6] com.example.shop.web.OrderController.create Order created id=11114 customer=c-2271 total=82.71
03-Oct-2026 20:03:12.999 SEVERE [http-nio-8080-exec-10] com.example.shop.service.PaymentService.charge Payment failed for order 11117
	java.net.SocketTimeoutException: Read timed out
		at java.base/sun.nio.ch.NioSocketImpl.timedRead(NioSocketImpl.java:278)
		at com.example.shop.client.GatewayClient.post(GatewayClient.java:88)
		at com.example.shop.service.PaymentService.charge(PaymentService.java:54)
03-Oct-2026 20:03:13.663 INFO [http-nio-8080-exec-1] com.example.shop.web.OrderController.create Order created id=11119 customer=c-4062 total=209.50
03-Oct-2026 20:03:14.166 INFO [http-nio-8080-exec-7] com.example.shop.web.OrderController.create Order created id=11123 customer=c-2190 total=165.03
03-Oct-2026 20:03:14.999 SEVERE [http-nio-8080-exec-9] com.example.shop.service.PaymentService.charge Payment failed for order 11129
	java.net.SocketTimeoutException: Read timed out
		at java.base/sun.nio.ch.NioSocketImpl.timedRead(NioSocketImpl.java:278)
		at com.example.shop.client.GatewayClient.post(GatewayClient.java:88)
		at com.example.shop.service.PaymentService.charge(PaymentService.java:54)
03-Oct-2026 20:03:15.396 WARNING [http-nio-8080-exec-4] com.example.shop.service.PaymentService.charge Payment gateway slow response: 2919 ms (threshold 1500 ms)
03-Oct-2026 20:03:16.999 INFO [http-nio-8080-exec-5] com.example.shop.web.OrderController.create Order created id=11137 customer=c-3196 total=78.44
03-Oct-2026 20:03:16.999 INFO [http-nio-8080-exec-4] com.example.shop.web.OrderController.create Order created id=11138 customer=c-2544 total=60.08
03-Oct-2026 20:03:17.612 INFO [http-nio-8080-exec-10] com.example.shop.web.OrderController.create Order created id=11142 customer=c-3356 total=32.10
03-Oct-2026 20:03:18.466 INFO [http-nio-8080-exec-10] com.example.shop.web.OrderController.create Order created id=11148 customer=c-4819 total=190.49
03-Oct-2026 20:03:18.953 INFO [http-nio-8080-exec-9] com.example.shop.web.OrderController.create Order created id=11151 customer=c-1915 total=41.84
03-Oct-2026 20:03:19.123 SEVERE [http-nio-8080-exec-10] com.example.shop.service.PaymentService.charge Payment failed for order 11153
	java.net.SocketTimeoutException: Read timed out
		at java.base/sun.nio.ch.NioSocketImpl.timedRead(NioSocketImpl.java:278)
		at com.example.shop.client.GatewayClient.post(GatewayClient.java:88)
		at com.example.shop.service.PaymentService.charge(PaymentService.java:54)
03-Oct-2026 20:03:20.333 INFO [http-nio-8080-exec-2] com.example.shop.web.OrderController.create Order created id=11160 customer=c-2821 total=135.88
03-Oct-2026 20:03:20.639 INFO [http-nio-8080-exec-3] com.example.shop.web.OrderController.create Order created id=11164 customer=c-3768 total=248.51
03-Oct-2026 20:03:21.287 WARNING [http-nio-8080-exec-1] com.example.shop.service.PaymentService.charge Payment gateway slow response: 2712 ms (threshold 1500 ms)
03-Oct-2026 20:03:21.634 INFO [Catalina-utility-1] org.apache.catalina.core.StandardContext.reload Reloading Context with name [/shop] has started
03-Oct-2026 20:03:22.250 SEVERE [http-nio-8080-exec-9] com.example.shop.service.PaymentService.charge Payment failed for order 11177
	java.net.SocketTimeoutException: Read timed out
		at java.base/sun.nio.ch.NioSocketImpl.timedRead(NioSocketImpl.java:278)
		at com.example.shop.client.GatewayClient.post(GatewayClient.java:88)
		at com.example.shop.service.PaymentService.charge(PaymentService.java:54)
03-Oct-2026 20:03:22.999 INFO [http-nio-8080-exec-3] com.example.shop.web.OrderController.create Order created id=11183 customer=c-3642 total=115.99
03-Oct-2026 20:03:23.335 INFO [http-nio-8080-exec-10] com.example.shop.web.OrderController.create Order created id=11185 customer=c-1792 total=201.86
03-Oct-2026 20:03:24.141 WARNING [http-nio-8080-exec-9] com.example.shop.service.PaymentService.charge Payment gateway slow response: 3803 ms (threshold 1500 ms)
03-Oct-2026 20:03:24.529 INFO [http-nio-8080-exec-8] com.example.shop.web.OrderController.create Order created id=11194 customer=c-1112 total=47.92
03-Oct-2026 20:03:24.604 INFO [http-nio-8080-exec-9] com.example.shop.web.OrderController.create Order created id=11195 customer=c-3915 total=208.88
03-Oct-2026 20:03:25.564 INFO [http-nio-8080-exec-10] com.example.shop.web.OrderController.create Order created id=11205 customer=c-4649 total=91.63
03-Oct-2026 20:03:26.275 WARNING [http-nio-8080-exec-8] com.example.shop.service.PaymentService.charge Payment gateway slow response: 3996 ms (threshold 1500 ms)
03-Oct-2026 20:03:26.317 INFO [http-nio-8080-exec-3] com.example.shop.web.OrderController.create Order created id=11211 customer=c-3051 total=295.84
03-Oct-2026 20:03:26.411 WARNING [http-nio-8080-exec-3] com.example.shop.service.PaymentService.charge Payment gateway slow response: 3832 ms (threshold 1500 ms)
03-Oct-2026 20:03:26.617 SEVERE [http-nio-8080-exec-10] com.example.shop.service.PaymentService.charge Payment failed for order 11215
	java.net.SocketTimeoutException: Read timed out
		at java.base/sun.nio.ch.NioSocketImpl.timedRead(NioSocketImpl.java:278)
		at com.example.shop.client.GatewayClient.post(GatewayClient.java:88)
		at com.example.shop.service.PaymentService.charge(PaymentService.java:54)
03-Oct-2026 20:03:27.060 WARNING [http-nio-8080-exec-6] com.example.shop.service.PaymentService.charge Payment gateway slow response: 3542 ms (threshold 1500 ms)
03-Oct-2026 20:03:27.186 INFO [Catalina-utility-2] org.apache.catalina.core.StandardContext.reload Reloading Context with name [/shop] has started
03-Oct-2026 20:03:27.515 INFO [http-nio-8080-exec-3] com.example.shop.web.OrderController.create Order created id=11223 customer=c-2500 total=110.10
03-Oct-2026 20:03:27.887 INFO [http-nio-8080-exec-10] com.example.shop.web.OrderController.create Order created id=11225 customer=c-2694 total=231.16
03-Oct-2026 20:03:27.999 INFO [http-nio-8080-exec-6] com.example.shop.web.OrderController.create Order created id=11230 customer=c-1947 total=35.51
03-Oct-2026 20:03:28.461 WARNING [http-nio-8080-exec-4] com.example.shop.service.PaymentService.charge Payment gateway slow response: 3436 ms (threshold 1500 ms)
03-Oct-2026 20:03:28.627 SEVERE [http-nio-8080-exec-9] com.example.shop.service.PaymentService.charge Payment failed for order 11232
	java.net.SocketTimeoutException: Read timed out
		at java.base/sun.nio.ch.NioSocketImpl.timedRead(NioSocketImpl.java:278)
		at com.example.shop.client.GatewayClient.post(GatewayClient.java:88)
		at com.example.shop.service.PaymentService.charge(PaymentService.java:54)
03-Oct-2026 20:03:28.999 WARNING [http-nio-8080-exec-10] com.example.shop.service.PaymentService.charge Payment gateway slow response: 3472 ms (threshold 1500 ms)
03-Oct-2026 20:03:28.999 INFO [http-nio-8080-exec-8] com.example.shop.web.OrderController.create Order created id=11236 customer=c-3800 total=299.58
03-Oct-2026 20:03:29.359 INFO [http-nio-8080-exec-3] com.example.shop.web.OrderController.create Order created id=11240 customer=c-4177 total=280.76
03-Oct-2026 20:03:29.661 INFO [http-nio-8080-exec-5] com.example.shop.web.OrderController.create Order created id=11243 customer=c-2937 total=135.63
03-Oct-2026 20:03:29.843 WARNING [http-nio-8080-exec-5] com.example.shop.service.PaymentService.charge Payment gateway slow response: 1991 ms (threshold 1500 ms)
03-Oct-2026 20:03:29.999 INFO [http-nio-8080-exec-4] com.example.shop.web.OrderController.create Order created id=11245 customer=c-3390 total=133.32
03-Oct-2026 20:03:29.999 INFO [http-nio-8080-exec-9] com.example.shop.web.OrderController.create Order created id=11246 customer=c-2594 total=73.52
03-Oct-2026 20:03:30.415 INFO [http-nio-8080-exec-7] com.example.shop.web.OrderController.create Order created id=11248 customer=c-3618 total=201.70
03-Oct-2026 20:03:30.524 WARNING [http-nio-8080-exec-4] com.example.shop.service.PaymentService.charge Payment gateway slow response: 1611 ms (threshold 1500 ms)
03-Oct-2026 20:03:30.681 INFO [http-nio-8080-exec-6] com.example.shop.web.OrderController.create Order created id=11250 customer=c-3050 total=258.42
03-Oct-2026 20:03:30.999 SEVERE [http-nio-8080-exec-8] com.example.shop.service.PaymentService.charge Payment failed for order 11255
	java.net.SocketTimeoutException: Read timed out
		at java.base/sun.nio.ch.NioSocketImpl.timedRead(NioSocketImpl.java:278)
		at com.example.shop.client.GatewayClient.post(GatewayClient.java:88)
		at com.example.shop.service.PaymentService.charge(PaymentService.java:54)
03-Oct-2026 20:03:30.999 WARNING [http-nio-8080-exec-10] com.example.shop.service.PaymentService.charge Payment gateway slow response: 1843 ms (threshold 1500 ms)
03-Oct-2026 20:03:32.303 SEVERE [http-nio-8080-exec-2] com.example.shop.service.PaymentService.charge Payment failed for order 11267
	java.net.SocketTimeoutException: Read timed out
		at java.base/sun.nio.ch.NioSocketImpl.timedRead(NioSocketImpl.java:278)
		at com.example.shop.client.GatewayClient.post(GatewayClient.java:88)
		at com.example.shop.service.PaymentService.charge(PaymentService.java:54)
03-Oct-2026 20:03:32.999 INFO [http-nio-8080-exec-6] com.example.shop.web.OrderController.create Order created id=11275 customer=c-1140 total=254.88
03-Oct-2026 20:03:32.999 INFO [http-nio-8080-exec-7] com.example.shop.web.OrderController.create Order created id=11277 customer=c-1004 total=277.79
03-Oct-2026 20:03:33.667 INFO [http-nio-8080-exec-3] com.example.shop.web.OrderController.create Order created id=11285 customer=c-1863 total=27.79
03-Oct-2026 20:03:33.999 INFO [http-nio-8080-exec-8] com.example.shop.web.OrderController.create Order created id=11290 customer=c-2267 total=180.30
03-Oct-2026 20:03:33.999 INFO [http-nio-8080-exec-2] com.example.shop.web.OrderController.create Order created id=11292 customer=c-2863 total=78.77
03-Oct-2026 20:03:34.137 INFO [http-nio-8080-exec-3] com.example.shop.web.OrderController.create Order created id=11293 customer=c-2736 total=119.12
03-Oct-2026 20:03:34.563 INFO [http-nio-8080-exec-8] com.example.shop.web.OrderController.create Order created id=11295 customer=c-2876 total=30.52
03-Oct-2026 20:03:34.934 INFO [http-nio-8080-exec-9] com.example.shop.web.OrderController.create Order created id=11298 customer=c-1719 total=158.20
03-Oct-2026 20:03:34.999 INFO [http-nio-8080-exec-9] com.example.shop.web.OrderController.create Order created id=11299 customer=c-2224 total=2.72
03-Oct-2026 20:03:34.999 INFO [http-nio-8080-exec-7] com.example.shop.web.OrderController.create Order created id=11300 customer=c-3807 total=187.93
03-Oct-2026 20:03:35.339 INFO [http-nio-8080-exec-6] com.example.shop.web.OrderController.create Order created id=11302 customer=c-1828 total=250.33
03-Oct-2026 20:03:35.443 SEVERE [http-nio-8080-exec-8] com.example.shop.service.PaymentService.charge Payment failed for order 11303
	java.net.SocketTimeoutException: Read timed out
		at java.base/sun.nio.ch.NioSocketImpl.timedRead(NioSocketImpl.java:278)
		at com.example.shop.client.GatewayClient.post(GatewayClient.java:88)
		at com.example.shop.service.PaymentService.charge(PaymentService.java:54)
03-Oct-2026 20:03:35.698 INFO [http-nio-8080-exec-6] com.example.shop.web.OrderController.create Order created id=11304 customer=c-3817 total=284.25
03-Oct-2026 20:03:35.999 INFO [http-nio-8080-exec-2] com.example.shop.web.OrderController.create Order created id=11307 customer=c-4865 total=232.21
03-Oct-2026 20:03:36.139 WARNING [http-nio-8080-exec-10] com.example.shop.service.PaymentService.charge Payment gateway slow response: 2702 ms (threshold 1500 ms)
03-Oct-2026 20:03:36.718 INFO [http-nio-8080-exec-10] com.example.shop.web.OrderController.create Order created id=11313 customer=c-3143 total=139.99
03-Oct-2026 20:03:36.999 INFO [http-nio-8080-exec-7] com.example.shop.web.OrderController.create Order created id=11315 customer=c-4772 total=252.79
03-Oct-2026 20:03:37.345 INFO [http-nio-8080-exec-9] com.example.shop.web.OrderController.create Order created id=11317 customer=c-1616 total=80.42
03-Oct-2026 20:03:37.999 INFO [http-nio-8080-exec-6] com.example.shop.web.OrderController.create Order created id=11321 customer=c-4214 total=28.09
03-Oct-2026 20:03:38.459 SEVERE [http-nio-8080-exec-7] com.example.shop.service.PaymentService.charge Payment failed for order 11324
	java.net.SocketTimeoutException: Read timed out
		at java.base/sun.nio.ch.NioSocketImpl.timedRead(NioSocketImpl.java:278)
		at com.example.shop.client.GatewayClient.post(GatewayClient.java:88)
		at com.example.shop.service.PaymentService.charge(PaymentService.java:54)
03-Oct-2026 20:03:39.149 INFO [Catalina-utility-1] org.apache.catalina.core.StandardContext.reload Reloading Context with name [/shop] has started
03-Oct-2026 20:03:39.322 INFO [http-nio-8080-exec-4] com.example.shop.web.OrderController.create Order created id=11329 customer=c-2157 total=75.09
03-Oct-2026 20:03:39.617 SEVERE [http-nio-8080-exec-8] com.example.shop.service.PaymentService.charge Payment failed for order 11332
	java.net.SocketTimeoutException: Read timed out
		at java.base/sun.nio.ch.NioSocketImpl.timedRead(NioSocketImpl.java:278)
		at com.example.shop.client.GatewayClient.post(GatewayClient.java:88)
		at com.example.shop.service.PaymentService.charge(PaymentService.java:54)
03-Oct-2026 20:03:39.999 SEVERE [http-nio-8080-exec-5] com.example.shop.service.PaymentService.charge Payment failed for order 11335
	java.net.SocketTimeoutException: Read timed out
		at java.base/sun.nio.ch.NioSocketImpl.timedRead(NioSocketImpl.java:278)
		at com.example.shop.client.GatewayClient.post(GatewayClient.java:88)
		at com.example.shop.service.PaymentService.charge(PaymentService.java:54)
03-Oct-2026 20:03:39.999 INFO [http-nio-8080-exec-9] com.example.shop.web.OrderController.create Order created id=11337 customer=c-2752 total=171.92
03-Oct-2026 20:03:40.269 INFO [http-nio-8080-exec-3] com.example.shop.web.OrderController.create Order created id=11339 customer=c-2091 total=66.49
03-Oct-2026 20:03:40.501 INFO [Catalina-utility-2] org.apache.catalina.core.StandardContext.reload Reloading Context with name [/shop] has started
03-Oct-2026 20:03:41.145 INFO [http-nio-8080-exec-3] com.example.shop.web.OrderController.create Order created id=11345 customer=c-1873 total=148.49
03-Oct-2026 20:03:41.324 INFO [http-nio-8080-exec-4] com.example.shop.web.OrderController.create Order created id=11348 customer=c-2124 total=177.99
03-Oct-2026 20:03:41.428 INFO [http-nio-8080-exec-5] com.example.shop.web.OrderController.create Order created id=11349 customer=c-2797 total=166.58
03-Oct-2026 20:03:41.774 INFO [http-nio-8080-exec-6] com.example.shop.web.OrderController.create Order created id=11351 customer=c-1960 total=115.25
03-Oct-2026 20:03:41.812 INFO [http-nio-8080-exec-6] com.example.shop.web.OrderController.create Order created id=11352 customer=c-1212 total=30.81
03-Oct-2026 20:03:41.927 INFO [http-nio-8080-exec-7] com.example.shop.web.OrderController.create Order created id=11353 customer=c-3714 total=141.24
03-Oct-2026 20:03:41.999 INFO [http-nio-8080-exec-10] com.example.shop.web.OrderController.create Order created id=11357 customer=c-2830 total=112.73
03-Oct-2026 20:03:41.999 INFO [http-nio-8080-exec-4] com.example.shop.web.OrderController.create Order created id=11358 customer=c-1239 total=10.27
03-Oct-2026 20:03:42.124 INFO [http-nio-8080-exec-8] com.example.shop.web.OrderController.create Order created id=11359 customer=c-4195 total=170.29
03-Oct-2026 20:03:42.210 INFO [http-nio-8080-exec-6] com.example.shop.web.OrderController.create Order created id=11360 customer=c-1074 total=228.48
03-Oct-2026 20:03:42.384 INFO [http-nio-8080-exec-1] com.example.shop.web.OrderController.create Order created id=11363 customer=c-1007 total=249.51
03-Oct-2026 20:03:44.475 INFO [http-nio-8080-exec-9] com.example.shop.web.OrderController.create Order created id=11373 customer=c-3839 total=252.95
03-Oct-2026 20:03:44.535 INFO [http-nio-8080-exec-10] com.example.shop.web.OrderController.create Order created id=11374 customer=c-1540 total=19.71
03-Oct-2026 20:03:44.629 INFO [http-nio-8080-exec-1] com.example.shop.web.OrderController.create Order created id=11375 customer=c-1761 total=201.46
03-Oct-2026 20:03:44.999 WARNING [http-nio-8080-exec-1] com.example.shop.service.PaymentService.charge Payment gateway slow response: 3365 ms (threshold 1500 ms)
03-Oct-2026 20:03:45.222 INFO [http-nio-8080-exec-6] com.example.shop.web.OrderController.create Order created id=11384 customer=c-4900 total=150.21
03-Oct-2026 20:03:45.350 INFO [http-nio-8080-exec-8] com.example.shop.web.OrderController.create Order created id=11386 customer=c-1891 total=17.82
03-Oct-2026 20:03:45.618 INFO [http-nio-8080-exec-9] com.example.shop.web.OrderController.create Order created id=11387 customer=c-2143 total=233.63
03-Oct-2026 20:03:45.773 INFO [http-nio-8080-exec-1] com.example.shop.web.OrderController.create Order created id=11388 customer=c-3024 total=149.78
03-Oct-2026 20:03:45.952 SEVERE [http-nio-8080-exec-6] com.example.shop.service.PaymentService.charge Payment failed for order 11389
	java.net.SocketTimeoutException: Read timed out
		at java.base/sun.nio.ch.NioSocketImpl.timedRead(NioSocketImpl.java:278)
		at com.example.shop.client.GatewayClient.post(GatewayClient.java:88)
		at com.example.shop.service.PaymentService.charge(PaymentService.java:54)
03-Oct-2026 20:03:45.999 WARNING [http-nio-8080-exec-5] com.example.shop.service.PaymentService.charge Payment gateway slow response: 3738 ms (threshold 1500 ms)
03-Oct-2026 20:03:46.115 INFO [Catalina-utility-1] org.apache.catalina.core.StandardContext.reload Reloading Context with name [/shop] has started
03-Oct-2026 20:03:47.042 INFO [http-nio-8080-exec-5] com.example.shop.web.OrderController.create Order created id=11401 customer=c-3687 total=232.95
03-Oct-2026 20:03:47.751 INFO [http-nio-8080-exec-6] com.example.shop.web.OrderController.create Order created id=11406 customer=c-2657 total=188.03
03-Oct-2026 20:03:47.983 SEVERE [http-nio-8080-exec-6] com.example.shop.service.PaymentService.charge Payment failed for order 11407
	java.net.SocketTimeoutException: Read timed out
		at java.base/sun.nio.ch.NioSocketImpl.timedRead(NioSocketImpl.java:278)
		at com.example.shop.client.GatewayClient.post(GatewayClient.java:88)
		at com.example.shop.service.PaymentService.charge(PaymentService.java:54)
03-Oct-2026 20:03:48.810 INFO [http-nio-8080-exec-9] com.example.shop.web.OrderController.create Order created id=11410 customer=c-1443 total=272.15
03-Oct-2026 20:03:49.999 SEVERE [http-nio-8080-exec-2] com.example.shop.service.PaymentService.charge Payment failed for order 11418
	java.net.SocketTimeoutException: Read timed out
		at java.base/sun.nio.ch.NioSocketImpl.timedRead(NioSocketImpl.java:278)
		at com.example.shop.client.GatewayClient.post(GatewayClient.java:88)
		at com.example.shop.service.PaymentService.charge(PaymentService.java:54)
03-Oct-2026 20:03:50.724 INFO [http-nio-8080-exec-10] com.example.shop.web.OrderController.create Order created id=11424 customer=c-3625 total=255.84
03-Oct-2026 20:03:51.999 INFO [http-nio-8080-exec-3] com.example.shop.web.OrderController.create Order created id=11431 customer=c-2354 total=269.34
03-Oct-2026 20:03:51.999 INFO [Catalina-utility-2] org.apache.catalina.core.StandardContext.reload Reloading Context with name [/shop] has started
03-Oct-2026 20:03:52.822 INFO [http-nio-8080-exec-1] com.example.shop.web.OrderController.create Order created id=11436 customer=c-4233 total=40.82
03-Oct-2026 20:03:52.999 INFO [Catalina-utility-2] org.apache.catalina.core.StandardContext.reload Reloading Context with name [/shop] has started
03-Oct-2026 20:03:53.118 INFO [http-nio-8080-exec-6] com.example.shop.web.OrderController.create Order created id=11442 customer=c-4213 total=288.35
03-Oct-2026 20:03:53.527 WARNING [http-nio-8080-exec-6] com.example.shop.service.PaymentService.charge Payment gateway slow response: 2017 ms (threshold 1500 ms)
03-Oct-2026 20:03:53.864 INFO [http-nio-8080-exec-8] com.example.shop.web.OrderController.create Order created id=11446 customer=c-2509 total=191.34
03-Oct-2026 20:03:53.999 WARNING [http-nio-8080-exec-6] com.example.shop.service.PaymentService.charge Payment gateway slow response: 3625 ms (threshold 1500 ms)
03-Oct-2026 20:03:53.999 WARNING [http-nio-8080-exec-10] com.example.shop.service.PaymentService.charge Payment gateway slow response: 1955 ms (threshold 1500 ms)
03-Oct-2026 20:03:54.329 INFO [http-nio-8080-exec-5] com.example.shop.web.OrderController.create Order created id=11449 customer=c-2790 total=85.34
03-Oct-2026 20:03:54.479 INFO [http-nio-8080-exec-5] com.example.shop.web.OrderController.create Order created id=11450 customer=c-2241 total=257.59
03-Oct-2026 20:03:54.999 INFO [http-nio-8080-exec-5] com.example.shop.web.OrderController.create Order created id=11451 customer=c-2763 total=268.46
03-Oct-2026 20:03:55.586 INFO [http-nio-8080-exec-7] com.example.shop.web.OrderController.create Order created id=11454 customer=c-3712 total=35.31
03-Oct-2026 20:03:55.792 SEVERE [http-nio-8080-exec-10] com.example.shop.service.PaymentService.charge Payment failed for order 11455
	java.net.SocketTimeoutException: Read timed out
		at java.base/sun.nio.ch.NioSocketImpl.timedRead(NioSocketImpl.java:278)
		at com.example.shop.client.GatewayClient.post(GatewayClient.java:88)
		at com.example.shop.service.PaymentService.charge(PaymentService.java:54)
03-Oct-2026 20:03:55.999 INFO [http-nio-8080-exec-10] com.example.shop.web.OrderController.create Order created id=11456 customer=c-1273 total=66.97
03-Oct-2026 20:03:56.999 WARNING [http-nio-8080-exec-7] com.example.shop.service.PaymentService.charge Payment gateway slow response: 3273 ms (threshold 1500 ms)
03-Oct-2026 20:03:56.999 WARNING [http-nio-8080-exec-7] com.example.shop.service.PaymentService.charge Payment gateway slow response: 3561 ms (threshold 1500 ms)
03-Oct-2026 20:03:56.999 INFO [http-nio-8080-exec-1] com.example.shop.web.OrderController.create Order created id=11468 customer=c-4207 total=193.92
03-Oct-2026 20:03:57.140 INFO [Catalina-utility-2] org.apache.catalina.core.StandardContext.reload Reloading Context with name [/shop] has started
03-Oct-2026 20:03:57.999 INFO [http-nio-8080-exec-2] com.example.shop.web.OrderController.create Order created id=11473 customer=c-4850 total=230.05
03-Oct-2026 20:03:59.999 INFO [http-nio-8080-exec-2] com.example.shop.web.OrderController.create Order created id=11488 customer=c-4636 total=53.62
03-Oct-2026 20:04:00.301 INFO [http-nio-8080-exec-10] com.example.shop.web.OrderController.create Order created id=11491 customer=c-3621 total=163.18
03-Oct-2026 20:04:00.502 INFO [http-nio-8080-exec-8] com.example.shop.web.OrderController.create Order created id=11493 customer=c-3051 total=205.07
03-Oct-2026 20:04:00.999 INFO [http-nio-8080-exec-7] com.example.shop.web.OrderController.create Order created id=11496 customer=c-2201 total=185.54
03-Oct-2026 20:04:01.282 INFO [http-nio-8080-exec-2] com.example.shop.web.OrderController.create Order created id=11498 customer=c-4887 total=200.94
03-Oct-2026 20:04:01.999 WARNING [http-nio-8080-exec-4] com.example.shop.service.PaymentService.charge Payment gateway slow response: 1648 ms (threshold 1500 ms)
03-Oct-2026 20:04:01.999 INFO [http-nio-8080-exec-1] com.example.shop.web.OrderController.create Order created id=11503 customer=c-2246 total=160.00
03-Oct-2026 20:04:02.445 INFO [Catalina-utility-2] org.apache.catalina.core.StandardContext.reload Reloading Context with name [/shop] has started
03-Oct-2026 20:04:02.605 WARNING [http-nio-8080-exec-3] com.example.shop.service.PaymentService.charge Payment gateway slow response: 2883 ms (threshold 1500 ms)
03-Oct-2026 20:04:03.046 INFO [http-nio-8080-exec-9] com.example.shop.web.OrderController.create Order created id=11515 customer=c-1139 total=96.21
03-Oct-2026 20:04:03.999 INFO [http-nio-8080-exec-10] com.example.shop.web.OrderController.create Order created id=11521 customer=c-4533 total=276.50
03-Oct-2026 20:04:04.096 WARNING [http-nio-8080-exec-2] com.example.shop.service.PaymentService.charge Payment gateway slow response: 1695 ms (threshold 1500 ms)
03-Oct-2026 20:04:04.428 INFO [http-nio-8080-exec-2] com.example.shop.web.OrderController.create Order created id=11527 customer=c-3497 total=171.93
03-Oct-2026 20:04:04.662 INFO [http-nio-8080-exec-2] com.example.shop.web.OrderController.create Order created id=11530 customer=c-1055 total=39.26
03-Oct-2026 20:04:04.844 SEVERE [http-nio-8080-exec-6] com.example.shop.service.PaymentService.charge Payment failed for order 11531
	java.net.SocketTimeoutException: Read timed out
		at java.base/sun.nio.ch.NioSocketImpl.timedRead(NioSocketImpl.java:278)
		at com.example.shop.client.GatewayClient.post(GatewayClient.java:88)
		at com.example.shop.service.PaymentService.charge(PaymentService.java:54)
03-Oct-2026 20:04:04.940 SEVERE [http-nio-8080-exec-10] com.example.shop.service.PaymentService.charge Payment failed for order 11532
	java.net.SocketTimeoutException: Read timed out
		at java.base/sun.nio.ch.NioSocketImpl.timedRead(NioSocketImpl.java:278)
		at com.example.shop.client.GatewayClient.post(GatewayClient.java:88)
		at com.example.shop.service.PaymentService.charge(PaymentService.java:54)
03-Oct-2026 20:20:27.476 INFO [http-nio-8080-exec-4] com.example.shop.web.OrderController.create Order created id=10613 customer=c-2781 total=112.07
03-Oct-2026 20:20:28.152 INFO [http-nio-8080-exec-3] com.example.shop.web.OrderController.create Order created id=10616 customer=c-4599 total=48.05
03-Oct-2026 20:20:29.738 INFO [http-nio-8080-exec-8] com.example.shop.web.OrderController.create Order created id=10626 customer=c-1878 total=192.46
03-Oct-2026 20:20:30.097 INFO [http-nio-8080-exec-2] com.example.shop.web.OrderController.create Order created id=10633 customer=c-2693 total=189.96
03-Oct-2026 20:20:30.147 INFO [http-nio-8080-exec-5] com.example.shop.web.OrderController.create Order created id=10634 customer=c-2127 total=120.54
03-Oct-2026 20:20:30.956 SEVERE [http-nio-8080-exec-7] com.example.shop.service.PaymentService.charge Payment failed for order 10636
	java.net.SocketTimeoutException: Read timed out
		at java.base/sun.nio.ch.NioSocketImpl.timedRead(NioSocketImpl.java:278)
		at com.example.shop.client.GatewayClient.post(GatewayClient.java:88)
		at com.example.shop.service.PaymentService.charge(PaymentService.java:54)
03-Oct-2026 20:20:30.999 INFO [http-nio-8080-exec-6] com.example.shop.web.OrderController.create Order created id=10637 customer=c-4880 total=215.53
03-Oct-2026 20:20:30.999 INFO [Catalina-utility-2] org.apache.catalina.core.StandardContext.reload Reloading Context with name [/shop] has started
03-Oct-2026 20:20:31.021 SEVERE [http-nio-8080-exec-1] com.example.shop.service.PaymentService.charge Payment failed for order 10640
	java.net.SocketTimeoutException: Read timed out
		at java.base/sun.nio.ch.NioSocketImpl.timedRead(NioSocketImpl.java:278)
		at com.example.shop.client.GatewayClient.post(GatewayClient.java:88)
		at com.example.shop.service.PaymentService.charge(PaymentService.java:54)
03-Oct-2026 20:20:31.254 SEVERE [http-nio-8080-exec-7] com.example.shop.service.PaymentService.charge Payment failed for order 10641
	java.net.SocketTimeoutException: Read timed out
		at java.base/sun.nio.ch.NioSocketImpl.timedRead(NioSocketImpl.java:278)
		at com.example.shop.client.GatewayClient.post(GatewayClient.java:88)
		at com.example.shop.service.PaymentService.charge(PaymentService.java:54)
03-Oct-2026 20:20:31.866 SEVERE [http-nio-8080-exec-5] com.example.shop.service.PaymentService.charge Payment failed for order 10643
	java.net.SocketTimeoutException: Read timed out
		at java.base/sun.nio.ch.NioSocketImpl.timedRead(NioSocketImpl.java:278)
		at com.example.shop.client.GatewayClient.post(GatewayClient.java:88)
		at com.example.shop.service.PaymentService.charge(PaymentService.java:54)
03-Oct-2026 20:20:31.883 INFO [http-nio-8080-exec-7] com.example.shop.web.OrderController.create Order created id=10644 customer=c-1778 total=9.38
03-Oct-2026 20:20:32.071 WARNING [http-nio-8080-exec-8] com.example.shop.service.PaymentService.charge Payment gateway slow response: 3016 ms (threshold 1500 ms)
03-Oct-2026 20:20:32.436 INFO [Catalina-utility-2] org.apache.catalina.core.StandardContext.reload Reloading Context with name [/shop] has started
03-Oct-2026 20:20:32.999 INFO [http-nio-8080-exec-1] com.example.shop.web.OrderController.create Order created id=10654 customer=c-2613 total=170.65
03-Oct-2026 20:20:33.381 SEVERE [http-nio-8080-exec-3] com.example.shop.service.PaymentService.charge Payment failed for order 10655
	java.net.SocketTimeoutException: Read timed out
		at java.base/sun.nio.ch.NioSocketImpl.timedRead(NioSocketImpl.java:278)
		at com.example.shop.client.GatewayClient.post(GatewayClient.java:88)
		at com.example.shop.service.PaymentService.charge(PaymentService.java:54)
03-Oct-2026 20:20:34.162 SEVERE [http-nio-8080-exec-8] com.example.shop.service.PaymentService.charge Payment failed for order 10661
	java.net.SocketTimeoutException: Read timed out
		at java.base/sun.nio.ch.NioSocketImpl.timedRead(NioSocketImpl.java:278)
		at com.example.shop.client.GatewayClient.post(GatewayClient.java:88)
		at com.example.shop.service.PaymentService.charge(PaymentService.java:54)
03-Oct-2026 20:20:34.508 INFO [http-nio-8080-exec-6] com.example.shop.web.OrderController.create Order created id=10664 customer=c-3600 total=89.23
03-Oct-2026 20:20:34.999 INFO [http-nio-8080-exec-4] com.example.shop.web.OrderController.create Order created id=10667 customer=c-1835 total=77.22
03-Oct-2026 20:20:35.058 INFO [http-nio-8080-exec-3] com.example.shop.web.OrderController.create Order created id=10671 customer=c-4633 total=11.12
03-Oct-2026 20:20:35.999 INFO [http-nio-8080-exec-2] com.example.shop.web.OrderController.create Order created id=10681 customer=c-1604 total=185.08
03-Oct-2026 20:20:36.217 SEVERE [http-nio-8080-exec-1] com.example.shop.service.PaymentService.charge Payment failed for order 10683
	java.net.SocketTimeoutException: Read timed out
		at java.base/sun.nio.ch.NioSocketImpl.timedRead(NioSocketImpl.java:278)
		at com.example.shop.client.GatewayClient.post(GatewayClient.java:88)
		at com.example.shop.service.PaymentService.charge(PaymentService.java:54)
03-Oct-2026 20:20:36.276 WARNING [http-nio-8080-exec-4] com.example.shop.service.PaymentService.charge Payment gateway slow response: 2931 ms (threshold 1500 ms)
03-Oct-2026 20:20:36.499 SEVERE [http-nio-8080-exec-9] com.example.shop.service.PaymentService.charge Payment failed for order 10685
	java.net.SocketTimeoutException: Read timed out
		at java.base/sun.nio.ch.NioSocketImpl.timedRead(NioSocketImpl.java:278)
		at com.example.shop.client.GatewayClient.post(GatewayClient.java:88)
		at com.example.shop.service.PaymentService.charge(PaymentService.java:54)
03-Oct-2026 20:20:36.804 INFO [http-nio-8080-exec-6] com.example.shop.web.OrderController.create Order created id=10686 customer=c-4935 total=261.43
03-Oct-2026 20:20:36.999 INFO [http-nio-8080-exec-4] com.example.shop.web.OrderController.create Order created id=10687 customer=c-1635 total=25.55
03-Oct-2026 20:20:36.999 INFO [http-nio-8080-exec-5] com.example.shop.web.OrderController.create Order created id=10688 customer=c-4481 total=0.88
03-Oct-2026 20:20:37.148 INFO [http-nio-8080-exec-4] com.example.shop.web.OrderController.create Order created id=10689 customer=c-3388 total=183.49
03-Oct-2026 20:20:37.343 INFO [Catalina-utility-2] org.apache.catalina.core.StandardContext.reload Reloading Context with name [/shop] has started
03-Oct-2026 20:20:37.771 INFO [http-nio-8080-exec-3] com.example.shop.web.OrderController.create Order created id=10695 customer=c-3679 total=298.24
03-Oct-2026 20:20:37.999 INFO [Catalina-utility-2] org.apache.catalina.core.StandardContext.reload Reloading Context with name [/shop] has started
03-Oct-2026 20:20:37.999 INFO [http-nio-8080-exec-9] com.example.shop.web.OrderController.create Order created id=10698 customer=c-2645 total=292.52
03-Oct-2026 20:20:38.136 INFO [http-nio-8080-exec-3] com.example.shop.web.OrderController.create Order created id=10699 customer=c-4298 total=193.33
03-Oct-2026 20:20:38.364 INFO [http-nio-8080-exec-10] com.example.shop.web.OrderController.create Order created id=10700 customer=c-4978 total=208.25
03-Oct-2026 20:20:39.662 INFO [http-nio-8080-exec-7] com.example.shop.web.OrderController.create Order created id=10711 customer=c-2789 total=66.58
03-Oct-2026 20:20:39.874 SEVERE [http-nio-8080-exec-7] com.example.shop.service.PaymentService.charge Payment failed for order 10713
	java.net.SocketTimeoutException: Read timed out
		at java.base/sun.nio.ch.NioSocketImpl.timedRead(NioSocketImpl.java:278)
		at com.example.shop.client.GatewayClient.post(GatewayClient.java:88)
		at com.example.shop.service.PaymentService.charge(PaymentService.java:54)
03-Oct-2026 20:20:39.999 INFO [http-nio-8080-exec-4] com.example.shop.web.OrderController.create Order created id=10716 customer=c-1808 total=83.99
03-Oct-2026 20:20:40.068 INFO [Catalina-utility-2] org.apache.catalina.core.StandardContext.reload Reloading Context with name [/shop] has started
03-Oct-2026 20:20:40.194 INFO [http-nio-8080-exec-10] com.example.shop.web.OrderController.create Order created id=10718 customer=c-3246 total=277.25
03-Oct-2026 20:20:40.512 WARNING [http-nio-8080-exec-4] com.example.shop.service.PaymentService.charge Payment gateway slow response: 3644 ms (threshold 1500 ms)
03-Oct-2026 20:20:40.820 INFO [http-nio-8080-exec-10] com.example.shop.web.OrderController.create Order created id=10722 customer=c-1057 total=60.50
03-Oct-2026 20:20:40.984 INFO [http-nio-8080-exec-5] com.example.shop.web.OrderController.create Order created id=10723 customer=c-3773 total=191.47
03-Oct-2026 20:20:41.342 WARNING [http-nio-8080-exec-9] com.example.shop.service.PaymentService.charge Payment gateway slow response: 1913 ms (threshold 1500 ms)
03-Oct-2026 20:20:41.541 SEVERE [http-nio-8080-exec-5] com.example.shop.service.PaymentService.charge Payment failed for order 10727
	java.net.SocketTimeoutException: Read timed out
		at java.base/sun.nio.ch.NioSocketImpl.timedRead(NioSocketImpl.java:278)
		at com.example.shop.client.GatewayClient.post(GatewayClient.java:88)
		at com.example.shop.service.PaymentService.charge(PaymentService.java:54)
03-Oct-2026 20:20:42.999 INFO [http-nio-8080-exec-5] com.example.shop.web.OrderController.create Order created id=10733 customer=c-4064 total=96.83
03-Oct-2026 20:20:43.839 INFO [Catalina-utility-2] org.apache.catalina.core.StandardContext.reload Reloading Context with name [/shop] has started
03-Oct-2026 20:20:45.142 INFO [http-nio-8080-exec-5] com.example.shop.web.OrderController.create Order created id=10746 customer=c-1577 total=26.28
03-Oct-2026 20:20:46.202 INFO [http-nio-8080-exec-7] com.example.shop.web.OrderController.create Order created id=10751 customer=c-1036 total=90.92
03-Oct-2026 20:20:46.278 WARNING [http-nio-8080-exec-7] com.example.shop.service.PaymentService.charge Payment gateway slow response: 2506 ms (threshold 1500 ms)
03-Oct-2026 20:20:47.366 INFO [http-nio-8080-exec-2] com.example.shop.web.OrderController.create Order created id=10758 customer=c-4952 total=108.73
03-Oct-2026 20:20:47.757 WARNING [http-nio-8080-exec-2] com.example.shop.service.PaymentService.charge Payment gateway slow response: 3085 ms (threshold 1500 ms)
03-Oct-2026 20:20:47.999 INFO [Catalina-utility-2] org.apache.catalina.core.StandardContext.reload Reloading Context with name [/shop] has started
03-Oct-2026 20:20:48.695 INFO [http-nio-8080-exec-2] com.example.shop.web.OrderController.create Order created id=10767 customer=c-1453 total=293.80
03-Oct-2026 20:20:48.999 INFO [Catalina-utility-1] org.apache.catalina.core.StandardContext.reload Reloading Context with name [/shop] has started
03-Oct-2026 20:20:48.999 INFO [http-nio-8080-exec-5] com.example.shop.web.OrderController.create Order created id=10770 customer=c-3391 total=123.97
03-Oct-2026 20:20:48.999 WARNING [http-nio-8080-exec-4] com.example.shop.service.PaymentService.charge Payment gateway slow response: 3504 ms (threshold 1500 ms)
03-Oct-2026 20:20:48.999 INFO [http-nio-8080-exec-7] com.example.shop.web.OrderController.create Order created id=10773 customer=c-2117 total=53.35
03-Oct-2026 20:20:49.057 INFO [http-nio-8080-exec-1] com.example.shop.web.OrderController.create Order created id=10774 customer=c-3862 total=1.09
03-Oct-2026 20:20:49.469 WARNING [http-nio-8080-exec-1] com.example.shop.service.PaymentService.charge Payment gateway slow response: 2383 ms (threshold 1500 ms)
03-Oct-2026 20:20:49.537 WARNING [http-nio-8080-exec-4] com.example.shop.service.PaymentService.charge Payment gateway slow response: 2774 ms (threshold 1500 ms)
03-Oct-2026 20:20:50.250 INFO [http-nio-8080-exec-5] com.example.shop.web.OrderController.create Order created id=10779 customer=c-3515 total=55.69
03-Oct-2026 20:20:50.332 INFO [http-nio-8080-exec-9] com.example.shop.web.OrderController.create Order created id=10780 customer=c-4870 total=145.16
03-Oct-2026 20:20:51.346 INFO [Catalina-utility-2] org.apache.catalina.core.StandardContext.reload Reloading Context with name [/shop] has started
03-Oct-2026 20:20:51.376 WARNING [http-nio-8080-exec-9] com.example.shop.service.PaymentService.charge Payment gateway slow response: 2677 ms (threshold 1500 ms)
03-Oct-2026 20:20:51.823 INFO [http-nio-8080-exec-2] com.example.shop.web.OrderController.create Order created id=10787 customer=c-3374 total=296.09
03-Oct-2026 20:20:51.976 SEVERE [http-nio-8080-exec-5] com.example.shop.service.PaymentService.charge Payment failed for order 10789
	java.net.SocketTimeoutException: Read timed out
		at java.base/sun.nio.ch.NioSocketImpl.timedRead(NioSocketImpl.java:278)
		at com.example.shop.client.GatewayClient.post(GatewayClient.java:88)
		at com.example.shop.service.PaymentService.charge(PaymentService.java:54)
03-Oct-2026 20:20:51.999 INFO [http-nio-8080-exec-9] com.example.shop.web.OrderController.create Order created id=10791 customer=c-1074 total=71.21
03-Oct-2026 20:20:52.981 INFO [http-nio-8080-exec-7] com.example.shop.web.OrderController.create Order created id=10796 customer=c-2455 total=171.00
03-Oct-2026 20:20:53.159 INFO [http-nio-8080-exec-1] com.example.shop.web.OrderController.create Order created id=10800 customer=c-3401 total=241.88
03-Oct-2026 20:20:53.509 INFO [http-nio-8080-exec-2] com.example.shop.web.OrderController.create Order created id=10804 customer=c-4281 total=143.36
03-Oct-2026 20:20:53.959 INFO [Catalina-utility-2] org.apache.catalina.core.StandardContext.reload Reloading Context with name [/shop] has started
03-Oct-2026 20:20:53.999 INFO [http-nio-8080-exec-7] com.example.shop.web.OrderController.create Order created id=10806 customer=c-1716 total=65.63
03-Oct-2026 20:20:54.221 SEVERE [http-nio-8080-exec-10] com.example.shop.service.PaymentService.charge Payment failed for order 10808
	java.net.SocketTimeoutException: Read timed out
		at java.base/sun.nio.ch.NioSocketImpl.timedRead(NioSocketImpl.java:278)
		at com.example.shop.client.GatewayClient.post(GatewayClient.java:88)
		at com.example.shop.service.PaymentService.charge(PaymentService.java:54)
03-Oct-2026 20:20:56.069 INFO [http-nio-8080-exec-4] com.example.shop.web.OrderController.create Order created id=10818 customer=c-2417 total=128.20
03-Oct-2026 20:20:56.376 INFO [http-nio-8080-exec-6] com.example.shop.web.OrderController.create Order created id=10819 customer=c-1652 total=147.46
03-Oct-2026 20:20:56.424 SEVERE [http-nio-8080-exec-3] com.example.shop.service.PaymentService.charge Payment failed for order 10820
	java.net.SocketTimeoutException: Read timed out
		at java.base/sun.nio.ch.NioSocketImpl.timedRead(NioSocketImpl.java:278)
		at com.example.shop.client.GatewayClient.post(GatewayClient.java:88)
		at com.example.shop.service.PaymentService.charge(PaymentService.java:54)
03-Oct-2026 20:20:56.647 INFO [http-nio-8080-exec-7] com.example.shop.web.OrderController.create Order created id=10822 customer=c-4747 total=16.55
03-Oct-2026 20:20:56.999 INFO [Catalina-utility-1] org.apache.catalina.core.StandardContext.reload Reloading Context with name [/shop] has started
03-Oct-2026 20:20:57.116 INFO [http-nio-8080-exec-8] com.example.shop.web.OrderController.create Order created id=10826 customer=c-1093 total=275.82
03-Oct-2026 20:20:57.177 SEVERE [http-nio-8080-exec-7] com.example.shop.service.PaymentService.charge Payment failed for order 10827
	java.net.SocketTimeoutException: Read timed out
		at java.base/sun.nio.ch.NioSocketImpl.timedRead(NioSocketImpl.java:278)
		at com.example.shop.client.GatewayClient.post(GatewayClient.java:88)
		at com.example.shop.service.PaymentService.charge(PaymentService.java:54)
03-Oct-2026 20:20:58.592 INFO [http-nio-8080-exec-4] com.example.shop.web.OrderController.create Order created id=10835 customer=c-4550 total=124.07
03-Oct-2026 20:20:58.939 INFO [http-nio-8080-exec-4] com.example.shop.web.OrderController.create Order created id=10837 customer=c-2013 total=129.68
03-Oct-2026 20:20:58.972 INFO [http-nio-8080-exec-4] com.example.shop.web.OrderController.create Order created id=10838 customer=c-3814 total=227.14
03-Oct-2026 20:20:58.999 WARNING [http-nio-8080-exec-5] com.example.shop.service.PaymentService.charge Payment gateway slow response: 2860 ms (threshold 1500 ms)
03-Oct-2026 20:20:59.602 INFO [http-nio-8080-exec-1] com.example.shop.web.OrderController.create Order created id=10843 customer=c-4416 total=70.45
03-Oct-2026 20:20:59.836 INFO [http-nio-8080-exec-9] com.example.shop.web.OrderController.create Order created id=10846 customer=c-1054 total=9.34
03-Oct-2026 20:21:00.999 INFO [http-nio-8080-exec-7] com.example.shop.web.OrderController.create Order created id=10853 customer=c-4643 total=178.88
03-Oct-2026 20:21:01.493 INFO [http-nio-8080-exec-5] com.example.shop.web.OrderController.create Order created id=10854 customer=c-2470 total=184.02
03-Oct-2026 20:21:01.965 INFO [http-nio-8080-exec-5] com.example.shop.web.OrderController.create Order created id=10857 customer=c-3862 total=212.38
03-Oct-2026 20:21:02.128 INFO [http-nio-8080-exec-10] com.example.shop.web.OrderController.create Order created id=10859 customer=c-3661 total=155.72
03-Oct-2026 20:21:02.283 INFO [http-nio-8080-exec-10] com.example.shop.web.OrderController.create Order created id=10860 customer=c-2540 total=230.30
03-Oct-2026 20:21:02.755 SEVERE [http-nio-8080-exec-2] com.example.shop.service.PaymentService.charge Payment failed for order 10863
	java.net.SocketTimeoutException: Read timed out
		at java.base/sun.nio.ch.NioSocketImpl.timedRead(NioSocketImpl.java:278)
		at com.example.shop.client.GatewayClient.post(GatewayClient.java:88)
		at com.example.shop.service.PaymentService.charge(PaymentService.java:54)
03-Oct-2026 20:21:03.999 INFO [http-nio-8080-exec-2] com.example.shop.web.OrderController.create Order created id=10868 customer=c-1417 total=106.43
03-Oct-2026 20:21:03.999 INFO [http-nio-8080-exec-9] com.example.shop.web.OrderController.create Order created id=10870 customer=c-3452 total=51.62
03-Oct-2026 20:21:03.999 INFO [http-nio-8080-exec-10] com.example.shop.web.OrderController.create Order created id=10872 customer=c-1574 total=215.41
03-Oct-2026 20:21:04.474 WARNING [http-nio-8080-exec-8] com.example.shop.service.PaymentService.charge Payment gateway slow response: 2865 ms (threshold 1500 ms)
03-Oct-2026 20:21:04.544 INFO [http-nio-8080-exec-6] com.example.shop.web.OrderController.create Order created id=10876 customer=c-3761 total=222.04
03-Oct-2026 20:21:04.999 INFO [http-nio-8080-exec-6] com.example.shop.web.OrderController.create Order created id=10881 customer=c-1371 total=121.17
03-Oct-2026 20:21:05.137 INFO [http-nio-8080-exec-7] com.example.shop.web.OrderController.create Order created id=10882 customer=c-2846 total=290.39
03-Oct-2026 20:21:05.221 INFO [Catalina-utility-2] org.apache.catalina.core.StandardContext.reload Reloading Context with name [/shop] has started
03-Oct-2026 20:21:05.551 INFO [http-nio-8080-exec-6] com.example.shop.web.OrderController.create Order created id=10885 customer=c-4284 total=30.17
03-Oct-2026 20:21:05.941 WARNING [http-nio-8080-exec-7] com.example.shop.service.PaymentService.charge Payment gateway slow response: 1761 ms (threshold 1500 ms)
03-Oct-2026 20:21:05.999 INFO [http-nio-8080-exec-6] com.example.shop.web.OrderController.create Order created id=10891 customer=c-1342 total=266.69
03-Oct-2026 20:21:06.530 INFO [http-nio-8080-exec-9] com.example.shop.web.OrderController.create Order created id=10895 customer=c-2002 total=129.02
03-Oct-2026 20:21:06.714 INFO [Catalina-utility-2] org.apache.catalina.core.StandardContext.reload Reloading Context with name [/shop] has started
03-Oct-2026 20:21:06.999 INFO [http-nio-8080-exec-2] com.example.shop.web.OrderController.create Order created id=10901 customer=c-2319 total=62.89
03-Oct-2026 20:21:07.459 INFO [http-nio-8080-exec-1] com.example.shop.web.OrderController.create Order created id=10905 customer=c-2467 total=8.75
03-Oct-2026 20:21:07.689 INFO [Catalina-utility-2] org.apache.catalina.core.StandardContext.reload Reloading Context with name [/shop] has started
03-Oct-2026 20:21:07.850 INFO [http-nio-8080-exec-8] com.example.shop.web.OrderController.create Order created id=10908 customer=c-1045 total=96.57
03-Oct-2026 20:21:08.339 INFO [http-nio-8080-exec-4] com.example.shop.web.OrderController.create Order created id=10909 customer=c-2893 total=297.75
03-Oct-2026 20:21:08.922 INFO [http-nio-8080-exec-5] com.example.shop.web.OrderController.create Order created id=10912 customer=c-4683 total=114.65
03-Oct-2026 20:21:08.999 INFO [Catalina-utility-1] org.apache.catalina.core.StandardContext.reload Reloading Context with name [/shop] has started
03-Oct-2026 20:21:09.010 INFO [http-nio-8080-exec-1] com.example.shop.web.OrderController.create Order created id=10916 customer=c-2981 total=219.06
03-Oct-2026 20:21:09.748 INFO [http-nio-8080-exec-10] com.example.shop.web.OrderController.create Order created id=10920 customer=c-2432 total=266.28
03-Oct-2026 20:21:09.999 SEVERE [http-nio-8080-exec-10] com.example.shop.service.PaymentService.charge Payment failed for order 10921
	java.net.SocketTimeoutException: Read timed out
		at java.base/sun.nio.ch.NioSocketImpl.timedRead(NioSocketImpl.java:278)
		at com.example.shop.client.GatewayClient.post(GatewayClient.java:88)
		at com.example.shop.service.PaymentService.charge(PaymentService.java:54)
03-Oct-2026 20:21:10.042 INFO [http-nio-8080-exec-5] com.example.shop.web.OrderController.create Order created id=10922 customer=c-1674 total=289.95
03-Oct-2026 20:21:10.273 INFO [http-nio-8080-exec-3] com.example.shop.web.OrderController.create Order created id=10924 customer=c-1609 total=110.03
03-Oct-2026 20:21:10.434 INFO [http-nio-8080-exec-10] com.example.shop.web.OrderController.create Order created id=10925 customer=c-4424 total=297.42
03-Oct-2026 20:21:10.940 INFO [http-nio-8080-exec-5] com.example.shop.web.OrderController.create Order created id=10928 customer=c-4046 total=26.27
03-Oct-2026 20:21:10.999 INFO [Catalina-utility-2] org.apache.catalina.core.StandardContext.reload Reloading Context with name [/shop] has started
03-Oct-2026 20:21:11.256 SEVERE [http-nio-8080-exec-4] com.example.shop.service.PaymentService.charge Payment failed for order 10931
	java.net.SocketTimeoutException: Read timed out
		at java.base/sun.nio.ch.NioSocketImpl.timedRead(NioSocketImpl.java:278)
		at com.example.shop.client.GatewayClient.post(GatewayClient.java:88)
		at com.example.shop.service.PaymentService.charge(PaymentService.java:54)
03-Oct-2026 20:21:11.459 SEVERE [http-nio-8080-exec-4] com.example.shop.service.PaymentService.charge Payment failed for order 10933
	java.net.SocketTimeoutException: Read timed out
		at java.base/sun.nio.ch.NioSocketImpl.timedRead(NioSocketImpl.java:278)
		at com.example.shop.client.GatewayClient.post(GatewayClient.java:88)
		at com.example.shop.service.PaymentService.charge(PaymentService.java:54)
03-Oct-2026 20:21:11.652 INFO [http-nio-8080-exec-2] com.example.shop.web.OrderController.create Order created id=10934 customer=c-3652 total=137.34
03-Oct-2026 20:21:11.751 INFO [http-nio-8080-exec-3] com.example.shop.web.OrderController.create Order created id=10935 customer=c-2623 total=144.49
03-Oct-2026 20:21:12.117 INFO [http-nio-8080-exec-7] com.example.shop.web.OrderController.create Order created id=10937 customer=c-2564 total=186.93
03-Oct-2026 20:21:12.183 WARNING [http-nio-8080-exec-8] com.example.shop.service.PaymentService.charge Payment gateway slow response: 3126 ms (threshold 1500 ms)
03-Oct-2026 20:21:12.676 INFO [http-nio-8080-exec-9] com.example.shop.web.OrderController.create Order created id=10942 customer=c-4807 total=242.83
03-Oct-2026 20:21:12.979 INFO [http-nio-8080-exec-4] com.example.shop.web.OrderController.create Order created id=10945 customer=c-2974 total=128.37
03-Oct-2026 20:21:12.999 INFO [http-nio-8080-exec-3] com.example.shop.web.OrderController.create Order created id=10948 customer=c-1760 total=185.24
03-Oct-2026 20:21:12.999 INFO [http-nio-8080-exec-4] com.example.shop.web.OrderController.create Order created id=10949 customer=c-1454 total=297.52
03-Oct-2026 20:21:13.120 INFO [http-nio-8080-exec-6] com.example.shop.web.OrderController.create Order created id=10950 customer=c-2998 total=252.18
03-Oct-2026 20:21:13.338 INFO [http-nio-8080-exec-8] com.example.shop.web.OrderController.create Order created id=10951 customer=c-3542 total=278.73
03-Oct-2026 20:21:13.374 INFO [http-nio-8080-exec-1] com.example.shop.web.OrderController.create Order created id=10952 customer=c-2876 total=232.39
03-Oct-2026 20:21:13.530 INFO [Catalina-utility-2] org.apache.catalina.core.StandardContext.reload Reloading Context with name [/shop] has started
03-Oct-2026 20:21:13.999 WARNING [http-nio-8080-exec-1] com.example.shop.service.PaymentService.charge Payment gateway slow response: 1992 ms (threshold 1500 ms)
03-Oct-2026 20:21:13.999 INFO [http-nio-8080-exec-4] com.example.shop.web.OrderController.create Order created id=10957 customer=c-3769 total=277.47
03-Oct-2026 20:21:14.406 INFO [http-nio-8080-exec-1] com.example.shop.web.OrderController.create Order created id=10961 customer=c-4013 total=45.11
03-Oct-2026 20:21:14.586 INFO [http-nio-8080-exec-7] com.example.shop.web.OrderController.create Order created id=10962 customer=c-4555 total=110.08
03-Oct-2026 20:21:14.670 INFO [http-nio-8080-exec-7] com.example.shop.web.OrderController.create Order created id=10963 customer=c-1883 total=238.37
03-Oct-2026 20:21:14.696 INFO [http-nio-8080-exec-8] com.example.shop.web.OrderController.create Order created id=10964 customer=c-4720 total=154.54
03-Oct-2026 20:21:15.156 INFO [http-nio-8080-exec-1] com.example.shop.web.OrderController.create Order created id=10968 customer=c-3223 total=76.07
03-Oct-2026 20:21:15.275 INFO [http-nio-8080-exec-4] com.example.shop.web.OrderController.create Order created id=10969 customer=c-1131 total=37.95
03-Oct-2026 20:21:15.999 INFO [http-nio-8080-exec-10] com.example.shop.web.OrderController.create Order created id=10974 customer=c-2521 total=211.18
03-Oct-2026 20:21:16.101 SEVERE [http-nio-8080-exec-4] com.example.shop.service.PaymentService.charge Payment failed for order 10976
	java.net.SocketTimeoutException: Read timed out
		at java.base/sun.nio.ch.NioSocketImpl.timedRead(NioSocketImpl.java:278)
		at com.example.shop.client.GatewayClient.post(GatewayClient.java:88)
		at com.example.shop.service.PaymentService.charge(PaymentService.java:54)
03-Oct-2026 20:21:18.870 WARNING [http-nio-8080-exec-7] com.example.shop.service.PaymentService.charge Payment gateway slow response: 3037 ms (threshold 1500 ms)
03-Oct-2026 20:21:18.999 INFO [http-nio-8080-exec-7] com.example.shop.web.OrderController.create Order created id=10991 customer=c-2279 total=206.36
03-Oct-2026 20:21:18.999 INFO [http-nio-8080-exec-1] com.example.shop.web.OrderController.create Order created id=10993 customer=c-1295 total=247.34
03-Oct-2026 20:21:19.465 INFO [Catalina-utility-1] org.apache.catalina.core.StandardContext.reload Reloading Context with name [/shop] has started
03-Oct-2026 20:21:19.999 INFO [http-nio-8080-exec-3] com.example.shop.web.OrderController.create Order created id=11003 customer=c-4748 total=124.79
03-Oct-2026 20:21:20.913 SEVERE [http-nio-8080-exec-2] com.example.shop.service.PaymentService.charge Payment failed for order 11006
	java.net.SocketTimeoutException: Read timed out
		at java.base/sun.nio.ch.NioSocketImpl.timedRead(NioSocketImpl.java:278)
		at com.example.shop.client.GatewayClient.post(GatewayClient.java:88)
		at com.example.shop.service.PaymentService.charge(PaymentService.java:54)
03-Oct-2026 20:21:21.371 INFO [http-nio-8080-exec-4] com.example.shop.web.OrderController.create Order created id=11012 customer=c-1495 total=272.90
03-Oct-2026 20:21:22.172 WARNING [http-nio-8080-exec-2] com.example.shop.service.PaymentService.charge Payment gateway slow response: 1715 ms (threshold 1500 ms)
03-Oct-2026 20:21:22.455 INFO [http-nio-8080-exec-1] com.example.shop.web.OrderController.create Order created id=11021 customer=c-3004 total=293.94
03-Oct-2026 20:21:22.801 INFO [Catalina-utility-2] org.apache.catalina.core.StandardContext.reload Reloading Context with name [/shop] has started
03-Oct-2026 20:21:22.878 INFO [http-nio-8080-exec-1] com.example.shop.web.OrderController.create Order created id=11024 customer=c-4258 total=117.94
03-Oct-2026 20:21:22.999 INFO [http-nio-8080-exec-2] com.example.shop.web.OrderController.create Order created id=11025 customer=c-2558 total=37.42
03-Oct-2026 20:21:22.999 WARNING [http-nio-8080-exec-1] com.example.shop.service.PaymentService.charge Payment gateway slow response: 1963 ms (threshold 1500 ms)
03-Oct-2026 20:21:23.899 WARNING [http-nio-8080-exec-9] com.example.shop.service.PaymentService.charge Payment gateway slow response: 3461 ms (threshold 1500 ms)
03-Oct-2026 20:21:23.983 INFO [http-nio-8080-exec-9] com.example.shop.web.OrderController.create Order created id=11033 customer=c-1194 total=9.80
03-Oct-2026 20:21:23.999 INFO [http-nio-8080-exec-9] com.example.shop.web.OrderController.create Order created id=11036 customer=c-1456 total=246.76
03-Oct-2026 20:21:24.999 INFO [http-nio-8080-exec-5] com.example.shop.web.OrderController.create Order created id=11041 customer=c-1992 total=139.94
03-Oct-2026 20:21:24.999 INFO [http-nio-8080-exec-7] com.example.shop.web.OrderController.create Order created id=11042 customer=c-1249 total=46.09
03-Oct-2026 20:21:25.089 INFO [http-nio-8080-exec-3] com.example.shop.web.OrderController.create Order created id=11043 customer=c-1381 total=246.92
03-Oct-2026 20:21:25.602 INFO [http-nio-8080-exec-1] com.example.shop.web.OrderController.create Order created id=11046 customer=c-3070 total=293.98
03-Oct-2026 20:21:25.667 INFO [http-nio-8080-exec-5] com.example.shop.web.OrderController.create Order created id=11047 customer=c-2837 total=195.55
03-Oct-2026 20:21:25.999 INFO [Catalina-utility-1] org.apache.catalina.core.StandardContext.reload Reloading Context with name [/shop] has started
03-Oct-2026 20:21:26.434 INFO [http-nio-8080-exec-6] com.example.shop.web.OrderController.create Order created id=11052 customer=c-3642 total=120.42
03-Oct-2026 20:21:26.512 INFO [http-nio-8080-exec-7] com.example.shop.web.OrderController.create Order created id=11053 customer=c-3562 total=148.80
03-Oct-2026 20:21:26.569 SEVERE [http-nio-8080-exec-6] com.example.shop.service.PaymentService.charge Payment failed for order 11054
	java.net.SocketTimeoutException: Read timed out
		at java.base/sun.nio.ch.NioSocketImpl.timedRead(NioSocketImpl.java:278)
		at com.example.shop.client.GatewayClient.post(GatewayClient.java:88)
		at com.example.shop.service.PaymentService.charge(PaymentService.java:54)
03-Oct-2026 20:21:26.999 WARNING [http-nio-8080-exec-3] com.example.shop.service.PaymentService.charge Payment gateway slow response: 3355 ms (threshold 1500 ms)
03-Oct-2026 20:21:26.999 INFO [http-nio-8080-exec-10] com.example.shop.web.OrderController.create Order created id=11057 customer=c-3756 total=114.21
03-Oct-2026 20:21:26.999 SEVERE [http-nio-8080-exec-2] com.example.shop.service.PaymentService.charge Payment failed for order 11058
	java.net.SocketTimeoutException: Read timed out
		at java.base/sun.nio.ch.NioSocketImpl.timedRead(NioSocketImpl.java:278)
		at com.example.shop.client.GatewayClient.post(GatewayClient.java:88)
		at com.example.shop.service.PaymentService.charge(PaymentService.java:54)
03-Oct-2026 20:21:27.104 INFO [http-nio-8080-exec-8] com.example.shop.web.OrderController.create Order created id=11059 customer=c-2964 total=98.03
03-Oct-2026 20:21:27.471 INFO [http-nio-8080-exec-4] com.example.shop.web.OrderController.create Order created id=11062 customer=c-1471 total=122.93
03-Oct-2026 20:21:27.559 SEVERE [http-nio-8080-exec-4] com.example.shop.service.PaymentService.charge Payment failed for order 11063
	java.net.SocketTimeoutException: Read timed out
		at java.base/sun.nio.ch.NioSocketImpl.timedRead(NioSocketImpl.java:278)
		at com.example.shop.client.GatewayClient.post(GatewayClient.java:88)
		at com.example.shop.service.PaymentService.charge(PaymentService.java:54)
03-Oct-2026 20:21:27.999 WARNING [http-nio-8080-exec-4] com.example.shop.service.PaymentService.charge Payment gateway slow response: 3521 ms (threshold 1500 ms)
03-Oct-2026 20:21:28.810 INFO [http-nio-8080-exec-10] com.example.shop.web.OrderController.create Order created id=11068 customer=c-3929 total=11.19
03-Oct-2026 20:21:28.999 INFO [http-nio-8080-exec-10] com.example.shop.web.OrderController.create Order created id=11069 customer=c-3656 total=149.78
03-Oct-2026 20:21:29.034 INFO [http-nio-8080-exec-6] com.example.shop.web.OrderController.create Order created id=11070 customer=c-3125 total=238.47
03-Oct-2026 20:21:29.092 INFO [http-nio-8080-exec-8] com.example.shop.web.OrderController.create Order created id=11071 customer=c-4084 total=218.29
03-Oct-2026 20:21:29.639 SEVERE [http-nio-8080-exec-10] com.example.shop.service.PaymentService.charge Payment failed for order 11073
	java.net.SocketTimeoutException: Read timed out
		at java.base/sun.nio.ch.NioSocketImpl.timedRead(NioSocketImpl.java:278)
		at com.example.shop.client.GatewayClient.post(GatewayClient.java:88)
		at com.example.shop.service.PaymentService.charge(PaymentService.java:54)
03-Oct-2026 20:21:29.816 WARNING [http-nio-8080-exec-3] com.example.shop.service.PaymentService.charge Payment gateway slow response: 2941 ms (threshold 1500 ms)
03-Oct-2026 20:21:30.999 WARNING [http-nio-8080-exec-2] com.example.shop.service.PaymentService.charge Payment gateway slow response: 2827 ms (threshold 1500 ms)
03-Oct-2026 20:21:32.298 INFO [http-nio-8080-exec-10] com.example.shop.web.OrderController.create Order created id=11088 customer=c-1202 total=108.64
03-Oct-2026 20:21:32.456 INFO [http-nio-8080-exec-5] com.example.shop.web.OrderController.create Order created id=11089 customer=c-3218 total=152.75
03-Oct-2026 20:21:32.999 INFO [Catalina-utility-2] org.apache.catalina.core.StandardContext.reload Reloading Context with name [/shop] has started
03-Oct-2026 20:21:33.218 INFO [http-nio-8080-exec-5] com.example.shop.web.OrderController.create Order created id=11095 customer=c-3528 total=249.41
03-Oct-2026 20:21:33.999 INFO [http-nio-8080-exec-4] com.example.shop.web.OrderController.create Order created id=11100 customer=c-2960 total=162.67
03-Oct-2026 20:21:34.280 INFO [http-nio-8080-exec-10] com.example.shop.web.OrderController.create Order created id=11101 customer=c-3967 total=242.85
03-Oct-2026 20:21:34.379 INFO [Catalina-utility-1] org.apache.catalina.core.StandardContext.reload Reloading Context with name [/shop] has started
03-Oct-2026 20:21:34.999 INFO [http-nio-8080-exec-8] com.example.shop.web.OrderController.create Order created id=11109 customer=c-4122 total=192.27
03-Oct-2026 20:21:35.053 INFO [http-nio-8080-exec-2] com.example.shop.web.OrderController.create Order created id=11110 customer=c-1747 total=36.92
03-Oct-2026 20:21:35.337 SEVERE [http-nio-8080-exec-6] com.example.shop.service.PaymentService.charge Payment failed for order 11113
	java.net.SocketTimeoutException: Read timed out
		at java.base/sun.nio.ch.NioSocketImpl.timedRead(NioSocketImpl.java:278)
		at com.example.shop.client.GatewayClient.post(GatewayClient.java:88)
		at com.example.shop.service.PaymentService.charge(PaymentService.java:54)
03-Oct-2026 20:21:35.530 INFO [http-nio-8080-exec-9] com.example.shop.web.OrderController.create Order created id=11115 customer=c-3502 total=200.06
03-Oct-2026 20:21:35.958 INFO [http-nio-8080-exec-2] com.example.shop.web.OrderController.create Order created id=11118 customer=c-1629 total=130.29
03-Oct-2026 20:21:36.277 INFO [http-nio-8080-exec-1] com.example.shop.web.OrderController.create Order created id=11122 customer=c-1778 total=283.38
03-Oct-2026 20:21:36.657 INFO [http-nio-8080-exec-3] com.example.shop.web.OrderController.create Order created id=11125 customer=c-4427 total=193.77
03-Oct-2026 20:21:36.999 INFO [http-nio-8080-exec-5] com.example.shop.web.OrderController.create Order created id=11128 customer=c-4174 total=23.17
03-Oct-2026 20:21:37.521 INFO [http-nio-8080-exec-4] com.example.shop.web.OrderController.create Order created id=11132 customer=c-2272 total=51.74
03-Oct-2026 20:21:37.925 INFO [Catalina-utility-2] org.apache.catalina.core.StandardContext.reload Reloading Context with name [/shop] has started
03-Oct-2026 20:21:38.711 INFO [http-nio-8080-exec-6] com.example.shop.web.OrderController.create Order created id=11138 customer=c-1009 total=27.70
03-Oct-2026 20:21:38.999 INFO [http-nio-8080-exec-3] com.example.shop.web.OrderController.create Order created id=11140 customer=c-3633 total=243.08
03-Oct-2026 20:21:39.808 INFO [http-nio-8080-exec-3] com.example.shop.web.OrderController.create Order created id=11146 customer=c-1302 total=239.89
03-Oct-2026 20:21:39.999 INFO [http-nio-8080-exec-6] com.example.shop.web.OrderController.create Order created id=11148 customer=c-2763 total=204.44
03-Oct-2026 20:21:40.235 INFO [http-nio-8080-exec-9] com.example.shop.web.OrderController.create Order created id=11151 customer=c-3938 total=28.02
03-Oct-2026 20:21:40.660 WARNING [http-nio-8080-exec-7] com.example.shop.service.PaymentService.charge Payment gateway slow response: 1822 ms (threshold 1500 ms)
03-Oct-2026 20:21:41.732 INFO [http-nio-8080-exec-2] com.example.shop.web.OrderController.create Order created id=11163 customer=c-3448 total=196.36
03-Oct-2026 20:21:41.803 INFO [http-nio-8080-exec-6] com.example.shop.web.OrderController.create Order created id=11164 customer=c-4136 total=214.72
03-Oct-2026 20:21:41.839 INFO [Catalina-utility-2] org.apache.catalina.core.StandardContext.reload Reloading Context with name [/shop] has started
03-Oct-2026 20:21:41.999 INFO [http-nio-8080-exec-7] com.example.shop.web.OrderController.create Order created id=11167 customer=c-1061 total=194.08
03-Oct-2026 20:21:42.316 INFO [http-nio-8080-exec-1] com.example.shop.web.OrderController.create Order created id=11170 customer=c-3971 total=176.22
03-Oct-2026 20:21:42.474 INFO [http-nio-8080-exec-10] com.example.shop.web.OrderController.create Order created id=11171 customer=c-2773 total=160.28
03-Oct-2026 20:21:42.911 INFO [http-nio-8080-exec-1] com.example.shop.web.OrderController.create Order created id=11173 customer=c-1110 total=255.98
03-Oct-2026 20:21:42.999 INFO [http-nio-8080-exec-8] com.example.shop.web.OrderController.create Order created id=11175 customer=c-4095 total=163.39
03-Oct-2026 20:21:43.999 INFO [http-nio-8080-exec-2] com.example.shop.web.OrderController.create Order created id=11178 customer=c-4569 total=154.46
03-Oct-2026 20:21:44.850 INFO [Catalina-utility-2] org.apache.catalina.core.StandardContext.reload Reloading Context with name [/shop] has started
03-Oct-2026 20:21:44.999 WARNING [http-nio-8080-exec-5] com.example.shop.service.PaymentService.charge Payment gateway slow response: 2327 ms (threshold 1500 ms)
03-Oct-2026 20:21:44.999 INFO [http-nio-8080-exec-2] com.example.shop.web.OrderController.create Order created id=11187 customer=c-2432 total=186.62
03-Oct-2026 20:21:45.099 INFO [Catalina-utility-2] org.apache.catalina.core.StandardContext.reload Reloading Context with name [/shop] has started
03-Oct-2026 20:21:45.203 SEVERE [http-nio-8080-exec-7] com.example.shop.service.PaymentService.charge Payment failed for order 11191
	java.net.SocketTimeoutException: Read timed out
		at java.base/sun.nio.ch.NioSocketImpl.timedRead(NioSocketImpl.java:278)
		at com.example.shop.client.GatewayClient.post(GatewayClient.java:88)
		at com.example.shop.service.PaymentService.charge(PaymentService.java:54)
03-Oct-2026 20:21:45.755 INFO [Catalina-utility-2] org.apache.catalina.core.StandardContext.reload Reloading Context with name [/shop] has started
03-Oct-2026 20:21:46.177 INFO [http-nio-8080-exec-7] com.example.shop.web.OrderController.create Order created id=11198 customer=c-2182 total=51.88
03-Oct-2026 20:21:46.266 INFO [http-nio-8080-exec-6] com.example.shop.web.OrderController.create Order created id=11199 customer=c-1547 total=87.46
03-Oct-2026 20:21:46.488 WARNING [http-nio-8080-exec-6] com.example.shop.service.PaymentService.charge Payment gateway slow response: 2140 ms (threshold 1500 ms)
03-Oct-2026 20:21:46.569 INFO [http-nio-8080-exec-7] com.example.shop.web.OrderController.create Order created id=11203 customer=c-2503 total=131.97
03-Oct-2026 20:21:46.655 INFO [http-nio-8080-exec-9] com.example.shop.web.OrderController.create Order created id=11204 customer=c-2753 total=66.74
03-Oct-2026 20:21:46.739 INFO [http-nio-8080-exec-4] com.example.shop.web.OrderController.create Order created id=11205 customer=c-1280 total=253.50
03-Oct-2026 20:21:46.999 INFO [http-nio-8080-exec-3] com.example.shop.web.OrderController.create Order created id=11209 customer=c-4239 total=239.99
03-Oct-2026 20:21:47.222 INFO [Catalina-utility-1] org.apache.catalina.core.StandardContext.reload Reloading Context with name [/shop] has started
03-Oct-2026 20:21:47.464 SEVERE [http-nio-8080-exec-5] com.example.shop.service.PaymentService.charge Payment failed for order 11215
	java.net.SocketTimeoutException: Read timed out
		at java.base/sun.nio.ch.NioSocketImpl.timedRead(NioSocketImpl.java:278)
		at com.example.shop.client.GatewayClient.post(GatewayClient.java:88)
		at com.example.shop.service.PaymentService.charge(PaymentService.java:54)
03-Oct-2026 20:21:48.199 INFO [http-nio-8080-exec-6] com.example.shop.web.OrderController.create Order created id=11217 customer=c-2362 total=54.58
03-Oct-2026 20:21:48.358 SEVERE [http-nio-8080-exec-7] com.example.shop.service.PaymentService.charge Payment failed for order 11219
	java.net.SocketTimeoutException: Read timed out
		at java.base/sun.nio.ch.NioSocketImpl.timedRead(NioSocketImpl.java:278)
		at com.example.shop.client.GatewayClient.post(GatewayClient.java:88)
		at com.example.shop.service.PaymentService.charge(PaymentService.java:54)
03-Oct-2026 20:21:49.999 INFO [http-nio-8080-exec-3] com.example.shop.web.OrderController.create Order created id=11230 customer=c-3926 total=10.18
03-Oct-2026 20:21:50.292 SEVERE [http-nio-8080-exec-7] com.example.shop.service.PaymentService.charge Payment failed for order 11231
	java.net.SocketTimeoutException: Read timed out
		at java.base/sun.nio.ch.NioSocketImpl.timedRead(NioSocketImpl.java:278)
		at com.example.shop.client.GatewayClient.post(GatewayClient.java:88)
		at com.example.shop.service.PaymentService.charge(PaymentService.java:54)
03-Oct-2026 20:21:50.350 INFO [http-nio-8080-exec-5] com.example.shop.web.OrderController.create Order created id=11232 customer=c-2501 total=158.79
03-Oct-2026 20:21:50.999 INFO [http-nio-8080-exec-9] com.example.shop.web.OrderController.create Order created id=11237 customer=c-3809 total=176.83
03-Oct-2026 20:21:50.999 INFO [http-nio-8080-exec-8] com.example.shop.web.OrderController.create Order created id=11238 customer=c-1477 total=12.55
03-Oct-2026 20:21:51.176 INFO [http-nio-8080-exec-9] com.example.shop.web.OrderController.create Order created id=11239 customer=c-4623 total=18.09
03-Oct-2026 20:21:51.669 INFO [http-nio-8080-exec-1] com.example.shop.web.OrderController.create Order created id=11243 customer=c-2832 total=88.44
03-Oct-2026 20:21:52.308 INFO [Catalina-utility-1] org.apache.catalina.core.StandardContext.reload Reloading Context with name [/shop] has started
03-Oct-2026 20:21:52.802 INFO [http-nio-8080-exec-8] com.example.shop.web.OrderController.create Order created id=11257 customer=c-1831 total=166.88
03-Oct-2026 20:21:53.237 INFO [http-nio-8080-exec-9] com.example.shop.web.OrderController.create Order created id=11260 customer=c-2649 total=64.77
03-Oct-2026 20:21:53.585 INFO [http-nio-8080-exec-6] com.example.shop.web.OrderController.create Order created id=11264 customer=c-1992 total=204.28
03-Oct-2026 20:21:53.764 INFO [http-nio-8080-exec-6] com.example.shop.web.OrderController.create Order created id=11265 customer=c-1525 total=214.18
03-Oct-2026 20:21:53.987 INFO [http-nio-8080-exec-1] com.example.shop.web.OrderController.create Order created id=11266 customer=c-1075 total=226.06
03-Oct-2026 20:21:54.596 INFO [http-nio-8080-exec-6] com.example.shop.web.OrderController.create Order created id=11269 customer=c-1049 total=221.29
03-Oct-2026 20:21:54.999 INFO [http-nio-8080-exec-1] com.example.shop.web.OrderController.create Order created id=11273 customer=c-1392 total=253.52
03-Oct-2026 20:21:54.999 INFO [http-nio-8080-exec-3] com.example.shop.web.OrderController.create Order created id=11274 customer=c-3621 total=72.23
03-Oct-2026 20:21:55.096 INFO [http-nio-8080-exec-8] com.example.shop.web.OrderController.create Order created id=11276 customer=c-2944 total=251.35
03-Oct-2026 20:21:55.410 INFO [http-nio-8080-exec-1] com.example.shop.web.OrderController.create Order created id=11280 customer=c-4596 total=61.27
03-Oct-2026 20:21:55.490 INFO [Catalina-utility-2] org.apache.catalina.core.StandardContext.reload Reloading Context with name [/shop] has started
03-Oct-2026 20:21:55.898 INFO [Catalina-utility-1] org.apache.catalina.core.StandardContext.reload Reloading Context with name [/shop] has started
03-Oct-2026 20:21:56.251 INFO [http-nio-8080-exec-7] com.example.shop.web.OrderController.create Order created id=11287 customer=c-2061 total=114.08
03-Oct-2026 20:21:56.816 INFO [http-nio-8080-exec-3] com.example.shop.web.OrderController.create Order created id=11289 customer=c-1832 total=152.81
03-Oct-2026 20:21:56.969 INFO [http-nio-8080-exec-10] com.example.shop.web.OrderController.create Order created id=11292 customer=c-4666 total=192.21
03-Oct-2026 20:21:56.999 INFO [http-nio-8080-exec-3] com.example.shop.web.OrderController.create Order created id=11293 customer=c-2743 total=239.91
03-Oct-2026 20:21:57.279 INFO [http-nio-8080-exec-9] com.example.shop.web.OrderController.create Order created id=11295 customer=c-1375 total=57.34
03-Oct-2026 20:21:57.517 WARNING [http-nio-8080-exec-9] com.example.shop.service.PaymentService.charge Payment gateway slow response: 2986 ms (threshold 1500 ms)
03-Oct-2026 20:21:57.584 INFO [http-nio-8080-exec-3] com.example.shop.web.OrderController.create Order created id=11298 customer=c-2636 total=253.72
03-Oct-2026 20:21:57.596 INFO [http-nio-8080-exec-8] com.example.shop.web.OrderController.create Order created id=11299 customer=c-1492 total=215.69
03-Oct-2026 20:21:57.999 INFO [http-nio-8080-exec-5] com.example.shop.web.OrderController.create Order created id=11301 customer=c-1158 total=173.34
03-Oct-2026 20:21:57.999 INFO [http-nio-8080-exec-7] com.example.shop.web.OrderController.create Order created id=11302 customer=c-2936 total=193.14
03-Oct-2026 20:21:58.610 INFO [http-nio-8080-exec-4] com.example.shop.web.OrderController.create Order created id=11306 customer=c-1451 total=41.61
03-Oct-2026 20:21:58.768 INFO [http-nio-8080-exec-8] com.example.shop.web.OrderController.create Order created id=11307 customer=c-4753 total=4.13
03-Oct-2026 20:21:59.220 INFO [http-nio-8080-exec-5] com.example.shop.web.OrderController.create Order created id=11309 customer=c-4034 total=41.07
03-Oct-2026 20:21:59.299 INFO [http-nio-8080-exec-7] com.example.shop.web.OrderController.create Order created id=11310 customer=c-4779 total=24.13
03-Oct-2026 20:21:59.458 INFO [http-nio-8080-exec-4] com.example.shop.web.OrderController.create Order created id=11311 customer=c-2623 total=136.59
03-Oct-2026 20:21:59.938 SEVERE [http-nio-8080-exec-9] com.example.shop.service.PaymentService.charge Payment failed for order 11314
	java.net.SocketTimeoutException: Read timed out
		at java.base/sun.nio.ch.NioSocketImpl.timedRead(NioSocketImpl.java:278)
		at com.example.shop.client.GatewayClient.post(GatewayClient.java:88)
		at com.example.shop.service.PaymentService.charge(PaymentService.java:54)
03-Oct-2026 20:21:59.999 INFO [http-nio-8080-exec-2] com.example.shop.web.OrderController.create Order created id=11317 customer=c-1142 total=244.13
03-Oct-2026 20:22:01.999 INFO [http-nio-8080-exec-10] com.example.shop.web.OrderController.create Order created id=11335 customer=c-2753 total=203.91
03-Oct-2026 20:22:02.033 INFO [Catalina-utility-2] org.apache.catalina.core.StandardContext.reload Reloading Context with name [/shop] has started
03-Oct-2026 20:22:02.629 INFO [http-nio-8080-exec-5] com.example.shop.web.OrderController.create Order created id=11338 customer=c-1759 total=220.25
03-Oct-2026 20:22:02.999 WARNING [http-nio-8080-exec-4] com.example.shop.service.PaymentService.charge Payment gateway slow response: 2416 ms (threshold 1500 ms)
03-Oct-2026 20:22:02.999 INFO [http-nio-8080-exec-2] com.example.shop.web.OrderController.create Order created id=11340 customer=c-1374 total=72.54
03-Oct-2026 20:22:02.999 SEVERE [http-nio-8080-exec-3] com.example.shop.service.PaymentService.charge Payment failed for order 11341
	java.net.SocketTimeoutException: Read timed out
		at java.base/sun.nio.ch.NioSocketImpl.timedRead(NioSocketImpl.java:278)
		at com.example.shop.client.GatewayClient.post(GatewayClient.java:88)
		at com.example.shop.service.PaymentService.charge(PaymentService.java:54)
03-Oct-2026 20:22:03.224 SEVERE [http-nio-8080-exec-9] com.example.shop.service.PaymentService.charge Payment failed for order 11343
	java.net.SocketTimeoutException: Read timed out
		at java.base/sun.nio.ch.NioSocketImpl.timedRead(NioSocketImpl.java:278)
		at com.example.shop.client.GatewayClient.post(GatewayClient.java:88)
		at com.example.shop.service.PaymentService.charge(PaymentService.java:54)
03-Oct-2026 20:22:03.937 INFO [http-nio-8080-exec-8] com.example.shop.web.OrderController.create Order created id=11347 customer=c-4475 total=281.25
03-Oct-2026 20:22:04.151 INFO [http-nio-8080-exec-9] com.example.shop.web.OrderController.create Order created id=11352 customer=c-1422 total=203.31
03-Oct-2026 20:22:04.246 WARNING [http-nio-8080-exec-4] com.example.shop.service.PaymentService.charge Payment gateway slow response: 1958 ms (threshold 1500 ms)
03-Oct-2026 20:22:04.837 INFO [http-nio-8080-exec-8] com.example.shop.web.OrderController.create Order created id=11356 customer=c-1106 total=225.53
03-Oct-2026 20:22:05.084 INFO [http-nio-8080-exec-2] com.example.shop.web.OrderController.create Order created id=11358 customer=c-1135 total=132.25
03-Oct-2026 20:22:05.605 INFO [http-nio-8080-exec-5] com.example.shop.web.OrderController.create Order created id=11359 customer=c-1719 total=19.81
03-Oct-2026 20:22:05.999 SEVERE [http-nio-8080-exec-5] com.example.shop.service.PaymentService.charge Payment failed for order 11361
	java.net.SocketTimeoutException: Read timed out
		at java.base/sun.nio.ch.NioSocketImpl.timedRead(NioSocketImpl.java:278)
		at com.example.shop.client.GatewayClient.post(GatewayClient.java:88)
		at com.example.shop.service.PaymentService.charge(PaymentService.java:54)
03-Oct-2026 20:22:06.114 INFO [http-nio-8080-exec-9] com.example.shop.web.OrderController.create Order created id=11363 customer=c-4039 total=211.50
03-Oct-2026 20:22:06.373 INFO [http-nio-8080-exec-7] com.example.shop.web.OrderController.create Order created id=11365 customer=c-1696 total=231.08
03-Oct-2026 20:22:06.761 INFO [http-nio-8080-exec-6] com.example.shop.web.OrderController.create Order created id=11366 customer=c-4495 total=271.22
03-Oct-2026 20:22:06.978 WARNING [http-nio-8080-exec-2] com.example.shop.service.PaymentService.charge Payment gateway slow response: 3481 ms (threshold 1500 ms)
03-Oct-2026 20:22:07.201 WARNING [http-nio-8080-exec-6] com.example.shop.service.PaymentService.charge Payment gateway slow response: 3839 ms (threshold 1500 ms)
03-Oct-2026 20:22:07.364 INFO [http-nio-8080-exec-2] com.example.shop.web.OrderController.create Order created id=11372 customer=c-1891 total=222.26
03-Oct-2026 20:22:07.647 INFO [http-nio-8080-exec-7] com.example.shop.web.OrderController.create Order created id=11374 customer=c-1360 total=168.92
03-Oct-2026 20:22:07.768 INFO [Catalina-utility-2] org.apache.catalina.core.StandardContext.reload Reloading Context with name [/shop] has started
03-Oct-2026 20:22:07.999 INFO [http-nio-8080-exec-5] com.example.shop.web.OrderController.create Order created id=11379 customer=c-1431 total=82.03
03-Oct-2026 20:22:07.999 INFO [Catalina-utility-1] org.apache.catalina.core.StandardContext.reload Reloading Context with name [/shop] has started
03-Oct-2026 20:22:09.454 WARNING [http-nio-8080-exec-8] com.example.shop.service.PaymentService.charge Payment gateway slow response: 1969 ms (threshold 1500 ms)
03-Oct-2026 20:22:09.830 INFO [http-nio-8080-exec-10] com.example.shop.web.OrderController.create Order created id=11388 customer=c-4485 total=181.86
03-Oct-2026 20:22:09.999 INFO [http-nio-8080-exec-2] com.example.shop.web.OrderController.create Order created id=11389 customer=c-4547 total=162.14
03-Oct-2026 20:22:10.283 SEVERE [http-nio-8080-exec-8] com.example.shop.service.PaymentService.charge Payment failed for order 11392
	java.net.SocketTimeoutException: Read timed out
		at java.base/sun.nio.ch.NioSocketImpl.timedRead(NioSocketImpl.java:278)
		at com.example.shop.client.GatewayClient.post(GatewayClient.java:88)
		at com.example.shop.service.PaymentService.charge(PaymentService.java:54)
03-Oct-2026 20:22:11.261 INFO [http-nio-8080-exec-1] com.example.shop.web.OrderController.create Order created id=11394 customer=c-2552 total=139.53
03-Oct-2026 20:22:11.435 WARNING [http-nio-8080-exec-9] com.example.shop.service.PaymentService.charge Payment gateway slow response: 3479 ms (threshold 1500 ms)
03-Oct-2026 20:22:12.459 INFO [http-nio-8080-exec-3] com.example.shop.web.OrderController.create Order created id=11402 customer=c-3428 total=75.81
03-Oct-2026 20:22:12.836 INFO [http-nio-8080-exec-7] com.example.shop.web.OrderController.create Order created id=11404 customer=c-4490 total=194.00
03-Oct-2026 20:22:12.999 INFO [http-nio-8080-exec-3] com.example.shop.web.OrderController.create Order created id=11406 customer=c-3766 total=164.34
03-Oct-2026 20:22:13.272 INFO [http-nio-8080-exec-10] com.example.shop.web.OrderController.create Order created id=11408 customer=c-1539 total=253.00
03-Oct-2026 20:22:14.933 WARNING [http-nio-8080-exec-8] com.example.shop.service.PaymentService.charge Payment gateway slow response: 2244 ms (threshold 1500 ms)
03-Oct-2026 20:22:14.999 SEVERE [http-nio-8080-exec-3] com.example.shop.service.PaymentService.charge Payment failed for order 11417
	java.net.SocketTimeoutException: Read timed out
		at java.base/sun.nio.ch.NioSocketImpl.timedRead(NioSocketImpl.java:278)
		at com.example.shop.client.GatewayClient.post(GatewayClient.java:88)
		at com.example.shop.service.PaymentService.charge(PaymentService.java:54)
03-Oct-2026 20:22:15.273 SEVERE [http-nio-8080-exec-10] com.example.shop.service.PaymentService.charge Payment failed for order 11420
	java.net.SocketTimeoutException: Read timed out
		at java.base/sun.nio.ch.NioSocketImpl.timedRead(NioSocketImpl.java:278)
		at com.example.shop.client.GatewayClient.post(GatewayClient.java:88)
		at com.example.shop.service.PaymentService.charge(PaymentService.java:54)
03-Oct-2026 20:22:15.387 INFO [Catalina-utility-2] org.apache.catalina.core.StandardContext.reload Reloading Context with name [/shop] has started
03-Oct-2026 20:22:16.753 SEVERE [http-nio-8080-exec-4] com.example.shop.service.PaymentService.charge Payment failed for order 11427
	java.net.SocketTimeoutException: Read timed out
		at java.base/sun.nio.ch.NioSocketImpl.timedRead(NioSocketImpl.java:278)
		at com.example.shop.client.GatewayClient.post(GatewayClient.java:88)
		at com.example.shop.service.PaymentService.charge(PaymentService.java:54)
03-Oct-2026 20:22:16.999 INFO [http-nio-8080-exec-3] com.example.shop.web.OrderController.create Order created id=11434 customer=c-2576 total=86.49
03-Oct-2026 20:22:17.634 INFO [http-nio-8080-exec-1] com.example.shop.web.OrderController.create Order created id=11439 customer=c-1137 total=113.69
03-Oct-2026 20:22:17.709 INFO [http-nio-8080-exec-6] com.example.shop.web.OrderController.create Order created id=11440 customer=c-2016 total=38.85
03-Oct-2026 20:22:17.875 INFO [http-nio-8080-exec-1] com.example.shop.web.OrderController.create Order created id=11441 customer=c-4057 total=152.14
03-Oct-2026 20:22:18.204 INFO [http-nio-8080-exec-9] com.example.shop.web.OrderController.create Order created id=11443 customer=c-1156 total=209.29
03-Oct-2026 20:22:18.303 INFO [http-nio-8080-exec-6] com.example.shop.web.OrderController.create Order created id=11445 customer=c-4115 total=6.76
03-Oct-2026 20:22:18.999 WARNING [http-nio-8080-exec-6] com.example.shop.service.PaymentService.charge Payment gateway slow response: 2199 ms (threshold 1500 ms)
03-Oct-2026 20:22:19.999 INFO [http-nio-8080-exec-6] com.example.shop.web.OrderController.create Order created id=11454 customer=c-3021 total=195.60
03-Oct-2026 20:22:20.103 INFO [Catalina-utility-1] org.apache.catalina.core.StandardContext.reload Reloading Context with name [/shop] has started
03-Oct-2026 20:22:21.004 INFO [http-nio-8080-exec-9] com.example.shop.web.OrderController.create Order created id=11462 customer=c-3392 total=294.66
03-Oct-2026 20:22:21.120 INFO [http-nio-8080-exec-1] com.example.shop.web.OrderController.create Order created id=11463 customer=c-4942 total=207.60
03-Oct-2026 20:22:21.666 INFO [http-nio-8080-exec-1] com.example.shop.web.OrderController.create Order created id=11465 customer=c-2909 total=172.78
03-Oct-2026 20:22:21.817 INFO [Catalina-utility-2] org.apache.catalina.core.StandardContext.reload Reloading Context with name [/shop] has started
03-Oct-2026 20:22:21.948 INFO [http-nio-8080-exec-8] com.example.shop.web.OrderController.create Order created id=11467 customer=c-3004 total=75.71
03-Oct-2026 20:22:22.999 INFO [http-nio-8080-exec-6] com.example.shop.web.OrderController.create Order created id=11474 customer=c-3302 total=105.04
03-Oct-2026 20:22:23.504 INFO [http-nio-8080-exec-3] com.example.shop.web.OrderController.create Order created id=11479 customer=c-2772 total=192.28
03-Oct-2026 20:22:23.537 INFO [http-nio-8080-exec-4] com.example.shop.web.OrderController.create Order created id=11480 customer=c-4171 total=249.47
03-Oct-2026 20:22:23.568 INFO [http-nio-8080-exec-4] com.example.shop.web.OrderController.create Order created id=11481 customer=c-4570 total=95.49
03-Oct-2026 20:22:23.654 INFO [Catalina-utility-1] org.apache.catalina.core.StandardContext.reload Reloading Context with name [/shop] has started
03-Oct-2026 20:22:23.999 WARNING [http-nio-8080-exec-9] com.example.shop.service.PaymentService.charge Payment gateway slow response: 3011 ms (threshold 1500 ms)
03-Oct-2026 20:22:24.999 INFO [http-nio-8080-exec-6] com.example.shop.web.OrderController.create Order created id=11491 customer=c-1129 total=215.35
03-Oct-2026 20:22:25.101 INFO [http-nio-8080-exec-8] com.example.shop.web.OrderController.create Order created id=11493 customer=c-4754 total=83.11
03-Oct-2026 20:22:25.182 INFO [http-nio-8080-exec-9] com.example.shop.web.OrderController.create Order created id=11494 customer=c-3806 total=204.80
03-Oct-2026 20:22:25.905 INFO [http-nio-8080-exec-9] com.example.shop.web.OrderController.create Order created id=11496 customer=c-1210 total=28.31
03-Oct-2026 20:22:26.146 INFO [http-nio-8080-exec-3] com.example.shop.web.OrderController.create Order created id=11502 customer=c-1266 total=190.75
03-Oct-2026 20:22:26.488 WARNING [http-nio-8080-exec-10] com.example.shop.service.PaymentService.charge Payment gateway slow response: 3140 ms (threshold 1500 ms)
03-Oct-2026 20:30:16.999 INFO [http-nio-8080-exec-9] com.example.shop.web.OrderController.create Order created id=10613 customer=c-1557 total=200.53
03-Oct-2026 20:30:16.999 INFO [http-nio-8080-exec-4] com.example.shop.web.OrderController.create Order created id=10615 customer=c-3315 total=243.46
03-Oct-2026 20:30:17.402 SEVERE [http-nio-8080-exec-8] com.example.shop.service.PaymentService.charge Payment failed for order 10620
	java.net.SocketTimeoutException: Read timed out
		at java.base/sun.nio.ch.NioSocketImpl.timedRead(NioSocketImpl.java:278)
		at com.example.shop.client.GatewayClient.post(GatewayClient.java:88)
		at com.example.shop.service.PaymentService.charge(PaymentService.java:54)
03-Oct-2026 20:30:17.790 WARNING [http-nio-8080-exec-4] com.example.shop.service.PaymentService.charge Payment gateway slow response: 2886 ms (threshold 1500 ms)
03-Oct-2026 20:30:18.536 INFO [http-nio-8080-exec-6] com.example.shop.web.OrderController.create Order created id=10628 customer=c-1256 total=18.01
03-Oct-2026 20:30:18.999 INFO [http-nio-8080-exec-2] com.example.shop.web.OrderController.create Order created id=10630 customer=c-3290 total=54.40
03-Oct-2026 20:30:18.999 INFO [http-nio-8080-exec-9] com.example.shop.web.OrderController.create Order created id=10632 customer=c-3067 total=172.97
03-Oct-2026 20:30:20.737 INFO [http-nio-8080-exec-8] com.example.shop.web.OrderController.create Order created id=10642 customer=c-4123 total=201.09
03-Oct-2026 20:30:21.363 WARNING [http-nio-8080-exec-2] com.example.shop.service.PaymentService.charge Payment gateway slow response: 2700 ms (threshold 1500 ms)
03-Oct-2026 20:30:21.384 INFO [Catalina-utility-2] org.apache.catalina.core.StandardContext.reload Reloading Context with name [/shop] has started
03-Oct-2026 20:30:21.547 INFO [http-nio-8080-exec-7] com.example.shop.web.OrderController.create Order created id=10648 customer=c-4455 total=163.74
03-Oct-2026 20:30:21.999 INFO [http-nio-8080-exec-4] com.example.shop.web.OrderController.create Order created id=10652 customer=c-4680 total=127.01
03-Oct-2026 20:30:22.942 INFO [Catalina-utility-2] org.apache.catalina.core.StandardContext.reload Reloading Context with name [/shop] has started
03-Oct-2026 20:30:23.667 WARNING [http-nio-8080-exec-8] com.example.shop.service.PaymentService.charge Payment gateway slow response: 3373 ms (threshold 1500 ms)
03-Oct-2026 20:30:23.833 INFO [http-nio-8080-exec-3] com.example.shop.web.OrderController.create Order created id=10666 customer=c-2212 total=82.81
03-Oct-2026 20:30:23.999 INFO [http-nio-8080-exec-4] com.example.shop.web.OrderController.create Order created id=10667 customer=c-2050 total=85.75
03-Oct-2026 20:30:23.999 INFO [http-nio-8080-exec-7] com.example.shop.web.OrderController.create Order created id=10668 customer=c-3781 total=84.07
03-Oct-2026 20:30:23.999 INFO [Catalina-utility-1] org.apache.catalina.core.StandardContext.reload Reloading Context with name [/shop] has started
03-Oct-2026 20:30:24.535 INFO [http-nio-8080-exec-8] com.example.shop.web.OrderController.create Order created id=10672 customer=c-3144 total=138.02
03-Oct-2026 20:30:25.319 INFO [http-nio-8080-exec-7] com.example.shop.web.OrderController.create Order created id=10677 customer=c-2040 total=295.81
03-Oct-2026 20:30:25.605 WARNING [http-nio-8080-exec-6] com.example.shop.service.PaymentService.charge Payment gateway slow response: 1760 ms (threshold 1500 ms)
03-Oct-2026 20:30:25.999 INFO [http-nio-8080-exec-3] com.example.shop.web.OrderController.create Order created id=10682 customer=c-1926 total=75.48
03-Oct-2026 20:30:26.786 INFO [Catalina-utility-2] org.apache.catalina.core.StandardContext.reload Reloading Context with name [/shop] has started
03-Oct-2026 20:30:26.815 INFO [http-nio-8080-exec-9] com.example.shop.web.OrderController.create Order created id=10685 customer=c-4782 total=231.09
03-Oct-2026 20:30:27.109 INFO [http-nio-8080-exec-5] com.example.shop.web.OrderController.create Order created id=10688 customer=c-2012 total=263.00
03-Oct-2026 20:30:27.531 WARNING [http-nio-8080-exec-1] com.example.shop.service.PaymentService.charge Payment gateway slow response: 3475 ms (threshold 1500 ms)
03-Oct-2026 20:30:27.641 INFO [http-nio-8080-exec-8] com.example.shop.web.OrderController.create Order created id=10691 customer=c-2327 total=116.38
03-Oct-2026 20:30:28.365 INFO [http-nio-8080-exec-10] com.example.shop.web.OrderController.create Order created id=10694 customer=c-2077 total=239.14
03-Oct-2026 20:30:28.396 INFO [Catalina-utility-1] org.apache.catalina.core.StandardContext.reload Reloading Context with name [/shop] has started
03-Oct-2026 20:30:28.457 WARNING [http-nio-8080-exec-2] com.example.shop.service.PaymentService.charge Payment gateway slow response: 1568 ms (threshold 1500 ms)
03-Oct-2026 20:30:28.562 INFO [http-nio-8080-exec-1] com.example.shop.web.OrderController.create Order created id=10698 customer=c-3367 total=9.22
03-Oct-2026 20:30:28.770 INFO [http-nio-8080-exec-10] com.example.shop.web.OrderController.create Order created id=10699 customer=c-4294 total=187.49
03-Oct-2026 20:30:28.804 SEVERE [http-nio-8080-exec-4] com.example.shop.service.PaymentService.charge Payment failed for order 10700
	java.net.SocketTimeoutException: Read timed out
		at java.base/sun.nio.ch.NioSocketImpl.timedRead(NioSocketImpl.java:278)
		at com.example.shop.client.GatewayClient.post(GatewayClient.java:88)
		at com.example.shop.service.PaymentService.charge(PaymentService.java:54)
03-Oct-2026 20:30:29.242 WARNING [http-nio-8080-exec-3] com.example.shop.service.PaymentService.charge Payment gateway slow response: 2757 ms (threshold 1500 ms)
03-Oct-2026 20:30:29.254 INFO [http-nio-8080-exec-7] com.example.shop.web.OrderController.create Order created id=10706 customer=c-4414 total=166.53
03-Oct-2026 20:30:29.591 INFO [http-nio-8080-exec-10] com.example.shop.web.OrderController.create Order created id=10710 customer=c-2794 total=149.92
03-Oct-2026 20:30:30.225 INFO [http-nio-8080-exec-2] com.example.shop.web.OrderController.create Order created id=10713 customer=c-3095 total=188.50
03-Oct-2026 20:30:30.297 WARNING [http-nio-8080-exec-8] com.example.shop.service.PaymentService.charge Payment gateway slow response: 2370 ms (threshold 1500 ms)
03-Oct-2026 20:30:30.999 INFO [http-nio-8080-exec-7] com.example.shop.web.OrderController.create Order created id=10719 customer=c-1285 total=81.32
03-Oct-2026 20:30:31.180 WARNING [http-nio-8080-exec-10] com.example.shop.service.PaymentService.charge Payment gateway slow response: 2719 ms (threshold 1500 ms)
03-Oct-2026 20:30:31.587 INFO [http-nio-8080-exec-10] com.example.shop.web.OrderController.create Order created id=10724 customer=c-2839 total=22.17
03-Oct-2026 20:30:31.700 INFO [http-nio-8080-exec-8] com.example.shop.web.OrderController.create Order created id=10726 customer=c-2213 total=254.98
03-Oct-2026 20:30:32.998 INFO [http-nio-8080-exec-7] com.example.shop.web.OrderController.create Order created id=10733 customer=c-2153 total=115.20
03-Oct-2026 20:30:33.151 INFO [http-nio-8080-exec-9] com.example.shop.web.OrderController.create Order created id=10734 customer=c-3558 total=30.10
03-Oct-2026 20:30:33.788 WARNING [http-nio-8080-exec-4] com.example.shop.service.PaymentService.charge Payment gateway slow response: 3262 ms (threshold 1500 ms)
03-Oct-2026 20:30:34.370 WARNING [http-nio-8080-exec-3] com.example.shop.service.PaymentService.charge Payment gateway slow response: 3750 ms (threshold 1500 ms)
03-Oct-2026 20:30:34.641 INFO [http-nio-8080-exec-7] com.example.shop.web.OrderController.create Order created id=10749 customer=c-1770 total=158.55
03-Oct-2026 20:30:34.699 WARNING [http-nio-8080-exec-4] com.example.shop.service.PaymentService.charge Payment gateway slow response: 2295 ms (threshold 1500 ms)
03-Oct-2026 20:30:35.216 SEVERE [http-nio-8080-exec-3] com.example.shop.service.PaymentService.charge Payment failed for order 10754
	java.net.SocketTimeoutException: Read timed out
		at java.base/sun.nio.ch.NioSocketImpl.timedRead(NioSocketImpl.java:278)
		at com.example.shop.client.GatewayClient.post(GatewayClient.java:88)
		at com.example.shop.service.PaymentService.charge(PaymentService.java:54)
03-Oct-2026 20:30:37.365 INFO [http-nio-8080-exec-7] com.example.shop.web.OrderController.create Order created id=10770 customer=c-4666 total=287.25
03-Oct-2026 20:30:37.611 INFO [http-nio-8080-exec-7] com.example.shop.web.OrderController.create Order created id=10772 customer=c-1310 total=299.78
03-Oct-2026 20:30:38.185 SEVERE [http-nio-8080-exec-10] com.example.shop.service.PaymentService.charge Payment failed for order 10777
	java.net.SocketTimeoutException: Read timed out
		at java.base/sun.nio.ch.NioSocketImpl.timedRead(NioSocketImpl.java:278)
		at com.example.shop.client.GatewayClient.post(GatewayClient.java:88)
		at com.example.shop.service.PaymentService.charge(PaymentService.java:54)
03-Oct-2026 20:30:38.716 SEVERE [http-nio-8080-exec-8] com.example.shop.service.PaymentService.charge Payment failed for order 10782
	java.net.SocketTimeoutException: Read timed out
		at java.base/sun.nio.ch.NioSocketImpl.timedRead(NioSocketImpl.java:278)
		at com.example.shop.client.GatewayClient.post(GatewayClient.java:88)
		at com.example.shop.service.PaymentService.charge(PaymentService.java:54)
03-Oct-2026 20:30:39.889 WARNING [http-nio-8080-exec-8] com.example.shop.service.PaymentService.charge Payment gateway slow response: 2520 ms (threshold 1500 ms)
03-Oct-2026 20:30:40.366 WARNING [http-nio-8080-exec-2] com.example.shop.service.PaymentService.charge Payment gateway slow response: 2789 ms (threshold 1500 ms)
03-Oct-2026 20:30:40.999 INFO [http-nio-8080-exec-2] com.example.shop.web.OrderController.create Order created id=10794 customer=c-3956 total=62.81
03-Oct-2026 20:30:42.139 WARNING [http-nio-8080-exec-8] com.example.shop.service.PaymentService.charge Payment gateway slow response: 2065 ms (threshold 1500 ms)
03-Oct-2026 20:30:42.191 INFO [http-nio-8080-exec-5] com.example.shop.web.OrderController.create Order created id=10801 customer=c-1564 total=294.16
03-Oct-2026 20:30:42.245 SEVERE [http-nio-8080-exec-2] com.example.shop.service.PaymentService.charge Payment failed for order 10802
	java.net.SocketTimeoutException: Read timed out
		at java.base/sun.nio.ch.NioSocketImpl.timedRead(NioSocketImpl.java:278)
		at com.example.shop.client.GatewayClient.post(GatewayClient.java:88)
		at com.example.shop.service.PaymentService.charge(PaymentService.java:54)
03-Oct-2026 20:30:42.700 INFO [http-nio-8080-exec-5] com.example.shop.web.OrderController.create Order created id=10804 customer=c-1462 total=75.32
03-Oct-2026 20:30:43.043 INFO [http-nio-8080-exec-8] com.example.shop.web.OrderController.create Order created id=10810 customer=c-1636 total=192.11
03-Oct-2026 20:30:43.681 INFO [http-nio-8080-exec-3] com.example.shop.web.OrderController.create Order created id=10812 customer=c-1911 total=90.19
03-Oct-2026 20:30:43.984 INFO [http-nio-8080-exec-4] com.example.shop.web.OrderController.create Order created id=10814 customer=c-4147 total=134.96
03-Oct-2026 20:30:44.200 INFO [http-nio-8080-exec-5] com.example.shop.web.OrderController.create Order created id=10816 customer=c-1536 total=250.30
03-Oct-2026 20:30:44.451 INFO [http-nio-8080-exec-4] com.example.shop.web.OrderController.create Order created id=10819 customer=c-4944 total=105.17
03-Oct-2026 20:30:44.582 INFO [http-nio-8080-exec-9] com.example.shop.web.OrderController.create Order created id=10820 customer=c-4350 total=71.23
03-Oct-2026 20:30:44.753 INFO [http-nio-8080-exec-6] com.example.shop.web.OrderController.create Order created id=10821 customer=c-1368 total=63.76
03-Oct-2026 20:30:45.087 WARNING [http-nio-8080-exec-2] com.example.shop.service.PaymentService.charge Payment gateway slow response: 2183 ms (threshold 1500 ms)
03-Oct-2026 20:30:47.483 INFO [http-nio-8080-exec-4] com.example.shop.web.OrderController.create Order created id=10832 customer=c-3576 total=84.52
03-Oct-2026 20:30:47.999 INFO [http-nio-8080-exec-4] com.example.shop.web.OrderController.create Order created id=10835 customer=c-3334 total=291.57
03-Oct-2026 20:30:47.999 INFO [http-nio-8080-exec-1] com.example.shop.web.OrderController.create Order created id=10837 customer=c-3556 total=270.79
03-Oct-2026 20:30:48.209 INFO [http-nio-8080-exec-8] com.example.shop.web.OrderController.create Order created id=10839 customer=c-2699 total=106.19
03-Oct-2026 20:30:48.338 INFO [http-nio-8080-exec-6] com.example.shop.web.OrderController.create Order created id=10841 customer=c-4463 total=253.89
03-Oct-2026 20:30:49.085 INFO [http-nio-8080-exec-4] com.example.shop.web.OrderController.create Order created id=10843 customer=c-4809 total=295.69
03-Oct-2026 20:30:49.999 INFO [http-nio-8080-exec-2] com.example.shop.web.OrderController.create Order created id=10845 customer=c-1062 total=272.20
03-Oct-2026 20:30:49.999 INFO [http-nio-8080-exec-7] com.example.shop.web.OrderController.create Order created id=10846 customer=c-3749 total=90.00
03-Oct-2026 20:30:49.999 INFO [http-nio-8080-exec-9] com.example.shop.web.OrderController.create Order created id=10847 customer=c-3195 total=133.58
03-Oct-2026 20:30:50.999 WARNING [http-nio-8080-exec-8] com.example.shop.service.PaymentService.charge Payment gateway slow response: 2539 ms (threshold 1500 ms)
03-Oct-2026 20:30:51.685 INFO [http-nio-8080-exec-9] com.example.shop.web.OrderController.create Order created id=10864 customer=c-1563 total=44.32
03-Oct-2026 20:30:51.932 INFO [http-nio-8080-exec-1] com.example.shop.web.OrderController.create Order created id=10865 customer=c-1117 total=245.45
03-Oct-2026 20:30:52.628 INFO [Catalina-utility-1] org.apache.catalina.core.StandardContext.reload Reloading Context with name [/shop] has started
03-Oct-2026 20:30:52.931 WARNING [http-nio-8080-exec-7] com.example.shop.service.PaymentService.charge Payment gateway slow response: 2308 ms (threshold 1500 ms)
03-Oct-2026 20:30:52.957 INFO [http-nio-8080-exec-6] com.example.shop.web.OrderController.create Order created id=10873 customer=c-4650 total=55.91
03-Oct-2026 20:30:54.999 WARNING [http-nio-8080-exec-6] com.example.shop.service.PaymentService.charge Payment gateway slow response: 2472 ms (threshold 1500 ms)
03-Oct-2026 20:30:54.999 WARNING [http-nio-8080-exec-5] com.example.shop.service.PaymentService.charge Payment gateway slow response: 3169 ms (threshold 1500 ms)
03-Oct-2026 20:30:55.338 INFO [http-nio-8080-exec-6] com.example.shop.web.OrderController.create Order created id=10889 customer=c-4674 total=174.82
03-Oct-2026 20:30:55.408 INFO [http-nio-8080-exec-3] com.example.shop.web.OrderController.create Order created id=10890 customer=c-3166 total=291.42
03-Oct-2026 20:30:55.745 INFO [http-nio-8080-exec-8] com.example.shop.web.OrderController.create Order created id=10892 customer=c-4385 total=83.11
03-Oct-2026 20:30:56.137 INFO [http-nio-8080-exec-9] com.example.shop.web.OrderController.create Order created id=10896 customer=c-1412 total=217.88
03-Oct-2026 20:30:56.861 INFO [http-nio-8080-exec-7] com.example.shop.web.OrderController.create Order created id=10897 customer=c-4408 total=101.80
03-Oct-2026 20:30:56.977 INFO [http-nio-8080-exec-1] com.example.shop.web.OrderController.create Order created id=10898 customer=c-4393 total=152.86
03-Oct-2026 20:30:57.155 INFO [http-nio-8080-exec-4] com.example.shop.web.OrderController.create Order created id=10901 customer=c-3651 total=3.40
03-Oct-2026 20:30:57.999 INFO [http-nio-8080-exec-3] com.example.shop.web.OrderController.create Order created id=10905 customer=c-4685 total=226.69
03-Oct-2026 20:30:58.501 SEVERE [http-nio-8080-exec-6] com.example.shop.service.PaymentService.charge Payment failed for order 10908
	java.net.SocketTimeoutException: Read timed out
		at java.base/sun.nio.ch.NioSocketImpl.timedRead(NioSocketImpl.java:278)
		at com.example.shop.client.GatewayClient.post(GatewayClient.java:88)
		at com.example.shop.service.PaymentService.charge(PaymentService.java:54)
03-Oct-2026 20:30:59.069 INFO [http-nio-8080-exec-7] com.example.shop.web.OrderController.create Order created id=10910 customer=c-2292 total=59.22
03-Oct-2026 20:30:59.214 INFO [http-nio-8080-exec-1] com.example.shop.web.OrderController.create Order created id=10912 customer=c-1317 total=83.33
03-Oct-2026 20:30:59.302 INFO [Catalina-utility-1] org.apache.catalina.core.StandardContext.reload Reloading Context with name [/shop] has started
03-Oct-2026 20:30:59.642 INFO [http-nio-8080-exec-6] com.example.shop.web.OrderController.create Order created id=10917 customer=c-3232 total=102.59
03-Oct-2026 20:30:59.999 INFO [http-nio-8080-exec-8] com.example.shop.web.OrderController.create Order created id=10921 customer=c-4609 total=160.14
03-Oct-2026 20:30:59.999 INFO [Catalina-utility-2] org.apache.catalina.core.StandardContext.reload Reloading Context with name [/shop] has started
03-Oct-2026 20:31:00.813 INFO [Catalina-utility-2] org.apache.catalina.core.StandardContext.reload Reloading Context with name [/shop] has started
03-Oct-2026 20:31:00.999 SEVERE [http-nio-8080-exec-1] com.example.shop.service.PaymentService.charge Payment failed for order 10930
	java.net.SocketTimeoutException: Read timed out
		at java.base/sun.nio.ch.NioSocketImpl.timedRead(NioSocketImpl.java:278)
		at com.example.shop.client.GatewayClient.post(GatewayClient.java:88)
		at com.example.shop.service.PaymentService.charge(PaymentService.java:54)
03-Oct-2026 20:31:01.760 INFO [http-nio-8080-exec-8] com.example.shop.web.OrderController.create Order created id=10935 customer=c-3887 total=247.04
03-Oct-2026 20:31:01.999 INFO [http-nio-8080-exec-1] com.example.shop.web.OrderController.create Order created id=10937 customer=c-4852 total=281.04
03-Oct-2026 20:31:02.557 INFO [http-nio-8080-exec-8] com.example.shop.web.OrderController.create Order created id=10943 customer=c-1161 total=161.83
03-Oct-2026 20:31:03.440 INFO [http-nio-8080-exec-8] com.example.shop.web.OrderController.create Order created id=10948 customer=c-3278 total=145.87
03-Oct-2026 20:31:04.186 SEVERE [http-nio-8080-exec-4] com.example.shop.service.PaymentService.charge Payment failed for order 10954
	java.net.SocketTimeoutException: Read timed out
		at java.base/sun.nio.ch.NioSocketImpl.timedRead(NioSocketImpl.java:278)
		at com.example.shop.client.GatewayClient.post(GatewayClient.java:88)
		at com.example.shop.service.PaymentService.charge(PaymentService.java:54)
03-Oct-2026 20:31:05.350 INFO [http-nio-8080-exec-3] com.example.shop.web.OrderController.create Order created id=10956 customer=c-3288 total=236.24
03-Oct-2026 20:31:05.535 INFO [http-nio-8080-exec-2] com.example.shop.web.OrderController.create Order created id=10957 customer=c-1469 total=294.13
03-Oct-2026 20:31:05.716 INFO [http-nio-8080-exec-8] com.example.shop.web.OrderController.create Order created id=10958 customer=c-4712 total=13.60
03-Oct-2026 20:31:05.999 INFO [http-nio-8080-exec-3] com.example.shop.web.OrderController.create Order created id=10963 customer=c-3548 total=242.42
03-Oct-2026 20:31:06.254 INFO [Catalina-utility-1] org.apache.catalina.core.StandardContext.reload Reloading Context with name [/shop] has started
03-Oct-2026 20:31:06.488 INFO [http-nio-8080-exec-3] com.example.shop.web.OrderController.create Order created id=10965 customer=c-4902 total=69.97
03-Oct-2026 20:31:06.809 INFO [http-nio-8080-exec-6] com.example.shop.web.OrderController.create Order created id=10968 customer=c-3129 total=220.41
03-Oct-2026 20:31:06.999 INFO [http-nio-8080-exec-2] com.example.shop.web.OrderController.create Order created id=10969 customer=c-3365 total=154.12
03-Oct-2026 20:31:07.438 INFO [http-nio-8080-exec-8] com.example.shop.web.OrderController.create Order created id=10974 customer=c-2888 total=221.34
03-Oct-2026 20:31:07.595 SEVERE [http-nio-8080-exec-1] com.example.shop.service.PaymentService.charge Payment failed for order 10975
	java.net.SocketTimeoutException: Read timed out
		at java.base/sun.nio.ch.NioSocketImpl.timedRead(NioSocketImpl.java:278)
		at com.example.shop.client.GatewayClient.post(GatewayClient.java:88)
		at com.example.shop.service.PaymentService.charge(PaymentService.java:54)
03-Oct-2026 20:31:07.880 INFO [Catalina-utility-2] org.apache.catalina.core.StandardContext.reload Reloading Context with name [/shop] has started
03-Oct-2026 20:31:08.206 SEVERE [http-nio-8080-exec-6] com.example.shop.service.PaymentService.charge Payment failed for order 10983
	java.net.SocketTimeoutException: Read timed out
		at java.base/sun.nio.ch.NioSocketImpl.timedRead(NioSocketImpl.java:278)
		at com.example.shop.client.GatewayClient.post(GatewayClient.java:88)
		at com.example.shop.service.PaymentService.charge(PaymentService.java:54)
03-Oct-2026 20:31:08.437 INFO [http-nio-8080-exec-6] com.example.shop.web.OrderController.create Order created id=10985 customer=c-3280 total=31.18
03-Oct-2026 20:31:08.599 INFO [http-nio-8080-exec-9] com.example.shop.web.OrderController.create Order created id=10987 customer=c-3722 total=29.09
03-Oct-2026 20:31:08.791 INFO [http-nio-8080-exec-8] com.example.shop.web.OrderController.create Order created id=10989 customer=c-3289 total=61.77
03-Oct-2026 20:31:09.044 INFO [http-nio-8080-exec-2] com.example.shop.web.OrderController.create Order created id=10990 customer=c-2756 total=212.09
03-Oct-2026 20:31:09.126 WARNING [http-nio-8080-exec-6] com.example.shop.service.PaymentService.charge Payment gateway slow response: 2391 ms (threshold 1500 ms)
03-Oct-2026 20:31:09.573 INFO [http-nio-8080-exec-1] com.example.shop.web.OrderController.create Order created id=10993 customer=c-4471 total=223.37
03-Oct-2026 20:31:10.393 INFO [http-nio-8080-exec-3] com.example.shop.web.OrderController.create Order created id=10998 customer=c-3471 total=71.71
03-Oct-2026 20:31:10.621 WARNING [http-nio-8080-exec-6] com.example.shop.service.PaymentService.charge Payment gateway slow response: 2232 ms (threshold 1500 ms)
03-Oct-2026 20:31:10.766 WARNING [http-nio-8080-exec-7] com.example.shop.service.PaymentService.charge Payment gateway slow response: 3102 ms (threshold 1500 ms)
03-Oct-2026 20:31:10.924 WARNING [http-nio-8080-exec-3] com.example.shop.service.PaymentService.charge Payment gateway slow response: 1728 ms (threshold 1500 ms)
03-Oct-2026 20:31:10.999 INFO [Catalina-utility-1] org.apache.catalina.core.StandardContext.reload Reloading Context with name [/shop] has started
03-Oct-2026 20:31:11.074 SEVERE [http-nio-8080-exec-2] com.example.shop.service.PaymentService.charge Payment failed for order 11009
	java.net.SocketTimeoutException: Read timed out
		at java.base/sun.nio.ch.NioSocketImpl.timedRead(NioSocketImpl.java:278)
		at com.example.shop.client.GatewayClient.post(GatewayClient.java:88)
		at com.example.shop.service.PaymentService.charge(PaymentService.java:54)
03-Oct-2026 20:31:11.918 INFO [http-nio-8080-exec-6] com.example.shop.web.OrderController.create Order created id=11012 customer=c-3469 total=190.21
03-Oct-2026 20:31:11.999 INFO [http-nio-8080-exec-10] com.example.shop.web.OrderController.create Order created id=11013 customer=c-2596 total=6.77
03-Oct-2026 20:31:12.811 INFO [http-nio-8080-exec-10] com.example.shop.web.OrderController.create Order created id=11019 customer=c-2966 total=275.96
03-Oct-2026 20:31:13.830 INFO [http-nio-8080-exec-3] com.example.shop.web.OrderController.create Order created id=11024 customer=c-1175 total=25.61
03-Oct-2026 20:31:14.518 INFO [http-nio-8080-exec-10] com.example.shop.web.OrderController.create Order created id=11030 customer=c-2104 total=144.99
03-Oct-2026 20:31:14.561 INFO [http-nio-8080-exec-10] com.example.shop.web.OrderController.create Order created id=11031 customer=c-3314 total=172.49
03-Oct-2026 20:31:15.063 SEVERE [http-nio-8080-exec-6] com.example.shop.service.PaymentService.charge Payment failed for order 11038
	java.net.SocketTimeoutException: Read timed out
		at java.base/sun.nio.ch.NioSocketImpl.timedRead(NioSocketImpl.java:278)
		at com.example.shop.client.GatewayClient.post(GatewayClient.java:88)
		at com.example.shop.service.PaymentService.charge(PaymentService.java:54)
03-Oct-2026 20:31:15.999 WARNING [http-nio-8080-exec-6] com.example.shop.service.PaymentService.charge Payment gateway slow response: 1511 ms (threshold 1500 ms)
03-Oct-2026 20:31:16.230 INFO [http-nio-8080-exec-3] com.example.shop.web.OrderController.create Order created id=11046 customer=c-1010 total=245.09
03-Oct-2026 20:31:16.305 INFO [http-nio-8080-exec-9] com.example.shop.web.OrderController.create Order created id=11047 customer=c-2315 total=5.29
03-Oct-2026 20:31:16.316 WARNING [http-nio-8080-exec-7] com.example.shop.service.PaymentService.charge Payment gateway slow response: 3384 ms (threshold 1500 ms)
03-Oct-2026 20:31:16.400 INFO [http-nio-8080-exec-6] com.example.shop.web.OrderController.create Order created id=11049 customer=c-1608 total=166.82
03-Oct-2026 20:31:16.590 INFO [http-nio-8080-exec-3] com.example.shop.web.OrderController.create Order created id=11050 customer=c-4367 total=266.93
03-Oct-2026 20:31:16.999 WARNING [http-nio-8080-exec-10] com.example.shop.service.PaymentService.charge Payment gateway slow response: 1706 ms (threshold 1500 ms)
03-Oct-2026 20:31:17.117 WARNING [http-nio-8080-exec-5] com.example.shop.service.PaymentService.charge Payment gateway slow response: 1671 ms (threshold 1500 ms)
03-Oct-2026 20:31:17.767 INFO [http-nio-8080-exec-5] com.example.shop.web.OrderController.create Order created id=11060 customer=c-1818 total=143.27
03-Oct-2026 20:31:17.988 INFO [http-nio-8080-exec-10] com.example.shop.web.OrderController.create Order created id=11062 customer=c-4745 total=84.51
03-Oct-2026 20:31:18.432 INFO [http-nio-8080-exec-5] com.example.shop.web.OrderController.create Order created id=11065 customer=c-4330 total=175.61
03-Oct-2026 20:31:18.493 INFO [http-nio-8080-exec-5] com.example.shop.web.OrderController.create Order created id=11066 customer=c-2481 total=114.56
03-Oct-2026 20:31:18.822 INFO [http-nio-8080-exec-10] com.example.shop.web.OrderController.create Order created id=11067 customer=c-3541 total=295.29
03-Oct-2026 20:31:18.853 INFO [http-nio-8080-exec-6] com.example.shop.web.OrderController.create Order created id=11068 customer=c-3462 total=58.18
03-Oct-2026 20:31:18.970 INFO [http-nio-8080-exec-7] com.example.shop.web.OrderController.create Order created id=11069 customer=c-3037 total=265.75
03-Oct-2026 20:31:18.999 SEVERE [http-nio-8080-exec-4] com.example.shop.service.PaymentService.charge Payment failed for order 11070
	java.net.SocketTimeoutException: Read timed out
		at java.base/sun.nio.ch.NioSocketImpl.timedRead(NioSocketImpl.java:278)
		at com.example.shop.client.GatewayClient.post(GatewayClient.java:88)
		at com.example.shop.service.PaymentService.charge(PaymentService.java:54)
03-Oct-2026 20:31:18.999 WARNING [http-nio-8080-exec-3] com.example.shop.service.PaymentService.charge Payment gateway slow response: 3525 ms (threshold 1500 ms)
03-Oct-2026 20:31:19.553 INFO [http-nio-8080-exec-10] com.example.shop.web.OrderController.create Order created id=11075 customer=c-2723 total=108.34
03-Oct-2026 20:31:19.611 INFO [http-nio-8080-exec-1] com.example.shop.web.OrderController.create Order created id=11076 customer=c-3496 total=214.23
03-Oct-2026 20:31:21.103 INFO [http-nio-8080-exec-1] com.example.shop.web.OrderController.create Order created id=11085 customer=c-4222 total=43.94
03-Oct-2026 20:31:21.999 INFO [http-nio-8080-exec-1] com.example.shop.web.OrderController.create Order created id=11089 customer=c-3524 total=225.74
03-Oct-2026 20:31:22.260 WARNING [http-nio-8080-exec-5] com.example.shop.service.PaymentService.charge Payment gateway slow response: 2579 ms (threshold 1500 ms)
03-Oct-2026 20:31:22.589 INFO [http-nio-8080-exec-4] com.example.shop.web.OrderController.create Order created id=11099 customer=c-1400 total=8.62
03-Oct-2026 20:31:22.730 INFO [http-nio-8080-exec-4] com.example.shop.web.OrderController.create Order created id=11100 customer=c-2948 total=181.26
03-Oct-2026 20:31:23.253 INFO [http-nio-8080-exec-6] com.example.shop.web.OrderController.create Order created id=11103 customer=c-1383 total=176.80
03-Oct-2026 20:31:23.721 INFO [http-nio-8080-exec-1] com.example.shop.web.OrderController.create Order created id=11106 customer=c-4338 total=177.38
03-Oct-2026 20:31:23.783 INFO [http-nio-8080-exec-5] com.example.shop.web.OrderController.create Order created id=11107 customer=c-2582 total=27.21
03-Oct-2026 20:31:23.999 INFO [Catalina-utility-1] org.apache.catalina.core.StandardContext.reload Reloading Context with name [/shop] has started
03-Oct-2026 20:31:24.521 INFO [http-nio-8080-exec-1] com.example.shop.web.OrderController.create Order created id=11111 customer=c-3853 total=3.40
03-Oct-2026 20:31:24.999 SEVERE [http-nio-8080-exec-8] com.example.shop.service.PaymentService.charge Payment failed for order 11113
	java.net.SocketTimeoutException: Read timed out
		at java.base/sun.nio.ch.NioSocketImpl.timedRead(NioSocketImpl.java:278)
		at com.example.shop.client.GatewayClient.post(GatewayClient.java:88)
		at com.example.shop.service.PaymentService.charge(PaymentService.java:54)
03-Oct-2026 20:31:24.999 WARNING [http-nio-8080-exec-2] com.example.shop.service.PaymentService.charge Payment gateway slow response: 3790 ms (threshold 1500 ms)
03-Oct-2026 20:31:25.551 INFO [http-nio-8080-exec-5] com.example.shop.web.OrderController.create Order created id=11119 customer=c-4805 total=109.88
03-Oct-2026 20:31:25.999 INFO [http-nio-8080-exec-5] com.example.shop.web.OrderController.create Order created id=11124 customer=c-2172 total=7.82
03-Oct-2026 20:31:26.774 INFO [http-nio-8080-exec-2] com.example.shop.web.OrderController.create Order created id=11129 customer=c-3479 total=92.09
03-Oct-2026 20:31:26.999 INFO [Catalina-utility-2] org.apache.catalina.core.StandardContext.reload Reloading Context with name [/shop] has started
03-Oct-2026 20:31:26.999 WARNING [http-nio-8080-exec-5] com.example.shop.service.PaymentService.charge Payment gateway slow response: 3472 ms (threshold 1500 ms)
03-Oct-2026 20:31:27.370 INFO [http-nio-8080-exec-9] com.example.shop.web.OrderController.create Order created id=11135 customer=c-3429 total=250.00
03-Oct-2026 20:31:27.746 INFO [http-nio-8080-exec-6] com.example.shop.web.OrderController.create Order created id=11136 customer=c-1208 total=273.30
03-Oct-2026 20:31:27.999 INFO [http-nio-8080-exec-10] com.example.shop.web.OrderController.create Order created id=11138 customer=c-4860 total=133.47
03-Oct-2026 20:31:28.221 INFO [http-nio-8080-exec-9] com.example.shop.web.OrderController.create Order created id=11139 customer=c-2966 total=172.12
03-Oct-2026 20:31:28.674 INFO [http-nio-8080-exec-9] com.example.shop.web.OrderController.create Order created id=11142 customer=c-1567 total=24.88
03-Oct-2026 20:31:28.999 INFO [http-nio-8080-exec-10] com.example.shop.web.OrderController.create Order created id=11144 customer=c-2390 total=193.34
03-Oct-2026 20:31:29.088 INFO [Catalina-utility-2] org.apache.catalina.core.StandardContext.reload Reloading Context with name [/shop] has started
03-Oct-2026 20:31:29.496 WARNING [http-nio-8080-exec-2] com.example.shop.service.PaymentService.charge Payment gateway slow response: 2696 ms (threshold 1500 ms)
03-Oct-2026 20:31:29.999 INFO [http-nio-8080-exec-10] com.example.shop.web.OrderController.create Order created id=11148 customer=c-4977 total=39.91
03-Oct-2026 20:31:30.542 INFO [http-nio-8080-exec-10] com.example.shop.web.OrderController.create Order created id=11151 customer=c-2709 total=57.66
03-Oct-2026 20:31:30.920 INFO [http-nio-8080-exec-5] com.example.shop.web.OrderController.create Order created id=11153 customer=c-4545 total=224.70
03-Oct-2026 20:31:31.334 WARNING [http-nio-8080-exec-4] com.example.shop.service.PaymentService.charge Payment gateway slow response: 2800 ms (threshold 1500 ms)
03-Oct-2026 20:31:31.404 INFO [http-nio-8080-exec-5] com.example.shop.web.OrderController.create Order created id=11158 customer=c-1912 total=210.54
03-Oct-2026 20:31:31.482 INFO [http-nio-8080-exec-6] com.example.shop.web.OrderController.create Order created id=11159 customer=c-2951 total=206.16
03-Oct-2026 20:31:31.645 INFO [http-nio-8080-exec-3] com.example.shop.web.OrderController.create Order created id=11161 customer=c-2281 total=60.72
03-Oct-2026 20:31:31.720 INFO [http-nio-8080-exec-6] com.example.shop.web.OrderController.create Order created id=11162 customer=c-3123 total=225.91
03-Oct-2026 20:31:31.999 INFO [http-nio-8080-exec-4] com.example.shop.web.OrderController.create Order created id=11164 customer=c-4441 total=161.11
03-Oct-2026 20:31:32.462 INFO [http-nio-8080-exec-6] com.example.shop.web.OrderController.create Order created id=11170 customer=c-2185 total=92.01
03-Oct-2026 20:31:32.999 INFO [http-nio-8080-exec-2] com.example.shop.web.OrderController.create Order created id=11173 customer=c-3780 total=146.93
03-Oct-2026 20:31:33.207 SEVERE [http-nio-8080-exec-10] com.example.shop.service.PaymentService.charge Payment failed for order 11174
	java.net.SocketTimeoutException: Read timed out
		at java.base/sun.nio.ch.NioSocketImpl.timedRead(NioSocketImpl.java:278)
		at com.example.shop.client.GatewayClient.post(GatewayClient.java:88)
		at com.example.shop.service.PaymentService.charge(PaymentService.java:54)
03-Oct-2026 20:31:33.999 INFO [http-nio-8080-exec-1] com.example.shop.web.OrderController.create Order created id=11181 customer=c-1557 total=123.57
03-Oct-2026 20:31:34.629 WARNING [http-nio-8080-exec-10] com.example.shop.service.PaymentService.charge Payment gateway slow response: 2311 ms (threshold 1500 ms)
03-Oct-2026 20:31:34.828 INFO [http-nio-8080-exec-4] com.example.shop.web.OrderController.create Order created id=11185 customer=c-1331 total=101.91
03-Oct-2026 20:31:34.947 SEVERE [http-nio-8080-exec-9] com.example.shop.service.PaymentService.charge Payment failed for order 11186
	java.net.SocketTimeoutException: Read timed out
		at java.base/sun.nio.ch.NioSocketImpl.timedRead(NioSocketImpl.java:278)
		at com.example.shop.client.GatewayClient.post(GatewayClient.java:88)
		at com.example.shop.service.PaymentService.charge(PaymentService.java:54)
03-Oct-2026 20:31:35.055 INFO [http-nio-8080-exec-7] com.example.shop.web.OrderController.create Order created id=11189 customer=c-2979 total=203.22
03-Oct-2026 20:31:35.148 INFO [Catalina-utility-1] org.apache.catalina.core.StandardContext.reload Reloading Context with name [/shop] has started
03-Oct-2026 20:31:35.158 INFO [http-nio-8080-exec-4] com.example.shop.web.OrderController.create Order created id=11191 customer=c-3040 total=214.79
03-Oct-2026 20:31:35.247 INFO [http-nio-8080-exec-1] com.example.shop.web.OrderController.create Order created id=11192 customer=c-2372 total=147.44
03-Oct-2026 20:31:35.293 SEVERE [http-nio-8080-exec-5] com.example.shop.service.PaymentService.charge Payment failed for order 11193
	java.net.SocketTimeoutException: Read timed out
		at java.base/sun.nio.ch.NioSocketImpl.timedRead(NioSocketImpl.java:278)
		at com.example.shop.client.GatewayClient.post(GatewayClient.java:88)
		at com.example.shop.service.PaymentService.charge(PaymentService.java:54)
03-Oct-2026 20:31:35.381 INFO [http-nio-8080-exec-2] com.example.shop.web.OrderController.create Order created id=11194 customer=c-3600 total=268.21
03-Oct-2026 20:31:35.470 INFO [http-nio-8080-exec-4] com.example.shop.web.OrderController.create Order created id=11195 customer=c-1940 total=34.44
03-Oct-2026 20:31:35.931 INFO [http-nio-8080-exec-10] com.example.shop.web.OrderController.create Order created id=11199 customer=c-1133 total=159.78
03-Oct-2026 20:31:36.211 INFO [http-nio-8080-exec-6] com.example.shop.web.OrderController.create Order created id=11201 customer=c-2856 total=26.41
03-Oct-2026 20:31:36.999 WARNING [http-nio-8080-exec-6] com.example.shop.service.PaymentService.charge Payment gateway slow response: 1513 ms (threshold 1500 ms)
03-Oct-2026 20:31:36.999 INFO [http-nio-8080-exec-9] com.example.shop.web.OrderController.create Order created id=11211 customer=c-2285 total=268.40
03-Oct-2026 20:31:38.249 WARNING [http-nio-8080-exec-4] com.example.shop.service.PaymentService.charge Payment gateway slow response: 2717 ms (threshold 1500 ms)
03-Oct-2026 20:31:38.550 WARNING [http-nio-8080-exec-4] com.example.shop.service.PaymentService.charge Payment gateway slow response: 1817 ms (threshold 1500 ms)
03-Oct-2026 20:31:38.999 INFO [http-nio-8080-exec-6] com.example.shop.web.OrderController.create Order created id=11221 customer=c-1347 total=95.58
03-Oct-2026 20:31:38.999 INFO [Catalina-utility-2] org.apache.catalina.core.StandardContext.reload Reloading Context with name [/shop] has started
03-Oct-2026 20:31:39.999 INFO [http-nio-8080-exec-3] com.example.shop.web.OrderController.create Order created id=11228 customer=c-2394 total=76.17
03-Oct-2026 20:31:39.999 INFO [http-nio-8080-exec-1] com.example.shop.web.OrderController.create Order created id=11229 customer=c-1686 total=0.47
03-Oct-2026 20:31:40.090 INFO [http-nio-8080-exec-1] com.example.shop.web.OrderController.create Order created id=11231 customer=c-2535 total=181.62
03-Oct-2026 20:31:40.136 INFO [Catalina-utility-1] org.apache.catalina.core.StandardContext.reload Reloading Context with name [/shop] has started
03-Oct-2026 20:31:40.339 INFO [http-nio-8080-exec-1] com.example.shop.web.OrderController.create Order created id=11235 customer=c-1633 total=34.63
03-Oct-2026 20:31:40.820 INFO [http-nio-8080-exec-9] com.example.shop.web.OrderController.create Order created id=11237 customer=c-1934 total=11.10
03-Oct-2026 20:31:41.375 INFO [http-nio-8080-exec-6] com.example.shop.web.OrderController.create Order created id=11240 customer=c-4317 total=150.96
03-Oct-2026 20:31:41.397 INFO [http-nio-8080-exec-2] com.example.shop.web.OrderController.create Order created id=11241 customer=c-1303 total=118.76
03-Oct-2026 20:31:41.927 INFO [Catalina-utility-1] org.apache.catalina.core.StandardContext.reload Reloading Context with name [/shop] has started
03-Oct-2026 20:31:42.203 INFO [http-nio-8080-exec-10] com.example.shop.web.OrderController.create Order created id=11246 customer=c-2032 total=152.08
03-Oct-2026 20:31:42.852 INFO [http-nio-8080-exec-10] com.example.shop.web.OrderController.create Order created id=11252 customer=c-3022 total=264.87
03-Oct-2026 20:31:42.999 INFO [http-nio-8080-exec-7] com.example.shop.web.OrderController.create Order created id=11253 customer=c-2930 total=100.71
03-Oct-2026 20:31:43.252 INFO [http-nio-8080-exec-7] com.example.shop.web.OrderController.create Order created id=11260 customer=c-3803 total=44.00
03-Oct-2026 20:31:43.362 INFO [http-nio-8080-exec-1] com.example.shop.web.OrderController.create Order created id=11261 customer=c-1153 total=27.28
03-Oct-2026 20:31:43.767 INFO [http-nio-8080-exec-10] com.example.shop.web.OrderController.create Order created id=11264 customer=c-1643 total=76.88
03-Oct-2026 20:31:43.999 WARNING [http-nio-8080-exec-10] com.example.shop.service.PaymentService.charge Payment gateway slow response: 3226 ms (threshold 1500 ms)
03-Oct-2026 20:31:44.194 INFO [http-nio-8080-exec-4] com.example.shop.web.OrderController.create Order created id=11268 customer=c-3148 total=124.65
03-Oct-2026 20:31:44.735 INFO [http-nio-8080-exec-9] com.example.shop.web.OrderController.create Order created id=11272 customer=c-2169 total=289.28
03-Oct-2026 20:31:44.801 INFO [http-nio-8080-exec-1] com.example.shop.web.OrderController.create Order created id=11273 customer=c-4851 total=219.69
03-Oct-2026 20:31:45.170 INFO [http-nio-8080-exec-5] com.example.shop.web.OrderController.create Order created id=11274 customer=c-3791 total=161.70
03-Oct-2026 20:31:45.445 SEVERE [http-nio-8080-exec-2] com.example.shop.service.PaymentService.charge Payment failed for order 11275
	java.net.SocketTimeoutException: Read timed out
		at java.base/sun.nio.ch.NioSocketImpl.timedRead(NioSocketImpl.java:278)
		at com.example.shop.client.GatewayClient.post(GatewayClient.java:88)
		at com.example.shop.service.PaymentService.charge(PaymentService.java:54)
03-Oct-2026 20:31:45.724 SEVERE [http-nio-8080-exec-9] com.example.shop.service.PaymentService.charge Payment failed for order 11277
	java.net.SocketTimeoutException: Read timed out
		at java.base/sun.nio.ch.NioSocketImpl.timedRead(NioSocketImpl.java:278)
		at com.example.shop.client.GatewayClient.post(GatewayClient.java:88)
		at com.example.shop.service.PaymentService.charge(PaymentService.java:54)
03-Oct-2026 20:31:46.205 INFO [http-nio-8080-exec-10] com.example.shop.web.OrderController.create Order created id=11282 customer=c-4261 total=8.53
03-Oct-2026 20:31:46.707 SEVERE [http-nio-8080-exec-9] com.example.shop.service.PaymentService.charge Payment failed for order 11285
	java.net.SocketTimeoutException: Read timed out
		at java.base/sun.nio.ch.NioSocketImpl.timedRead(NioSocketImpl.java:278)
		at com.example.shop.client.GatewayClient.post(GatewayClient.java:88)
		at com.example.shop.service.PaymentService.charge(PaymentService.java:54)
03-Oct-2026 20:31:46.959 INFO [http-nio-8080-exec-8] com.example.shop.web.OrderController.create Order created id=11287 customer=c-4219 total=105.54
03-Oct-2026 20:31:47.846 INFO [http-nio-8080-exec-9] com.example.shop.web.OrderController.create Order created id=11294 customer=c-1917 total=294.84
03-Oct-2026 20:31:48.999 WARNING [http-nio-8080-exec-3] com.example.shop.service.PaymentService.charge Payment gateway slow response: 2775 ms (threshold 1500 ms)
03-Oct-2026 20:31:49.077 INFO [http-nio-8080-exec-2] com.example.shop.web.OrderController.create Order created id=11301 customer=c-1779 total=53.80
03-Oct-2026 20:31:49.819 INFO [http-nio-8080-exec-10] com.example.shop.web.OrderController.create Order created id=11305 customer=c-1981 total=171.37
03-Oct-2026 20:31:49.965 INFO [http-nio-8080-exec-6] com.example.shop.web.OrderController.create Order created id=11307 customer=c-1640 total=86.97
03-Oct-2026 20:31:49.999 INFO [http-nio-8080-exec-10] com.example.shop.web.OrderController.create Order created id=11308 customer=c-1562 total=232.53
03-Oct-2026 20:31:50.234 WARNING [http-nio-8080-exec-2] com.example.shop.service.PaymentService.charge Payment gateway slow response: 2103 ms (threshold 1500 ms)
03-Oct-2026 20:31:50.312 INFO [http-nio-8080-exec-4] com.example.shop.web.OrderController.create Order created id=11313 customer=c-4899 total=102.43
03-Oct-2026 20:31:50.675 INFO [http-nio-8080-exec-3] com.example.shop.web.OrderController.create Order created id=11316 customer=c-4639 total=158.36
03-Oct-2026 20:31:50.999 SEVERE [http-nio-8080-exec-4] com.example.shop.service.PaymentService.charge Payment failed for order 11321
	java.net.SocketTimeoutException: Read timed out
		at java.base/sun.nio.ch.NioSocketImpl.timedRead(NioSocketImpl.java:278)
		at com.example.shop.client.GatewayClient.post(GatewayClient.java:88)
		at com.example.shop.service.PaymentService.charge(PaymentService.java:54)
03-Oct-2026 20:31:51.999 INFO [http-nio-8080-exec-1] com.example.shop.web.OrderController.create Order created id=11326 customer=c-2213 total=278.51
03-Oct-2026 20:31:51.999 INFO [http-nio-8080-exec-5] com.example.shop.web.OrderController.create Order created id=11327 customer=c-3762 total=119.42
03-Oct-2026 20:31:52.253 INFO [http-nio-8080-exec-6] com.example.shop.web.OrderController.create Order created id=11328 customer=c-1661 total=285.87
03-Oct-2026 20:31:52.666 SEVERE [http-nio-8080-exec-6] com.example.shop.service.PaymentService.charge Payment failed for order 11331
	java.net.SocketTimeoutException: Read timed out
		at java.base/sun.nio.ch.NioSocketImpl.timedRead(NioSocketImpl.java:278)
		at com.example.shop.client.GatewayClient.post(GatewayClient.java:88)
		at com.example.shop.service.PaymentService.charge(PaymentService.java:54)
03-Oct-2026 20:31:52.682 INFO [http-nio-8080-exec-6] com.example.shop.web.OrderController.create Order created id=11332 customer=c-2696 total=123.81
03-Oct-2026 20:31:53.079 WARNING [http-nio-8080-exec-4] com.example.shop.service.PaymentService.charge Payment gateway slow response: 1562 ms (threshold 1500 ms)
03-Oct-2026 20:31:53.182 INFO [http-nio-8080-exec-1] com.example.shop.web.OrderController.create Order created id=11335 customer=c-2485 total=139.54
03-Oct-2026 20:31:53.999 WARNING [http-nio-8080-exec-6] com.example.shop.service.PaymentService.charge Payment gateway slow response: 1586 ms (threshold 1500 ms)
03-Oct-2026 20:31:54.255 INFO [http-nio-8080-exec-3] com.example.shop.web.OrderController.create Order created id=11342 customer=c-3250 total=266.79
03-Oct-2026 20:31:54.361 INFO [http-nio-8080-exec-1] com.example.shop.web.OrderController.create Order created id=11343 customer=c-2619 total=277.57
03-Oct-2026 20:31:54.556 INFO [http-nio-8080-exec-7] com.example.shop.web.OrderController.create Order created id=11344 customer=c-4112 total=216.74
03-Oct-2026 20:31:54.940 WARNING [http-nio-8080-exec-5] com.example.shop.service.PaymentService.charge Payment gateway slow response: 2621 ms (threshold 1500 ms)
03-Oct-2026 20:31:55.288 INFO [http-nio-8080-exec-8] com.example.shop.web.OrderController.create Order created id=11352 customer=c-3690 total=156.95
03-Oct-2026 20:31:55.999 INFO [http-nio-8080-exec-10] com.example.shop.web.OrderController.create Order created id=11355 customer=c-3133 total=200.76
03-Oct-2026 20:31:56.403 INFO [http-nio-8080-exec-3] com.example.shop.web.OrderController.create Order created id=11358 customer=c-3238 total=245.58
03-Oct-2026 20:31:56.537 INFO [http-nio-8080-exec-1] com.example.shop.web.OrderController.create Order created id=11360 customer=c-3839 total=122.47
03-Oct-2026 20:31:56.999 INFO [http-nio-8080-exec-1] com.example.shop.web.OrderController.create Order created id=11363 customer=c-2587 total=212.59
03-Oct-2026 20:31:57.638 WARNING [http-nio-8080-exec-5] com.example.shop.service.PaymentService.charge Payment gateway slow response: 2991 ms (threshold 1500 ms)
03-Oct-2026 20:31:57.844 WARNING [http-nio-8080-exec-10] com.example.shop.service.PaymentService.charge Payment gateway slow response: 3459 ms (threshold 1500 ms)
03-Oct-2026 20:31:57.929 SEVERE [http-nio-8080-exec-7] com.example.shop.service.PaymentService.charge Payment failed for order 11371
	java.net.SocketTimeoutException: Read timed out
		at java.base/sun.nio.ch.NioSocketImpl.timedRead(NioSocketImpl.java:278)
		at com.example.shop.client.GatewayClient.post(GatewayClient.java:88)
		at com.example.shop.service.PaymentService.charge(PaymentService.java:54)
03-Oct-2026 20:31:57.999 INFO [http-nio-8080-exec-9] com.example.shop.web.OrderController.create Order created id=11372 customer=c-3510 total=106.83
03-Oct-2026 20:31:58.235 INFO [http-nio-8080-exec-4] com.example.shop.web.OrderController.create Order created id=11375 customer=c-1818 total=169.00
03-Oct-2026 20:31:58.441 SEVERE [http-nio-8080-exec-9] com.example.shop.service.PaymentService.charge Payment failed for order 11377
	java.net.SocketTimeoutException: Read timed out
		at java.base/sun.nio.ch.NioSocketImpl.timedRead(NioSocketImpl.java:278)
		at com.example.shop.client.GatewayClient.post(GatewayClient.java:88)
		at com.example.shop.service.PaymentService.charge(PaymentService.java:54)
03-Oct-2026 20:31:58.944 INFO [http-nio-8080-exec-1] com.example.shop.web.OrderController.create Order created id=11378 customer=c-1150 total=247.32
03-Oct-2026 20:31:59.057 INFO [http-nio-8080-exec-6] com.example.shop.web.OrderController.create Order created id=11381 customer=c-3265 total=23.83
03-Oct-2026 20:31:59.422 INFO [http-nio-8080-exec-5] com.example.shop.web.OrderController.create Order created id=11382 customer=c-4926 total=169.89
03-Oct-2026 20:31:59.720 INFO [http-nio-8080-exec-9] com.example.shop.web.OrderController.create Order created id=11383 customer=c-4717 total=287.87
03-Oct-2026 20:31:59.999 SEVERE [http-nio-8080-exec-7] com.example.shop.service.PaymentService.charge Payment failed for order 11384
	java.net.SocketTimeoutException: Read timed out
		at java.base/sun.nio.ch.NioSocketImpl.timedRead(NioSocketImpl.java:278)
		at com.example.shop.client.GatewayClient.post(GatewayClient.java:88)
		at com.example.shop.service.PaymentService.charge(PaymentService.java:54)
03-Oct-2026 20:32:00.999 INFO [Catalina-utility-1] org.apache.catalina.core.StandardContext.reload Reloading Context with name [/shop] has started
03-Oct-2026 20:32:01.338 INFO [http-nio-8080-exec-1] com.example.shop.web.OrderController.create Order created id=11392 customer=c-2118 total=77.71
03-Oct-2026 20:32:01.999 INFO [http-nio-8080-exec-2] com.example.shop.web.OrderController.create Order created id=11394 customer=c-1623 total=295.94
03-Oct-2026 20:32:02.601 WARNING [http-nio-8080-exec-2] com.example.shop.service.PaymentService.charge Payment gateway slow response: 1791 ms (threshold 1500 ms)
03-Oct-2026 20:32:03.987 INFO [http-nio-8080-exec-1] com.example.shop.web.OrderController.create Order created id=11406 customer=c-1614 total=216.12
03-Oct-2026 20:32:04.646 SEVERE [http-nio-8080-exec-1] com.example.shop.service.PaymentService.charge Payment failed for order 11411
	java.net.SocketTimeoutException: Read timed out
		at java.base/sun.nio.ch.NioSocketImpl.timedRead(NioSocketImpl.java:278)
		at com.example.shop.client.GatewayClient.post(GatewayClient.java:88)
		at com.example.shop.service.PaymentService.charge(PaymentService.java:54)
03-Oct-2026 20:32:04.689 INFO [Catalina-utility-1] org.apache.catalina.core.StandardContext.reload Reloading Context with name [/shop] has started
03-Oct-2026 20:32:05.999 INFO [http-nio-8080-exec-5] com.example.shop.web.OrderController.create Order created id=11417 customer=c-1448 total=42.74
03-Oct-2026 20:32:05.999 INFO [http-nio-8080-exec-4] com.example.shop.web.OrderController.create Order created id=11418 customer=c-4276 total=160.80
03-Oct-2026 20:32:06.478 INFO [Catalina-utility-1] org.apache.catalina.core.StandardContext.reload Reloading Context with name [/shop] has started
03-Oct-2026 20:32:06.619 INFO [http-nio-8080-exec-7] com.example.shop.web.OrderController.create Order created id=11422 customer=c-4346 total=165.29
03-Oct-2026 20:32:06.999 INFO [http-nio-8080-exec-4] com.example.shop.web.OrderController.create Order created id=11427 customer=c-2661 total=188.11
03-Oct-2026 20:32:07.255 INFO [http-nio-8080-exec-2] com.example.shop.web.OrderController.create Order created id=11431 customer=c-1746 total=225.94
03-Oct-2026 20:32:07.934 INFO [http-nio-8080-exec-4] com.example.shop.web.OrderController.create Order created id=11438 customer=c-4882 total=51.88
03-Oct-2026 20:32:07.999 WARNING [http-nio-8080-exec-7] com.example.shop.service.PaymentService.charge Payment gateway slow response: 2155 ms (threshold 1500 ms)
03-Oct-2026 20:32:07.999 INFO [http-nio-8080-exec-8] com.example.shop.web.OrderController.create Order created id=11440 customer=c-2383 total=114.21
03-Oct-2026 20:32:07.999 WARNING [http-nio-8080-exec-3] com.example.shop.service.PaymentService.charge Payment gateway slow response: 2276 ms (threshold 1500 ms)
03-Oct-2026 20:32:08.456 INFO [http-nio-8080-exec-6] com.example.shop.web.OrderController.create Order created id=11443 customer=c-2905 total=258.28
03-Oct-2026 20:32:08.938 WARNING [http-nio-8080-exec-7] com.example.shop.service.PaymentService.charge Payment gateway slow response: 1993 ms (threshold 1500 ms)
03-Oct-2026 20:32:09.295 WARNING [http-nio-8080-exec-4] com.example.shop.service.PaymentService.charge Payment gateway slow response: 3660 ms (threshold 1500 ms)
03-Oct-2026 20:32:09.743 INFO [http-nio-8080-exec-1] com.example.shop.web.OrderController.create Order created id=11451 customer=c-4587 total=143.02
03-Oct-2026 20:32:09.999 INFO [http-nio-8080-exec-7] com.example.shop.web.OrderController.create Order created id=11454 customer=c-4564 total=237.40
03-Oct-2026 20:32:10.205 INFO [http-nio-8080-exec-9] com.example.shop.web.OrderController.create Order created id=11458 customer=c-3036 total=201.92
03-Oct-2026 20:32:10.675 INFO [http-nio-8080-exec-7] com.example.shop.web.OrderController.create Order created id=11459 customer=c-2493 total=230.11
03-Oct-2026 20:32:10.768 INFO [http-nio-8080-exec-3] com.example.shop.web.OrderController.create Order created id=11461 customer=c-4664 total=184.26
03-Oct-2026 20:32:10.869 INFO [http-nio-8080-exec-10] com.example.shop.web.OrderController.create Order created id=11462 customer=c-3606 total=76.86
03-Oct-2026 20:32:10.999 INFO [http-nio-8080-exec-3] com.example.shop.web.OrderController.create Order created id=11463 customer=c-1042 total=105.11
03-Oct-2026 20:32:11.108 SEVERE [http-nio-8080-exec-2] com.example.shop.service.PaymentService.charge Payment failed for order 11464
	java.net.SocketTimeoutException: Read timed out
		at java.base/sun.nio.ch.NioSocketImpl.timedRead(NioSocketImpl.java:278)
		at com.example.shop.client.GatewayClient.post(GatewayClient.java:88)
		at com.example.shop.service.PaymentService.charge(PaymentService.java:54)
03-Oct-2026 20:32:11.129 WARNING [http-nio-8080-exec-3] com.example.shop.service.PaymentService.charge Payment gateway slow response: 2548 ms (threshold 1500 ms)
03-Oct-2026 20:32:11.583 SEVERE [http-nio-8080-exec-6] com.example.shop.service.PaymentService.charge Payment failed for order 11467
	java.net.SocketTimeoutException: Read timed out
		at java.base/sun.nio.ch.NioSocketImpl.timedRead(NioSocketImpl.java:278)
		at com.example.shop.client.GatewayClient.post(GatewayClient.java:88)
		at com.example.shop.service.PaymentService.charge(PaymentService.java:54)
03-Oct-2026 20:32:11.999 SEVERE [http-nio-8080-exec-10] com.example.shop.service.PaymentService.charge Payment failed for order 11468
	java.net.SocketTimeoutException: Read timed out
		at java.base/sun.nio.ch.NioSocketImpl.timedRead(NioSocketImpl.java:278)
		at com.example.shop.client.GatewayClient.post(GatewayClient.java:88)
		at com.example.shop.service.PaymentService.charge(PaymentService.java:54)
03-Oct-2026 20:32:12.215 INFO [http-nio-8080-exec-10] com.example.shop.web.OrderController.create Order created id=11471 customer=c-2245 total=265.09
03-Oct-2026 20:32:12.591 SEVERE [http-nio-8080-exec-4] com.example.shop.service.PaymentService.charge Payment failed for order 11474
	java.net.SocketTimeoutException: Read timed out
		at java.base/sun.nio.ch.NioSocketImpl.timedRead(NioSocketImpl.java:278)
		at com.example.shop.client.GatewayClient.post(GatewayClient.java:88)
		at com.example.shop.service.PaymentService.charge(PaymentService.java:54)
03-Oct-2026 20:32:14.262 INFO [http-nio-8080-exec-8] com.example.shop.web.OrderController.create Order created id=11484 customer=c-4255 total=277.82
03-Oct-2026 20:32:14.923 INFO [http-nio-8080-exec-2] com.example.shop.web.OrderController.create Order created id=11488 customer=c-4368 total=108.09
03-Oct-2026 20:32:14.999 INFO [http-nio-8080-exec-9] com.example.shop.web.OrderController.create Order created id=11493 customer=c-3857 total=281.05
